food_type,category,food_group,moisture_level,oil_content,storage_condition,temperature,packaging,time_since_prep_hours,remaining_consumable_hours
halwa,veg,sweet,medium,high,fridge,2.4,closed,22.5,51.43
curd,dairy,liquid,high,low,room,33.3,open,39.0,0.0
fish_curry,nonveg,curry,high,low,fridge,6.0,closed,7.9,15.67
chicken_curry,nonveg,curry,high,medium,room,31.8,open,43.2,0.0
pakora,veg,fried,low,high,room,25.4,closed,5.1,14.19
idli,veg,breakfast,medium,low,fridge,4.1,closed,12.1,28.84
roti,veg,bread,low,low,fridge,3.6,closed,2.8,67.09
roti,veg,bread,low,low,room,35.8,open,27.4,0.0
naan,veg,bread,low,medium,fridge,6.7,closed,2.7,43.19
jeera_rice,veg,rice,medium,low,fridge,2.7,closed,9.4,29.46
roti,veg,bread,low,low,fridge,7.2,open,23.9,36.07
curd,dairy,liquid,high,low,fridge,5.7,open,30.2,33.46
jeera_rice,veg,rice,medium,low,room,27.7,open,39.4,0.0
plain_rice,veg,rice,medium,low,fridge,2.3,closed,23.0,22.08
idli,veg,breakfast,medium,low,room,30.2,closed,43.1,0.0
pakora,veg,fried,low,high,room,32.3,open,12.2,1.24
pakora,veg,fried,low,high,room,27.2,closed,45.5,0.0
plain_rice,veg,rice,medium,low,room,33.4,closed,46.6,0.0
dal_tadka,veg,curry,high,low,fridge,3.3,open,22.2,7.34
chicken_curry,nonveg,curry,high,medium,fridge,3.0,open,33.5,0.0
roti,veg,bread,low,low,fridge,2.6,closed,37.1,20.84
dal_tadka,veg,curry,high,low,fridge,7.8,open,4.0,26.26
dosa,veg,breakfast,medium,low,room,30.9,open,12.5,0.0
plain_rice,veg,rice,medium,low,fridge,6.6,open,1.8,27.87
milk,dairy,liquid,high,low,room,37.7,closed,39.4,0.0
gulab_jamun,dairy,sweet,high,medium,room,29.7,open,27.5,0.0
paratha,veg,bread,low,high,fridge,7.2,closed,28.8,45.24
roti,veg,bread,low,low,room,36.4,open,18.3,0.0
roti,veg,bread,low,low,room,36.4,closed,43.8,0.0
halwa,veg,sweet,medium,high,fridge,6.3,open,35.5,22.92
pakora,veg,fried,low,high,room,28.1,open,28.4,0.0
chicken_biryani,nonveg,rice,medium,medium,fridge,3.9,open,26.6,0.0
naan,veg,bread,low,medium,room,31.7,closed,1.5,19.03
dal_tadka,veg,curry,high,low,room,25.3,closed,47.8,0.0
idli,veg,breakfast,medium,low,room,31.1,open,26.7,0.0
roti,veg,bread,low,low,fridge,4.8,closed,43.7,27.86
paneer_butter_masala,dairy,curry,high,medium,room,33.4,closed,9.1,0.0
jeera_rice,veg,rice,medium,low,room,24.5,open,2.9,7.38
samosa,veg,fried,low,high,fridge,4.9,open,0.8,45.46
veg_pulao,veg,rice,medium,medium,room,27.3,closed,11.9,0.0
naan,veg,bread,low,medium,fridge,4.3,closed,27.2,34.77
samosa,veg,fried,low,high,room,26.7,closed,30.9,0.0
pakora,veg,fried,low,high,fridge,6.6,open,10.9,27.24
jeera_rice,veg,rice,medium,low,fridge,5.6,closed,13.2,26.0
jeera_rice,veg,rice,medium,low,room,30.7,closed,38.7,0.0
pakora,veg,fried,low,high,room,31.9,open,8.2,5.8
idli,veg,breakfast,medium,low,fridge,6.1,closed,28.7,3.01
samosa,veg,fried,low,high,room,28.2,open,12.0,3.53
veg_pulao,veg,rice,medium,medium,fridge,7.6,closed,17.9,12.32
dosa,veg,breakfast,medium,low,fridge,5.3,open,43.4,0.0
chicken_biryani,nonveg,rice,medium,medium,fridge,3.6,open,46.7,0.0
gulab_jamun,dairy,sweet,high,medium,fridge,4.7,open,10.4,38.29
plain_rice,veg,rice,medium,low,fridge,4.6,open,12.6,15.26
curd,dairy,liquid,high,low,fridge,3.2,closed,4.3,56.11
pakora,veg,fried,low,high,room,30.0,open,18.0,0.0
veg_pulao,veg,rice,medium,medium,room,34.1,open,22.8,0.0
paratha,veg,bread,low,high,room,29.8,closed,30.9,0.0
curd,dairy,liquid,high,low,fridge,5.9,open,1.9,48.93
dosa,veg,breakfast,medium,low,fridge,6.7,open,39.4,0.0
idli,veg,breakfast,medium,low,fridge,5.3,closed,29.7,13.3
milk,dairy,liquid,high,low,room,33.2,open,1.0,5.73
dosa,veg,breakfast,medium,low,room,29.9,open,37.2,0.0
pakora,veg,fried,low,high,fridge,6.6,open,1.6,31.28
veg_pulao,veg,rice,medium,medium,room,31.3,open,20.7,0.0
paratha,veg,bread,low,high,fridge,7.9,open,22.8,28.84
naan,veg,bread,low,medium,room,27.2,open,4.2,8.38
naan,veg,bread,low,medium,fridge,4.3,closed,45.6,2.66
idli,veg,breakfast,medium,low,room,24.8,open,18.1,0.0
gulab_jamun,dairy,sweet,high,medium,room,27.7,open,43.5,0.0
halwa,veg,sweet,medium,high,fridge,4.3,open,12.3,47.52
chicken_biryani,nonveg,rice,medium,medium,fridge,6.1,closed,31.0,0.0
milk,dairy,liquid,high,low,room,28.8,open,7.2,1.22
pakora,veg,fried,low,high,room,37.8,closed,13.2,1.47
paneer_butter_masala,dairy,curry,high,medium,fridge,4.8,open,24.4,0.0
paneer_butter_masala,dairy,curry,high,medium,room,32.0,open,1.2,7.61
gulab_jamun,dairy,sweet,high,medium,fridge,2.7,open,4.2,69.49
roti,veg,bread,low,low,fridge,5.2,closed,9.7,60.63
gulab_jamun,dairy,sweet,high,medium,fridge,2.4,open,16.8,59.11
chicken_biryani,nonveg,rice,medium,medium,room,24.2,open,23.0,0.0
jeera_rice,veg,rice,medium,low,room,25.2,open,29.1,0.0
samosa,veg,fried,low,high,room,27.1,open,42.5,0.0
roti,veg,bread,low,low,room,32.1,open,43.1,0.0
naan,veg,bread,low,medium,fridge,3.2,open,16.1,17.66
dal_tadka,veg,curry,high,low,room,29.6,open,0.6,13.26
paratha,veg,bread,low,high,fridge,2.7,open,31.2,22.42
plain_rice,veg,rice,medium,low,room,35.7,closed,11.6,0.28
plain_rice,veg,rice,medium,low,room,32.7,open,42.9,0.0
dosa,veg,breakfast,medium,low,room,33.6,open,21.8,0.0
veg_pulao,veg,rice,medium,medium,fridge,4.6,open,34.4,0.0
dal_tadka,veg,curry,high,low,room,29.5,open,47.4,0.0
curd,dairy,liquid,high,low,room,25.3,open,39.8,0.0
naan,veg,bread,low,medium,room,36.3,closed,23.8,0.0
veg_pulao,veg,rice,medium,medium,fridge,7.4,open,10.6,17.32
fish_curry,nonveg,curry,high,low,room,35.7,closed,41.2,0.0
plain_rice,veg,rice,medium,low,room,38.0,open,28.7,0.0
halwa,veg,sweet,medium,high,room,30.0,closed,5.6,18.44
paneer_butter_masala,dairy,curry,high,medium,room,32.7,closed,38.6,0.0
jeera_rice,veg,rice,medium,low,fridge,3.7,closed,34.0,8.6
idli,veg,breakfast,medium,low,room,32.4,closed,30.7,0.0
gulab_jamun,dairy,sweet,high,medium,fridge,3.7,closed,30.6,36.16
paneer_butter_masala,dairy,curry,high,medium,room,34.5,open,39.8,0.0
fish_curry,nonveg,curry,high,low,room,26.6,open,38.4,0.0
paneer_butter_masala,dairy,curry,high,medium,fridge,7.4,open,28.1,0.0
dal_tadka,veg,curry,high,low,room,27.8,open,25.6,0.0
milk,dairy,liquid,high,low,room,32.4,closed,42.2,0.0
idli,veg,breakfast,medium,low,fridge,3.5,open,34.8,0.0
samosa,veg,fried,low,high,room,28.1,closed,41.3,0.0
dal_tadka,veg,curry,high,low,fridge,2.5,closed,10.2,33.92
gulab_jamun,dairy,sweet,high,medium,fridge,5.0,closed,15.2,39.06
roti,veg,bread,low,low,fridge,4.5,closed,34.2,10.38
curd,dairy,liquid,high,low,room,25.8,open,46.6,0.0
chicken_biryani,nonveg,rice,medium,medium,room,29.5,open,18.2,0.0
milk,dairy,liquid,high,low,room,24.6,open,34.1,0.0
halwa,veg,sweet,medium,high,fridge,6.5,open,5.0,61.14
gulab_jamun,dairy,sweet,high,medium,fridge,3.6,closed,16.9,37.02
naan,veg,bread,low,medium,fridge,3.2,open,24.9,28.47
idli,veg,breakfast,medium,low,room,36.7,closed,38.8,0.0
naan,veg,bread,low,medium,fridge,2.8,open,17.9,35.04
idli,veg,breakfast,medium,low,room,30.1,closed,41.4,0.0
halwa,veg,sweet,medium,high,room,26.0,closed,41.0,0.0
veg_pulao,veg,rice,medium,medium,room,29.2,open,2.4,6.7
paneer_butter_masala,dairy,curry,high,medium,room,33.7,open,24.9,0.0
naan,veg,bread,low,medium,fridge,5.1,open,27.7,25.71
plain_rice,veg,rice,medium,low,fridge,2.4,closed,17.6,15.38
milk,dairy,liquid,high,low,room,29.6,closed,14.9,0.0
dosa,veg,breakfast,medium,low,fridge,5.6,closed,13.2,21.76
fish_curry,nonveg,curry,high,low,room,36.8,closed,34.8,0.0
chicken_curry,nonveg,curry,high,medium,fridge,4.4,open,25.7,0.0
dal_tadka,veg,curry,high,low,fridge,4.5,open,29.6,0.0
roti,veg,bread,low,low,room,34.0,closed,5.4,12.87
chicken_curry,nonveg,curry,high,medium,room,30.1,open,19.4,0.0
chicken_biryani,nonveg,rice,medium,medium,fridge,2.0,closed,44.3,0.0
curd,dairy,liquid,high,low,fridge,6.3,open,28.7,31.09
samosa,veg,fried,low,high,fridge,5.9,closed,29.4,16.44
veg_pulao,veg,rice,medium,medium,fridge,3.2,closed,35.3,0.0
chicken_curry,nonveg,curry,high,medium,room,25.0,closed,13.6,0.0
gulab_jamun,dairy,sweet,high,medium,fridge,3.8,closed,25.0,53.83
curd,dairy,liquid,high,low,room,25.5,open,5.6,2.77
dal_tadka,veg,curry,high,low,fridge,5.5,open,46.2,0.0
halwa,veg,sweet,medium,high,fridge,4.5,open,26.0,40.07
fish_curry,nonveg,curry,high,low,room,32.5,closed,13.6,0.0
curd,dairy,liquid,high,low,room,29.7,closed,28.8,0.0
dosa,veg,breakfast,medium,low,fridge,7.6,open,13.5,12.93
paneer_butter_masala,dairy,curry,high,medium,fridge,4.3,closed,43.4,0.0
naan,veg,bread,low,medium,room,35.2,closed,15.9,0.0
gulab_jamun,dairy,sweet,high,medium,room,30.9,closed,42.6,0.0
halwa,veg,sweet,medium,high,room,32.6,closed,46.4,0.0
naan,veg,bread,low,medium,room,33.9,open,33.8,0.0
naan,veg,bread,low,medium,fridge,4.9,closed,14.6,46.39
chicken_biryani,nonveg,rice,medium,medium,fridge,4.5,closed,11.2,27.11
milk,dairy,liquid,high,low,fridge,6.4,open,39.4,11.0
paneer_butter_masala,dairy,curry,high,medium,fridge,7.7,closed,25.2,2.4
milk,dairy,liquid,high,low,fridge,4.2,open,40.4,0.0
chicken_biryani,nonveg,rice,medium,medium,room,33.2,open,35.8,0.0
naan,veg,bread,low,medium,fridge,3.2,open,8.2,46.15
samosa,veg,fried,low,high,room,30.2,open,0.5,14.37
veg_pulao,veg,rice,medium,medium,fridge,4.3,open,4.6,19.45
roti,veg,bread,low,low,room,37.9,closed,45.6,0.0
samosa,veg,fried,low,high,fridge,6.1,open,35.3,8.14
dosa,veg,breakfast,medium,low,room,26.2,open,0.1,11.43
gulab_jamun,dairy,sweet,high,medium,room,30.9,open,21.9,0.0
jeera_rice,veg,rice,medium,low,room,37.4,open,2.5,4.25
jeera_rice,veg,rice,medium,low,fridge,7.1,closed,38.5,10.27
roti,veg,bread,low,low,fridge,5.8,open,34.8,25.63
pakora,veg,fried,low,high,fridge,3.5,open,32.0,0.0
plain_rice,veg,rice,medium,low,room,25.3,closed,35.4,0.0
gulab_jamun,dairy,sweet,high,medium,room,30.4,open,1.8,15.15
chicken_curry,nonveg,curry,high,medium,room,27.9,closed,38.0,0.0
chicken_biryani,nonveg,rice,medium,medium,room,36.0,closed,39.5,0.0
halwa,veg,sweet,medium,high,fridge,6.7,closed,15.8,49.27
chicken_biryani,nonveg,rice,medium,medium,room,37.9,closed,21.1,0.0
paneer_butter_masala,dairy,curry,high,medium,room,36.3,open,30.5,0.0
roti,veg,bread,low,low,room,34.2,closed,8.1,11.09
gulab_jamun,dairy,sweet,high,medium,room,26.2,open,46.3,0.0
chicken_curry,nonveg,curry,high,medium,fridge,7.6,closed,28.0,5.7
plain_rice,veg,rice,medium,low,fridge,5.7,closed,23.2,22.24
dosa,veg,breakfast,medium,low,fridge,5.8,open,7.5,21.49
fish_curry,nonveg,curry,high,low,fridge,2.3,closed,2.1,22.97
veg_pulao,veg,rice,medium,medium,fridge,6.7,open,10.9,23.62
pakora,veg,fried,low,high,room,36.6,open,33.2,0.0
chicken_biryani,nonveg,rice,medium,medium,fridge,4.1,closed,16.3,10.37
plain_rice,veg,rice,medium,low,room,33.2,open,37.2,0.0
idli,veg,breakfast,medium,low,fridge,2.2,open,9.5,27.08
paneer_butter_masala,dairy,curry,high,medium,room,27.3,open,43.3,0.0
pakora,veg,fried,low,high,fridge,3.4,closed,4.8,40.65
samosa,veg,fried,low,high,fridge,2.3,open,7.1,39.0
plain_rice,veg,rice,medium,low,room,36.2,closed,27.1,0.0
curd,dairy,liquid,high,low,room,38.0,closed,28.3,0.0
curd,dairy,liquid,high,low,fridge,3.5,open,45.7,0.0
paratha,veg,bread,low,high,fridge,4.4,closed,13.9,48.14
jeera_rice,veg,rice,medium,low,fridge,4.5,open,2.3,28.87
idli,veg,breakfast,medium,low,room,28.2,closed,4.1,14.7
chicken_biryani,nonveg,rice,medium,medium,room,24.7,closed,1.7,11.85
curd,dairy,liquid,high,low,room,24.6,closed,44.1,0.0
veg_pulao,veg,rice,medium,medium,room,27.1,closed,9.3,3.28
pakora,veg,fried,low,high,room,30.2,open,5.7,6.51
samosa,veg,fried,low,high,room,27.7,open,25.8,0.0
halwa,veg,sweet,medium,high,fridge,3.6,closed,19.5,64.63
halwa,veg,sweet,medium,high,room,26.7,open,13.7,7.48
pakora,veg,fried,low,high,room,26.6,open,28.7,0.0
chicken_biryani,nonveg,rice,medium,medium,fridge,6.5,open,35.9,0.0
veg_pulao,veg,rice,medium,medium,fridge,2.8,closed,26.2,13.25
plain_rice,veg,rice,medium,low,room,35.2,closed,47.2,0.0
roti,veg,bread,low,low,fridge,2.3,open,13.1,48.9
dosa,veg,breakfast,medium,low,room,25.2,open,32.0,0.0
gulab_jamun,dairy,sweet,high,medium,fridge,2.6,open,44.9,26.12
fish_curry,nonveg,curry,high,low,room,28.6,open,45.5,0.0
gulab_jamun,dairy,sweet,high,medium,fridge,5.7,closed,8.4,75.86
paneer_butter_masala,dairy,curry,high,medium,fridge,5.0,open,17.8,12.64
samosa,veg,fried,low,high,fridge,3.3,closed,10.5,30.86
dal_tadka,veg,curry,high,low,fridge,7.3,open,25.3,3.86
gulab_jamun,dairy,sweet,high,medium,fridge,2.1,open,40.3,31.63
dal_tadka,veg,curry,high,low,fridge,2.2,open,0.3,39.38
gulab_jamun,dairy,sweet,high,medium,room,37.5,open,36.2,0.0
dal_tadka,veg,curry,high,low,fridge,6.2,closed,19.8,21.41
dal_tadka,veg,curry,high,low,fridge,5.3,closed,1.6,32.42
curd,dairy,liquid,high,low,room,32.3,closed,19.5,0.0
chicken_curry,nonveg,curry,high,medium,fridge,4.5,closed,21.0,7.34
curd,dairy,liquid,high,low,room,31.8,open,22.6,0.0
paratha,veg,bread,low,high,room,33.3,closed,2.0,15.98
curd,dairy,liquid,high,low,fridge,6.0,open,8.9,38.8
pakora,veg,fried,low,high,room,29.0,open,43.0,0.0
paneer_butter_masala,dairy,curry,high,medium,room,29.8,open,27.2,0.0
pakora,veg,fried,low,high,fridge,7.4,open,30.0,1.18
roti,veg,bread,low,low,room,29.7,open,27.8,0.0
naan,veg,bread,low,medium,room,24.3,open,44.2,0.0
chicken_curry,nonveg,curry,high,medium,fridge,4.8,closed,19.6,16.99
roti,veg,bread,low,low,room,25.6,open,10.1,8.62
naan,veg,bread,low,medium,fridge,4.8,open,29.4,7.03
paneer_butter_masala,dairy,curry,high,medium,fridge,4.4,closed,45.5,0.0
milk,dairy,liquid,high,low,fridge,5.0,open,22.9,27.63
jeera_rice,veg,rice,medium,low,room,33.5,open,10.9,0.0
samosa,veg,fried,low,high,room,25.8,open,32.7,0.0
milk,dairy,liquid,high,low,room,33.5,open,46.5,0.0
fish_curry,nonveg,curry,high,low,fridge,7.7,open,15.8,3.33
milk,dairy,liquid,high,low,room,29.1,closed,16.2,0.0
chicken_biryani,nonveg,rice,medium,medium,fridge,4.8,closed,30.7,0.0
fish_curry,nonveg,curry,high,low,fridge,5.4,open,9.4,10.5
chicken_biryani,nonveg,rice,medium,medium,room,36.6,closed,8.0,0.84
samosa,veg,fried,low,high,room,28.5,open,25.6,0.0
fish_curry,nonveg,curry,high,low,fridge,7.4,open,13.9,11.03
dal_tadka,veg,curry,high,low,room,36.3,open,35.3,0.0
dal_tadka,veg,curry,high,low,fridge,7.8,open,22.8,15.07
chicken_curry,nonveg,curry,high,medium,fridge,3.8,open,8.8,17.86
chicken_biryani,nonveg,rice,medium,medium,room,29.6,open,9.1,0.0
idli,veg,breakfast,medium,low,fridge,5.0,closed,47.9,0.0
fish_curry,nonveg,curry,high,low,fridge,6.7,open,5.4,18.27
dal_tadka,veg,curry,high,low,fridge,7.9,open,44.2,0.0
paneer_butter_masala,dairy,curry,high,medium,fridge,2.2,open,33.7,0.0
fish_curry,nonveg,curry,high,low,room,27.9,closed,43.2,0.0
plain_rice,veg,rice,medium,low,fridge,3.1,closed,17.3,24.56
chicken_biryani,nonveg,rice,medium,medium,fridge,7.8,open,20.7,8.99
naan,veg,bread,low,medium,room,32.7,closed,6.9,11.22
dosa,veg,breakfast,medium,low,room,31.0,open,1.5,6.97
paratha,veg,bread,low,high,fridge,4.9,open,25.3,36.7
chicken_biryani,nonveg,rice,medium,medium,room,29.0,open,6.2,2.87
jeera_rice,veg,rice,medium,low,fridge,3.6,closed,47.3,0.0
curd,dairy,liquid,high,low,fridge,5.1,open,14.3,28.67
milk,dairy,liquid,high,low,room,27.1,open,26.2,0.0
samosa,veg,fried,low,high,fridge,6.5,closed,31.1,13.63
milk,dairy,liquid,high,low,fridge,5.5,open,31.8,19.03
naan,veg,bread,low,medium,fridge,4.4,closed,37.5,25.26
pakora,veg,fried,low,high,fridge,6.4,open,17.2,10.73
dal_tadka,veg,curry,high,low,room,30.9,open,46.0,0.0
paneer_butter_masala,dairy,curry,high,medium,room,37.9,open,47.3,0.0
curd,dairy,liquid,high,low,room,37.4,closed,3.3,3.53
curd,dairy,liquid,high,low,room,31.4,closed,1.4,8.3
curd,dairy,liquid,high,low,room,33.9,open,8.3,0.0
gulab_jamun,dairy,sweet,high,medium,fridge,5.9,open,4.4,71.65
paratha,veg,bread,low,high,fridge,2.4,open,10.8,32.55
veg_pulao,veg,rice,medium,medium,fridge,6.5,open,31.0,0.0
dosa,veg,breakfast,medium,low,fridge,5.5,open,30.7,4.53
jeera_rice,veg,rice,medium,low,room,34.0,closed,6.2,5.33
paneer_butter_masala,dairy,curry,high,medium,fridge,6.2,open,15.3,15.06
plain_rice,veg,rice,medium,low,room,27.2,open,30.2,0.0
plain_rice,veg,rice,medium,low,room,31.5,open,27.6,0.0
pakora,veg,fried,low,high,room,35.9,closed,17.6,0.0
dal_tadka,veg,curry,high,low,room,26.5,closed,33.8,0.0
fish_curry,nonveg,curry,high,low,fridge,7.1,closed,17.0,11.76
plain_rice,veg,rice,medium,low,room,34.9,closed,38.6,0.0
veg_pulao,veg,rice,medium,medium,room,29.0,closed,21.4,0.0
paratha,veg,bread,low,high,room,36.1,closed,28.1,0.0
gulab_jamun,dairy,sweet,high,medium,room,34.3,closed,18.2,1.77
samosa,veg,fried,low,high,fridge,2.0,open,13.5,36.56
jeera_rice,veg,rice,medium,low,fridge,5.7,open,40.4,0.0
dosa,veg,breakfast,medium,low,fridge,6.0,closed,10.0,18.57
veg_pulao,veg,rice,medium,medium,room,35.6,closed,28.4,0.0
idli,veg,breakfast,medium,low,room,26.0,open,35.8,0.0
dal_tadka,veg,curry,high,low,fridge,2.5,closed,36.1,9.75
dal_tadka,veg,curry,high,low,fridge,2.8,closed,31.9,8.06
samosa,veg,fried,low,high,fridge,7.9,closed,46.0,2.39
milk,dairy,liquid,high,low,room,29.8,open,32.9,0.0
pakora,veg,fried,low,high,room,26.9,open,5.1,6.72
dosa,veg,breakfast,medium,low,room,28.2,closed,34.5,0.0
naan,veg,bread,low,medium,fridge,4.9,open,27.8,12.97
chicken_biryani,nonveg,rice,medium,medium,room,24.3,closed,35.6,0.0
dal_tadka,veg,curry,high,low,fridge,4.5,open,34.8,6.66
samosa,veg,fried,low,high,room,33.9,open,18.8,0.0
halwa,veg,sweet,medium,high,room,33.5,closed,38.6,0.0
fish_curry,nonveg,curry,high,low,fridge,4.7,closed,8.1,21.38
fish_curry,nonveg,curry,high,low,fridge,4.6,open,14.7,6.21
paneer_butter_masala,dairy,curry,high,medium,fridge,7.0,closed,16.6,10.29
curd,dairy,liquid,high,low,fridge,4.6,closed,4.9,47.71
idli,veg,breakfast,medium,low,fridge,4.2,open,22.9,12.75
jeera_rice,veg,rice,medium,low,room,28.2,closed,4.1,10.99
dosa,veg,breakfast,medium,low,room,37.4,closed,27.0,0.0
jeera_rice,veg,rice,medium,low,fridge,2.8,closed,39.7,4.61
samosa,veg,fried,low,high,room,24.6,open,38.1,0.0
milk,dairy,liquid,high,low,room,29.6,open,35.7,0.0
roti,veg,bread,low,low,fridge,6.5,closed,23.7,33.51
dosa,veg,breakfast,medium,low,fridge,3.8,open,37.6,0.0
plain_rice,veg,rice,medium,low,room,24.3,closed,17.2,0.0
paratha,veg,bread,low,high,fridge,7.6,open,24.3,18.05
veg_pulao,veg,rice,medium,medium,room,33.0,closed,22.9,0.0
chicken_biryani,nonveg,rice,medium,medium,fridge,7.8,open,8.5,14.63
chicken_biryani,nonveg,rice,medium,medium,room,25.3,open,13.5,0.0
paratha,veg,bread,low,high,fridge,4.3,open,38.4,12.02
chicken_biryani,nonveg,rice,medium,medium,room,25.3,closed,16.8,0.0
plain_rice,veg,rice,medium,low,fridge,6.3,open,10.9,22.23
naan,veg,bread,low,medium,fridge,4.3,open,1.8,44.8
roti,veg,bread,low,low,fridge,5.2,open,36.0,20.79
halwa,veg,sweet,medium,high,fridge,2.2,open,2.9,56.14
paneer_butter_masala,dairy,curry,high,medium,fridge,4.9,closed,40.7,0.0
dal_tadka,veg,curry,high,low,fridge,3.5,open,18.8,15.25
naan,veg,bread,low,medium,room,31.0,open,29.2,0.0
samosa,veg,fried,low,high,room,37.1,closed,0.6,12.44
jeera_rice,veg,rice,medium,low,fridge,2.8,closed,38.3,0.0
roti,veg,bread,low,low,room,31.0,open,5.7,9.42
chicken_biryani,nonveg,rice,medium,medium,room,35.8,open,26.9,0.0
veg_pulao,veg,rice,medium,medium,fridge,4.0,open,34.5,0.0
jeera_rice,veg,rice,medium,low,fridge,3.1,open,18.8,19.95
veg_pulao,veg,rice,medium,medium,room,26.4,open,22.8,0.0
curd,dairy,liquid,high,low,fridge,7.8,closed,32.0,33.17
veg_pulao,veg,rice,medium,medium,fridge,3.0,closed,13.3,14.29
chicken_biryani,nonveg,rice,medium,medium,fridge,2.3,open,43.8,0.0
gulab_jamun,dairy,sweet,high,medium,room,25.2,closed,28.4,0.0
idli,veg,breakfast,medium,low,fridge,2.5,closed,23.2,22.99
fish_curry,nonveg,curry,high,low,fridge,5.6,closed,1.9,20.05
samosa,veg,fried,low,high,room,32.9,closed,28.7,0.0
fish_curry,nonveg,curry,high,low,fridge,2.2,open,36.7,0.0
veg_pulao,veg,rice,medium,medium,fridge,4.9,closed,10.7,22.05
milk,dairy,liquid,high,low,fridge,7.8,closed,27.7,14.76
jeera_rice,veg,rice,medium,low,room,27.9,open,14.4,0.0
veg_pulao,veg,rice,medium,medium,fridge,5.7,open,7.1,27.79
plain_rice,veg,rice,medium,low,room,37.2,open,6.2,3.49
jeera_rice,veg,rice,medium,low,room,32.5,closed,9.1,3.13
roti,veg,bread,low,low,room,29.7,open,16.9,6.2
paratha,veg,bread,low,high,room,34.1,open,25.5,0.0
chicken_curry,nonveg,curry,high,medium,room,27.4,open,0.3,9.5
paneer_butter_masala,dairy,curry,high,medium,room,37.2,closed,19.5,0.0
veg_pulao,veg,rice,medium,medium,room,26.2,open,15.8,0.0
paratha,veg,bread,low,high,fridge,2.6,open,18.4,44.58
halwa,veg,sweet,medium,high,room,33.8,open,38.0,0.0
halwa,veg,sweet,medium,high,room,30.6,open,19.4,1.24
samosa,veg,fried,low,high,fridge,2.5,open,27.3,12.52
halwa,veg,sweet,medium,high,room,33.7,closed,45.3,0.0
chicken_curry,nonveg,curry,high,medium,room,34.6,closed,46.8,0.0
idli,veg,breakfast,medium,low,room,37.2,closed,24.7,0.0
naan,veg,bread,low,medium,fridge,3.6,closed,30.3,13.01
dal_tadka,veg,curry,high,low,room,31.7,closed,12.3,0.0
veg_pulao,veg,rice,medium,medium,fridge,3.5,closed,27.5,8.0
gulab_jamun,dairy,sweet,high,medium,fridge,6.8,open,13.1,41.8
curd,dairy,liquid,high,low,room,29.8,closed,43.7,0.0
fish_curry,nonveg,curry,high,low,room,25.1,closed,33.7,0.0
halwa,veg,sweet,medium,high,fridge,7.1,closed,0.1,83.12
naan,veg,bread,low,medium,room,28.7,open,27.8,0.0
dal_tadka,veg,curry,high,low,fridge,6.4,open,34.0,3.57
samosa,veg,fried,low,high,room,37.7,closed,36.1,0.0
pakora,veg,fried,low,high,room,24.8,closed,7.6,8.46
naan,veg,bread,low,medium,room,29.2,open,21.7,0.0
milk,dairy,liquid,high,low,fridge,4.4,open,16.2,21.88
paneer_butter_masala,dairy,curry,high,medium,fridge,6.3,closed,43.4,0.0
jeera_rice,veg,rice,medium,low,fridge,5.7,open,28.7,10.8
paratha,veg,bread,low,high,room,28.7,closed,22.8,2.84
chicken_biryani,nonveg,rice,medium,medium,fridge,5.9,closed,8.8,20.42
milk,dairy,liquid,high,low,fridge,7.7,closed,42.1,7.54
jeera_rice,veg,rice,medium,low,fridge,2.2,open,8.6,27.06
dal_tadka,veg,curry,high,low,room,30.0,open,35.8,0.0
milk,dairy,liquid,high,low,fridge,5.3,closed,25.9,26.4
paratha,veg,bread,low,high,fridge,5.7,open,11.2,29.52
milk,dairy,liquid,high,low,fridge,6.6,closed,1.6,41.21
idli,veg,breakfast,medium,low,fridge,5.7,closed,6.8,41.4
gulab_jamun,dairy,sweet,high,medium,fridge,7.1,closed,12.1,59.01
veg_pulao,veg,rice,medium,medium,room,24.7,open,23.1,0.0
paratha,veg,bread,low,high,room,33.7,open,16.0,0.0
chicken_biryani,nonveg,rice,medium,medium,fridge,2.5,closed,28.1,5.28
milk,dairy,liquid,high,low,room,33.3,open,1.6,3.61
gulab_jamun,dairy,sweet,high,medium,fridge,5.5,closed,30.4,46.1
halwa,veg,sweet,medium,high,fridge,5.5,open,35.9,25.81
samosa,veg,fried,low,high,fridge,4.1,open,3.4,38.34
chicken_curry,nonveg,curry,high,medium,fridge,2.1,open,20.0,0.55
pakora,veg,fried,low,high,fridge,6.0,open,31.5,5.43
fish_curry,nonveg,curry,high,low,room,24.0,closed,2.6,4.45
samosa,veg,fried,low,high,room,25.5,closed,15.5,0.9
gulab_jamun,dairy,sweet,high,medium,room,27.8,open,24.9,0.0
curd,dairy,liquid,high,low,room,36.0,closed,10.6,0.0
dosa,veg,breakfast,medium,low,room,28.2,closed,16.5,0.0
pakora,veg,fried,low,high,room,34.3,open,32.5,0.0
dosa,veg,breakfast,medium,low,room,25.7,closed,41.1,0.0
plain_rice,veg,rice,medium,low,room,30.8,open,12.4,0.0
chicken_curry,nonveg,curry,high,medium,room,33.8,open,17.8,0.0
plain_rice,veg,rice,medium,low,room,28.1,open,35.1,0.0
jeera_rice,veg,rice,medium,low,room,32.2,closed,28.1,0.0
paneer_butter_masala,dairy,curry,high,medium,room,37.5,open,45.7,0.0
idli,veg,breakfast,medium,low,room,31.6,open,5.3,3.2
dosa,veg,breakfast,medium,low,room,34.1,closed,0.1,7.02
chicken_biryani,nonveg,rice,medium,medium,fridge,3.7,open,21.2,10.25
idli,veg,breakfast,medium,low,room,24.8,open,0.5,13.67
plain_rice,veg,rice,medium,low,room,37.4,open,20.2,0.0
pakora,veg,fried,low,high,room,24.3,closed,40.4,0.0
pakora,veg,fried,low,high,room,30.1,open,24.1,0.0
chicken_biryani,nonveg,rice,medium,medium,room,33.7,closed,33.2,0.0
fish_curry,nonveg,curry,high,low,fridge,3.2,closed,33.4,0.0
jeera_rice,veg,rice,medium,low,fridge,2.1,closed,13.7,21.71
samosa,veg,fried,low,high,fridge,4.0,open,24.4,16.42
naan,veg,bread,low,medium,fridge,7.8,closed,9.1,32.17
chicken_biryani,nonveg,rice,medium,medium,fridge,5.5,closed,16.2,14.47
roti,veg,bread,low,low,fridge,3.5,open,0.3,42.18
dal_tadka,veg,curry,high,low,fridge,5.8,open,22.8,3.42
roti,veg,bread,low,low,room,29.1,closed,3.9,20.83
fish_curry,nonveg,curry,high,low,fridge,2.4,closed,23.4,0.77
paneer_butter_masala,dairy,curry,high,medium,room,35.2,open,30.1,0.0
paratha,veg,bread,low,high,fridge,3.6,open,5.3,46.67
dosa,veg,breakfast,medium,low,room,27.8,closed,43.3,0.0
gulab_jamun,dairy,sweet,high,medium,fridge,6.2,closed,48.0,34.41
roti,veg,bread,low,low,room,27.4,closed,6.7,16.54
samosa,veg,fried,low,high,fridge,4.9,closed,44.9,10.53
roti,veg,bread,low,low,fridge,6.7,closed,43.5,25.71
dosa,veg,breakfast,medium,low,fridge,7.5,closed,40.4,0.0
pakora,veg,fried,low,high,room,27.7,open,1.8,10.87
jeera_rice,veg,rice,medium,low,room,30.3,open,6.7,5.03
idli,veg,breakfast,medium,low,room,29.8,closed,24.5,0.0
gulab_jamun,dairy,sweet,high,medium,room,28.0,closed,34.9,0.0
idli,veg,breakfast,medium,low,fridge,2.6,closed,22.3,9.44
veg_pulao,veg,rice,medium,medium,room,27.8,open,28.6,0.0
paneer_butter_masala,dairy,curry,high,medium,room,27.2,open,33.3,0.0
dosa,veg,breakfast,medium,low,fridge,7.5,open,40.8,0.0
jeera_rice,veg,rice,medium,low,room,33.2,open,30.4,0.0
plain_rice,veg,rice,medium,low,fridge,7.1,closed,39.7,2.46
gulab_jamun,dairy,sweet,high,medium,fridge,6.4,open,47.4,9.48
samosa,veg,fried,low,high,room,29.7,open,29.6,0.0
plain_rice,veg,rice,medium,low,fridge,3.6,open,14.8,26.73
naan,veg,bread,low,medium,fridge,7.9,closed,13.0,50.05
fish_curry,nonveg,curry,high,low,fridge,5.4,closed,31.1,0.0
naan,veg,bread,low,medium,fridge,7.8,open,0.6,39.9
fish_curry,nonveg,curry,high,low,fridge,5.7,closed,17.0,5.87
halwa,veg,sweet,medium,high,room,24.2,open,26.7,3.1
paneer_butter_masala,dairy,curry,high,medium,room,28.7,closed,30.2,0.0
milk,dairy,liquid,high,low,fridge,6.3,closed,29.0,10.86
naan,veg,bread,low,medium,fridge,3.9,open,31.4,6.6
naan,veg,bread,low,medium,room,35.8,closed,27.2,0.0
pakora,veg,fried,low,high,room,36.4,closed,43.7,0.0
samosa,veg,fried,low,high,fridge,4.0,closed,45.4,0.0
naan,veg,bread,low,medium,fridge,6.7,closed,13.4,42.36
idli,veg,breakfast,medium,low,room,26.7,closed,45.2,0.0
idli,veg,breakfast,medium,low,fridge,7.6,open,27.7,0.0
halwa,veg,sweet,medium,high,room,30.1,closed,36.8,0.0
curd,dairy,liquid,high,low,fridge,5.7,open,28.4,31.36
gulab_jamun,dairy,sweet,high,medium,room,36.6,open,19.8,0.0
roti,veg,bread,low,low,fridge,7.7,closed,27.0,26.02
veg_pulao,veg,rice,medium,medium,room,34.2,closed,38.2,0.0
gulab_jamun,dairy,sweet,high,medium,fridge,3.0,open,6.8,50.58
naan,veg,bread,low,medium,fridge,7.9,closed,37.1,1.58
samosa,veg,fried,low,high,fridge,6.7,closed,3.5,37.37
samosa,veg,fried,low,high,fridge,4.5,closed,27.4,27.56
chicken_biryani,nonveg,rice,medium,medium,room,28.3,closed,24.0,0.0
paneer_butter_masala,dairy,curry,high,medium,fridge,3.6,open,32.2,0.0
dosa,veg,breakfast,medium,low,room,27.5,closed,20.5,0.0
gulab_jamun,dairy,sweet,high,medium,fridge,5.0,open,17.9,31.67
idli,veg,breakfast,medium,low,room,34.9,closed,29.1,0.0
curd,dairy,liquid,high,low,fridge,6.0,closed,6.5,57.19
roti,veg,bread,low,low,fridge,7.2,open,36.6,21.24
dal_tadka,veg,curry,high,low,room,33.0,closed,1.9,12.78
idli,veg,breakfast,medium,low,room,35.4,closed,39.1,0.0
pakora,veg,fried,low,high,room,34.6,open,7.5,1.82
samosa,veg,fried,low,high,fridge,3.4,closed,4.4,33.56
gulab_jamun,dairy,sweet,high,medium,fridge,5.8,closed,15.2,50.84
veg_pulao,veg,rice,medium,medium,room,29.5,closed,44.5,0.0
paratha,veg,bread,low,high,fridge,3.8,closed,4.0,47.88
idli,veg,breakfast,medium,low,fridge,3.0,closed,16.0,24.17
plain_rice,veg,rice,medium,low,room,30.5,closed,8.4,0.35
veg_pulao,veg,rice,medium,medium,room,29.0,open,17.1,0.0
roti,veg,bread,low,low,room,26.0,open,14.8,4.09
chicken_biryani,nonveg,rice,medium,medium,room,25.9,open,3.8,5.68
paratha,veg,bread,low,high,fridge,6.0,closed,43.9,25.13
dosa,veg,breakfast,medium,low,fridge,3.0,open,0.4,28.18
dosa,veg,breakfast,medium,low,room,25.8,closed,4.7,8.58
idli,veg,breakfast,medium,low,room,32.0,closed,47.8,0.0
plain_rice,veg,rice,medium,low,fridge,2.5,open,19.5,19.87
chicken_curry,nonveg,curry,high,medium,room,34.2,open,38.0,0.0
gulab_jamun,dairy,sweet,high,medium,fridge,4.9,closed,29.3,37.23
veg_pulao,veg,rice,medium,medium,fridge,4.6,closed,17.3,22.43
chicken_curry,nonveg,curry,high,medium,fridge,4.5,open,13.9,7.6
chicken_curry,nonveg,curry,high,medium,fridge,5.9,closed,16.3,8.28
jeera_rice,veg,rice,medium,low,room,26.7,closed,31.3,0.0
milk,dairy,liquid,high,low,fridge,5.7,closed,7.6,38.26
gulab_jamun,dairy,sweet,high,medium,room,24.1,open,39.3,0.0
fish_curry,nonveg,curry,high,low,fridge,2.4,closed,40.6,0.0
halwa,veg,sweet,medium,high,fridge,5.5,closed,11.7,52.2
roti,veg,bread,low,low,fridge,3.5,closed,34.2,28.57
halwa,veg,sweet,medium,high,room,36.6,closed,18.9,0.0
roti,veg,bread,low,low,fridge,3.7,open,6.2,32.51
halwa,veg,sweet,medium,high,fridge,7.2,closed,8.9,56.68
idli,veg,breakfast,medium,low,fridge,2.9,closed,21.2,15.46
veg_pulao,veg,rice,medium,medium,fridge,3.4,closed,25.7,0.0
curd,dairy,liquid,high,low,fridge,6.2,open,32.0,18.93
jeera_rice,veg,rice,medium,low,room,36.5,open,15.8,0.0
chicken_curry,nonveg,curry,high,medium,fridge,4.2,open,7.7,17.16
plain_rice,veg,rice,medium,low,fridge,2.1,closed,34.9,10.37
samosa,veg,fried,low,high,room,32.8,open,7.2,4.37
pakora,veg,fried,low,high,room,24.8,closed,24.4,0.0
curd,dairy,liquid,high,low,fridge,2.7,open,46.3,10.44
paratha,veg,bread,low,high,room,33.7,closed,42.4,0.0
milk,dairy,liquid,high,low,room,29.6,closed,6.1,0.14
paneer_butter_masala,dairy,curry,high,medium,fridge,2.0,open,26.0,0.0
plain_rice,veg,rice,medium,low,room,30.6,open,30.5,0.0
chicken_curry,nonveg,curry,high,medium,fridge,7.3,closed,34.0,0.0
plain_rice,veg,rice,medium,low,room,27.5,closed,18.0,0.0
samosa,veg,fried,low,high,fridge,3.4,open,38.3,0.31
fish_curry,nonveg,curry,high,low,room,26.3,open,4.4,1.13
chicken_biryani,nonveg,rice,medium,medium,fridge,4.7,closed,9.8,18.14
jeera_rice,veg,rice,medium,low,fridge,2.7,closed,15.8,30.5
dosa,veg,breakfast,medium,low,room,33.2,closed,28.5,0.0
chicken_biryani,nonveg,rice,medium,medium,room,31.2,closed,4.9,4.83
halwa,veg,sweet,medium,high,fridge,6.0,open,24.1,31.53
jeera_rice,veg,rice,medium,low,room,34.3,open,47.1,0.0
chicken_curry,nonveg,curry,high,medium,room,35.2,open,25.1,0.0
chicken_biryani,nonveg,rice,medium,medium,fridge,5.3,closed,42.3,0.0
paratha,veg,bread,low,high,fridge,5.2,closed,13.4,34.46
samosa,veg,fried,low,high,room,24.5,open,11.2,9.07
jeera_rice,veg,rice,medium,low,room,26.0,closed,29.0,0.0
veg_pulao,veg,rice,medium,medium,room,33.8,closed,6.2,1.76
pakora,veg,fried,low,high,fridge,5.4,closed,4.1,25.91
naan,veg,bread,low,medium,fridge,4.6,open,25.3,29.33
samosa,veg,fried,low,high,fridge,3.6,closed,44.8,1.6
chicken_curry,nonveg,curry,high,medium,fridge,6.7,closed,15.4,15.07
jeera_rice,veg,rice,medium,low,room,25.2,open,30.6,0.0
paratha,veg,bread,low,high,room,28.3,open,36.4,0.0
veg_pulao,veg,rice,medium,medium,fridge,6.1,closed,5.6,26.89
gulab_jamun,dairy,sweet,high,medium,fridge,7.4,closed,34.5,38.24
halwa,veg,sweet,medium,high,fridge,5.1,closed,9.0,44.53
samosa,veg,fried,low,high,room,34.3,closed,43.1,0.0
roti,veg,bread,low,low,fridge,7.3,closed,21.2,35.6
curd,dairy,liquid,high,low,room,30.9,open,38.9,0.0
jeera_rice,veg,rice,medium,low,room,37.3,open,32.6,0.0
gulab_jamun,dairy,sweet,high,medium,fridge,5.6,open,0.0,61.2
milk,dairy,liquid,high,low,room,29.8,closed,41.1,0.0
chicken_biryani,nonveg,rice,medium,medium,fridge,7.3,open,6.9,27.59
chicken_biryani,nonveg,rice,medium,medium,fridge,7.0,open,4.5,27.36
gulab_jamun,dairy,sweet,high,medium,fridge,4.8,closed,2.2,61.09
chicken_curry,nonveg,curry,high,medium,room,27.0,open,38.0,0.0
roti,veg,bread,low,low,fridge,3.3,closed,25.2,33.99
samosa,veg,fried,low,high,fridge,6.4,closed,5.8,48.78
idli,veg,breakfast,medium,low,fridge,6.4,open,47.0,0.0
dosa,veg,breakfast,medium,low,fridge,7.9,closed,45.9,0.0
pakora,veg,fried,low,high,room,34.5,closed,38.4,0.0
curd,dairy,liquid,high,low,room,31.1,open,28.6,0.0
roti,veg,bread,low,low,fridge,5.7,open,10.4,37.34
paratha,veg,bread,low,high,room,29.5,open,47.3,0.0
roti,veg,bread,low,low,room,28.2,closed,38.6,0.0
dal_tadka,veg,curry,high,low,fridge,2.1,open,8.2,25.55
dosa,veg,breakfast,medium,low,fridge,4.3,open,42.2,0.0
pakora,veg,fried,low,high,room,36.4,open,45.7,0.0
paratha,veg,bread,low,high,room,26.0,closed,22.6,7.43
chicken_biryani,nonveg,rice,medium,medium,fridge,2.9,open,24.1,11.43
veg_pulao,veg,rice,medium,medium,room,30.5,open,14.2,0.0
samosa,veg,fried,low,high,fridge,5.0,closed,28.6,12.05
samosa,veg,fried,low,high,fridge,7.6,closed,38.5,9.34
dal_tadka,veg,curry,high,low,room,32.0,open,11.2,0.0
fish_curry,nonveg,curry,high,low,room,26.8,closed,2.0,7.11
paneer_butter_masala,dairy,curry,high,medium,room,25.7,closed,47.0,0.0
chicken_biryani,nonveg,rice,medium,medium,room,34.7,closed,37.3,0.0
dosa,veg,breakfast,medium,low,room,27.2,open,29.8,0.0
halwa,veg,sweet,medium,high,fridge,2.1,closed,6.6,76.06
gulab_jamun,dairy,sweet,high,medium,room,36.3,open,8.9,7.22
dal_tadka,veg,curry,high,low,fridge,6.1,open,2.7,30.09
pakora,veg,fried,low,high,fridge,6.4,open,10.5,17.09
paratha,veg,bread,low,high,room,36.3,closed,45.8,0.0
fish_curry,nonveg,curry,high,low,fridge,3.0,open,20.0,2.32
plain_rice,veg,rice,medium,low,fridge,5.3,closed,30.9,9.32
milk,dairy,liquid,high,low,fridge,7.5,open,11.8,33.73
pakora,veg,fried,low,high,room,28.9,closed,47.7,0.0
dal_tadka,veg,curry,high,low,fridge,7.8,open,5.8,30.95
veg_pulao,veg,rice,medium,medium,room,28.7,closed,44.9,0.0
paratha,veg,bread,low,high,room,36.1,open,35.3,0.0
paratha,veg,bread,low,high,fridge,2.8,closed,39.8,24.59
halwa,veg,sweet,medium,high,room,27.6,closed,26.2,0.0
milk,dairy,liquid,high,low,fridge,3.6,closed,23.1,20.24
dal_tadka,veg,curry,high,low,fridge,6.3,closed,41.2,0.0
veg_pulao,veg,rice,medium,medium,fridge,4.8,open,26.4,6.44
chicken_biryani,nonveg,rice,medium,medium,room,37.3,open,33.2,0.0
pakora,veg,fried,low,high,fridge,3.4,closed,22.5,25.82
dal_tadka,veg,curry,high,low,fridge,2.5,closed,40.6,0.0
samosa,veg,fried,low,high,fridge,3.1,closed,35.9,22.49
gulab_jamun,dairy,sweet,high,medium,room,29.6,open,35.5,0.0
chicken_biryani,nonveg,rice,medium,medium,room,37.5,closed,5.4,2.3
samosa,veg,fried,low,high,room,26.9,open,28.6,0.0
fish_curry,nonveg,curry,high,low,fridge,7.7,closed,18.0,10.66
dosa,veg,breakfast,medium,low,fridge,4.0,closed,14.4,23.64
dosa,veg,breakfast,medium,low,room,24.4,open,29.5,0.0
halwa,veg,sweet,medium,high,fridge,4.7,closed,20.8,42.06
dal_tadka,veg,curry,high,low,room,36.6,open,44.5,0.0
samosa,veg,fried,low,high,room,26.8,closed,25.6,0.39
halwa,veg,sweet,medium,high,fridge,6.2,open,22.7,36.64
pakora,veg,fried,low,high,room,25.8,open,7.3,3.25
halwa,veg,sweet,medium,high,room,24.7,open,1.1,20.6
idli,veg,breakfast,medium,low,room,36.2,open,28.2,0.0
milk,dairy,liquid,high,low,fridge,4.4,closed,32.2,26.45
pakora,veg,fried,low,high,room,35.5,closed,34.2,0.0
dosa,veg,breakfast,medium,low,fridge,2.5,closed,8.9,27.97
gulab_jamun,dairy,sweet,high,medium,room,33.0,closed,32.3,0.0
plain_rice,veg,rice,medium,low,room,36.3,open,42.5,0.0
fish_curry,nonveg,curry,high,low,room,27.8,closed,1.1,5.04
fish_curry,nonveg,curry,high,low,fridge,3.3,open,23.7,0.0
curd,dairy,liquid,high,low,room,37.6,closed,0.4,8.77
dal_tadka,veg,curry,high,low,fridge,2.6,closed,9.8,38.35
fish_curry,nonveg,curry,high,low,fridge,5.9,closed,2.1,19.2
gulab_jamun,dairy,sweet,high,medium,fridge,6.9,closed,5.4,83.64
pakora,veg,fried,low,high,fridge,7.7,open,9.4,26.42
samosa,veg,fried,low,high,fridge,4.7,closed,32.4,9.8
pakora,veg,fried,low,high,room,26.3,open,47.4,0.0
paneer_butter_masala,dairy,curry,high,medium,room,34.1,open,6.8,1.87
curd,dairy,liquid,high,low,room,35.4,closed,46.1,0.0
pakora,veg,fried,low,high,fridge,6.7,closed,40.9,0.55
plain_rice,veg,rice,medium,low,room,25.6,open,32.7,0.0
dal_tadka,veg,curry,high,low,fridge,5.5,open,20.3,10.22
chicken_biryani,nonveg,rice,medium,medium,room,37.6,closed,24.8,0.0
paneer_butter_masala,dairy,curry,high,medium,fridge,6.1,closed,13.8,19.57
pakora,veg,fried,low,high,fridge,4.6,closed,35.2,0.0
veg_pulao,veg,rice,medium,medium,room,26.7,open,30.8,0.0
naan,veg,bread,low,medium,fridge,3.0,closed,28.3,20.85
pakora,veg,fried,low,high,fridge,2.4,closed,17.5,30.8
roti,veg,bread,low,low,fridge,3.3,closed,6.3,62.39
dosa,veg,breakfast,medium,low,room,34.1,closed,19.5,0.0
curd,dairy,liquid,high,low,room,25.9,closed,30.7,0.0
paneer_butter_masala,dairy,curry,high,medium,room,29.2,closed,36.6,0.0
dosa,veg,breakfast,medium,low,room,35.4,open,20.0,0.0
samosa,veg,fried,low,high,fridge,3.9,open,25.4,11.98
halwa,veg,sweet,medium,high,room,24.6,open,3.8,23.43
fish_curry,nonveg,curry,high,low,room,31.7,closed,18.5,0.0
paratha,veg,bread,low,high,fridge,3.2,closed,6.4,57.19
idli,veg,breakfast,medium,low,fridge,6.4,closed,42.2,2.2
halwa,veg,sweet,medium,high,fridge,6.6,open,43.7,6.03
veg_pulao,veg,rice,medium,medium,fridge,4.3,open,30.8,3.84
plain_rice,veg,rice,medium,low,room,32.1,open,25.0,0.0
chicken_curry,nonveg,curry,high,medium,room,35.0,closed,24.6,0.0
pakora,veg,fried,low,high,room,32.8,open,33.5,0.0
veg_pulao,veg,rice,medium,medium,room,31.7,open,37.3,0.0
pakora,veg,fried,low,high,fridge,5.6,open,19.1,15.62
idli,veg,breakfast,medium,low,room,33.9,open,39.8,0.0
naan,veg,bread,low,medium,room,36.8,open,2.8,7.61
milk,dairy,liquid,high,low,fridge,4.1,open,38.2,3.61
milk,dairy,liquid,high,low,room,36.4,closed,16.8,0.0
gulab_jamun,dairy,sweet,high,medium,room,36.8,closed,0.1,16.13
samosa,veg,fried,low,high,room,33.5,open,15.6,3.38
pakora,veg,fried,low,high,fridge,3.5,open,27.5,6.98
chicken_biryani,nonveg,rice,medium,medium,room,32.9,closed,32.8,0.0
samosa,veg,fried,low,high,room,31.6,open,18.3,0.0
dosa,veg,breakfast,medium,low,room,25.8,open,14.0,0.0
pakora,veg,fried,low,high,fridge,4.3,closed,5.5,41.08
idli,veg,breakfast,medium,low,room,25.9,closed,27.3,0.0
chicken_curry,nonveg,curry,high,medium,room,36.2,open,0.8,5.94
fish_curry,nonveg,curry,high,low,fridge,6.6,open,31.3,0.0
idli,veg,breakfast,medium,low,room,30.6,closed,37.4,0.0
fish_curry,nonveg,curry,high,low,room,27.2,open,1.5,4.4
jeera_rice,veg,rice,medium,low,fridge,7.4,open,12.7,24.77
chicken_biryani,nonveg,rice,medium,medium,fridge,4.4,closed,5.1,25.24
roti,veg,bread,low,low,room,37.6,closed,11.7,1.96
chicken_curry,nonveg,curry,high,medium,room,35.4,closed,41.2,0.0
naan,veg,bread,low,medium,fridge,6.0,open,32.1,13.89
jeera_rice,veg,rice,medium,low,room,35.5,open,35.6,0.0
curd,dairy,liquid,high,low,room,24.5,closed,22.9,0.0
chicken_curry,nonveg,curry,high,medium,fridge,7.4,closed,26.3,1.21
chicken_biryani,nonveg,rice,medium,medium,room,24.7,open,24.3,0.0
gulab_jamun,dairy,sweet,high,medium,fridge,2.0,open,35.4,31.47
gulab_jamun,dairy,sweet,high,medium,fridge,7.4,closed,41.5,18.89
jeera_rice,veg,rice,medium,low,fridge,6.3,open,13.7,28.42
samosa,veg,fried,low,high,room,32.6,closed,46.3,0.0
dosa,veg,breakfast,medium,low,fridge,6.5,closed,37.4,3.1
halwa,veg,sweet,medium,high,fridge,5.5,closed,1.6,81.69
paneer_butter_masala,dairy,curry,high,medium,fridge,2.6,open,6.6,12.91
gulab_jamun,dairy,sweet,high,medium,room,29.3,closed,36.0,0.0
chicken_biryani,nonveg,rice,medium,medium,fridge,7.6,open,46.5,0.0
paneer_butter_masala,dairy,curry,high,medium,room,24.6,closed,1.4,10.34
pakora,veg,fried,low,high,fridge,7.8,closed,44.6,0.0
paratha,veg,bread,low,high,room,36.9,open,15.0,4.02
chicken_biryani,nonveg,rice,medium,medium,fridge,4.1,open,32.0,0.0
dal_tadka,veg,curry,high,low,room,27.1,open,6.7,2.7
idli,veg,breakfast,medium,low,room,26.8,open,38.3,0.0
paneer_butter_masala,dairy,curry,high,medium,fridge,4.4,open,40.5,0.0
paratha,veg,bread,low,high,fridge,7.5,closed,6.6,57.85
dosa,veg,breakfast,medium,low,room,28.2,open,35.9,0.0
pakora,veg,fried,low,high,room,31.1,open,30.1,0.0
gulab_jamun,dairy,sweet,high,medium,fridge,7.4,closed,37.4,19.06
gulab_jamun,dairy,sweet,high,medium,room,33.2,open,4.5,10.26
naan,veg,bread,low,medium,fridge,3.3,closed,13.2,50.01
chicken_curry,nonveg,curry,high,medium,fridge,3.9,closed,16.6,12.75
chicken_curry,nonveg,curry,high,medium,room,32.1,open,40.6,0.0
roti,veg,bread,low,low,fridge,6.0,closed,22.5,42.58
dosa,veg,breakfast,medium,low,room,26.4,closed,7.2,1.55
samosa,veg,fried,low,high,fridge,7.9,closed,20.0,16.31
gulab_jamun,dairy,sweet,high,medium,room,33.1,closed,2.5,17.15
halwa,veg,sweet,medium,high,room,30.1,closed,6.4,19.94
idli,veg,breakfast,medium,low,room,34.9,open,9.7,0.0
dosa,veg,breakfast,medium,low,room,33.6,closed,44.7,0.0
pakora,veg,fried,low,high,room,31.1,closed,9.0,1.12
pakora,veg,fried,low,high,room,28.8,closed,25.2,0.0
chicken_curry,nonveg,curry,high,medium,room,34.2,open,37.5,0.0
jeera_rice,veg,rice,medium,low,fridge,7.9,closed,1.2,47.82
jeera_rice,veg,rice,medium,low,room,26.3,open,39.5,0.0
jeera_rice,veg,rice,medium,low,room,24.5,closed,6.5,6.98
paratha,veg,bread,low,high,room,34.0,open,8.9,5.96
samosa,veg,fried,low,high,fridge,3.2,open,15.3,16.63
fish_curry,nonveg,curry,high,low,fridge,2.4,closed,27.8,0.46
fish_curry,nonveg,curry,high,low,fridge,3.7,open,47.7,0.0
chicken_biryani,nonveg,rice,medium,medium,fridge,5.0,open,1.8,23.18
paneer_butter_masala,dairy,curry,high,medium,room,33.5,closed,6.7,2.44
halwa,veg,sweet,medium,high,fridge,5.4,closed,27.8,32.72
samosa,veg,fried,low,high,fridge,5.2,closed,47.4,0.0
dosa,veg,breakfast,medium,low,fridge,3.4,open,27.4,1.24
idli,veg,breakfast,medium,low,fridge,6.5,open,15.9,22.61
pakora,veg,fried,low,high,fridge,7.4,closed,4.0,31.87
chicken_curry,nonveg,curry,high,medium,room,26.8,closed,1.3,8.12
idli,veg,breakfast,medium,low,fridge,3.0,open,46.0,0.0
samosa,veg,fried,low,high,room,28.1,closed,36.4,0.0
gulab_jamun,dairy,sweet,high,medium,room,34.3,closed,41.3,0.0
curd,dairy,liquid,high,low,room,24.2,open,2.4,6.93
dal_tadka,veg,curry,high,low,room,24.8,closed,36.7,0.0
veg_pulao,veg,rice,medium,medium,fridge,7.6,closed,10.7,22.38
chicken_biryani,nonveg,rice,medium,medium,fridge,6.8,open,31.8,0.0
chicken_curry,nonveg,curry,high,medium,room,36.6,open,19.8,0.0
gulab_jamun,dairy,sweet,high,medium,room,34.1,open,39.9,0.0
milk,dairy,liquid,high,low,fridge,4.9,closed,6.9,36.57
milk,dairy,liquid,high,low,room,25.0,open,7.5,0.0
roti,veg,bread,low,low,fridge,3.7,closed,45.4,23.48
halwa,veg,sweet,medium,high,fridge,6.3,closed,25.3,51.57
dosa,veg,breakfast,medium,low,room,30.8,closed,34.6,0.0
chicken_curry,nonveg,curry,high,medium,room,27.7,open,42.8,0.0
naan,veg,bread,low,medium,fridge,2.0,open,6.4,35.54
pakora,veg,fried,low,high,fridge,3.5,closed,26.8,6.15
milk,dairy,liquid,high,low,fridge,7.1,closed,23.6,25.4
fish_curry,nonveg,curry,high,low,room,24.9,open,29.6,0.0
curd,dairy,liquid,high,low,room,34.2,closed,27.2,0.0
halwa,veg,sweet,medium,high,room,32.4,closed,29.3,0.0
milk,dairy,liquid,high,low,fridge,6.7,open,33.1,9.45
naan,veg,bread,low,medium,room,31.8,closed,35.3,0.0
paneer_butter_masala,dairy,curry,high,medium,room,26.2,closed,19.9,0.0
dosa,veg,breakfast,medium,low,fridge,6.1,open,3.3,30.69
chicken_curry,nonveg,curry,high,medium,room,29.8,open,40.3,0.0
chicken_curry,nonveg,curry,high,medium,fridge,3.5,open,42.9,0.0
chicken_biryani,nonveg,rice,medium,medium,room,36.5,open,8.2,0.0
fish_curry,nonveg,curry,high,low,fridge,5.1,open,13.3,2.82
paratha,veg,bread,low,high,fridge,6.5,open,31.5,22.07
chicken_biryani,nonveg,rice,medium,medium,fridge,7.6,open,43.8,0.0
chicken_curry,nonveg,curry,high,medium,room,35.4,open,3.7,1.62
chicken_curry,nonveg,curry,high,medium,fridge,5.7,closed,31.1,0.0
fish_curry,nonveg,curry,high,low,room,35.9,open,7.0,0.0
gulab_jamun,dairy,sweet,high,medium,room,32.5,open,5.5,16.01
chicken_biryani,nonveg,rice,medium,medium,room,26.9,closed,1.2,8.95
curd,dairy,liquid,high,low,fridge,3.8,open,9.3,38.91
naan,veg,bread,low,medium,fridge,3.6,open,13.6,32.69
naan,veg,bread,low,medium,fridge,5.4,closed,39.9,10.75
paneer_butter_masala,dairy,curry,high,medium,fridge,3.3,open,46.3,0.0
chicken_biryani,nonveg,rice,medium,medium,room,25.8,closed,14.8,0.0
idli,veg,breakfast,medium,low,room,29.3,closed,23.1,0.0
roti,veg,bread,low,low,fridge,5.1,closed,9.8,56.45
chicken_curry,nonveg,curry,high,medium,fridge,5.6,closed,19.5,15.84
fish_curry,nonveg,curry,high,low,room,29.7,open,42.1,0.0
dal_tadka,veg,curry,high,low,fridge,4.8,open,33.1,1.31
paratha,veg,bread,low,high,room,31.8,open,42.0,0.0
jeera_rice,veg,rice,medium,low,fridge,2.6,open,30.4,3.74
chicken_biryani,nonveg,rice,medium,medium,room,34.7,open,2.6,5.8
chicken_curry,nonveg,curry,high,medium,fridge,7.9,closed,37.0,0.0
jeera_rice,veg,rice,medium,low,room,32.0,closed,41.4,0.0
idli,veg,breakfast,medium,low,fridge,2.8,closed,42.1,4.42
chicken_curry,nonveg,curry,high,medium,room,33.0,closed,13.3,0.0
chicken_biryani,nonveg,rice,medium,medium,fridge,5.0,open,16.2,9.43
dosa,veg,breakfast,medium,low,room,37.8,closed,2.4,5.89
curd,dairy,liquid,high,low,fridge,4.4,closed,17.6,49.74
chicken_curry,nonveg,curry,high,medium,room,30.3,open,6.7,0.35
roti,veg,bread,low,low,fridge,7.1,closed,17.5,37.58
curd,dairy,liquid,high,low,room,27.3,open,21.0,0.0
naan,veg,bread,low,medium,room,35.0,open,14.4,3.1
paneer_butter_masala,dairy,curry,high,medium,room,32.7,closed,21.6,0.0
chicken_curry,nonveg,curry,high,medium,fridge,2.5,open,37.4,0.0
jeera_rice,veg,rice,medium,low,room,24.9,open,40.0,0.0
fish_curry,nonveg,curry,high,low,fridge,5.1,closed,22.5,3.57
halwa,veg,sweet,medium,high,fridge,7.8,closed,47.9,13.43
fish_curry,nonveg,curry,high,low,fridge,6.3,closed,25.5,0.0
samosa,veg,fried,low,high,room,32.4,closed,38.1,0.0
fish_curry,nonveg,curry,high,low,room,25.7,closed,16.7,0.0
dosa,veg,breakfast,medium,low,fridge,4.8,closed,27.6,3.83
plain_rice,veg,rice,medium,low,fridge,4.4,closed,39.5,4.12
veg_pulao,veg,rice,medium,medium,room,37.7,open,22.2,0.0
fish_curry,nonveg,curry,high,low,fridge,3.6,closed,16.2,12.07
naan,veg,bread,low,medium,fridge,7.4,open,37.8,0.0
chicken_biryani,nonveg,rice,medium,medium,room,29.0,closed,27.9,0.0
samosa,veg,fried,low,high,room,29.5,open,38.1,0.0
dal_tadka,veg,curry,high,low,room,31.5,open,23.8,0.0
roti,veg,bread,low,low,fridge,4.4,open,39.3,7.76
chicken_curry,nonveg,curry,high,medium,fridge,6.6,closed,33.0,0.0
curd,dairy,liquid,high,low,fridge,7.7,open,25.5,32.65
plain_rice,veg,rice,medium,low,room,25.4,closed,5.2,7.63
fish_curry,nonveg,curry,high,low,fridge,3.5,open,46.3,0.0
gulab_jamun,dairy,sweet,high,medium,fridge,7.3,open,11.7,58.67
curd,dairy,liquid,high,low,room,27.7,closed,35.0,0.0
curd,dairy,liquid,high,low,room,26.6,closed,32.0,0.0
chicken_curry,nonveg,curry,high,medium,room,30.9,closed,20.3,0.0
gulab_jamun,dairy,sweet,high,medium,fridge,8.0,closed,33.3,25.53
chicken_biryani,nonveg,rice,medium,medium,fridge,7.0,open,4.5,28.73
samosa,veg,fried,low,high,room,24.6,open,19.5,0.0
gulab_jamun,dairy,sweet,high,medium,room,35.7,open,34.1,0.0
paneer_butter_masala,dairy,curry,high,medium,room,32.4,open,31.5,0.0
veg_pulao,veg,rice,medium,medium,fridge,5.3,open,45.2,0.0
dal_tadka,veg,curry,high,low,room,25.4,closed,12.0,0.22
fish_curry,nonveg,curry,high,low,fridge,5.1,closed,44.2,0.0
paratha,veg,bread,low,high,fridge,3.0,open,19.6,44.59
idli,veg,breakfast,medium,low,room,35.0,open,18.7,0.0
jeera_rice,veg,rice,medium,low,room,35.4,open,32.9,0.0
chicken_curry,nonveg,curry,high,medium,room,33.6,closed,35.7,0.0
curd,dairy,liquid,high,low,room,33.3,open,2.0,5.56
pakora,veg,fried,low,high,room,35.9,closed,3.0,6.43
pakora,veg,fried,low,high,fridge,5.6,open,31.6,0.0
halwa,veg,sweet,medium,high,room,29.4,closed,0.2,23.64
plain_rice,veg,rice,medium,low,room,27.4,open,0.2,11.95
roti,veg,bread,low,low,fridge,2.6,closed,43.2,6.31
samosa,veg,fried,low,high,fridge,5.0,closed,27.3,25.98
milk,dairy,liquid,high,low,fridge,3.9,open,26.0,6.13
idli,veg,breakfast,medium,low,room,28.8,closed,47.2,0.0
dosa,veg,breakfast,medium,low,fridge,6.9,closed,9.5,17.68
gulab_jamun,dairy,sweet,high,medium,fridge,3.5,open,39.1,11.54
naan,veg,bread,low,medium,fridge,2.5,open,27.6,9.87
samosa,veg,fried,low,high,fridge,5.3,closed,12.1,34.21
naan,veg,bread,low,medium,fridge,5.1,open,39.0,12.25
fish_curry,nonveg,curry,high,low,fridge,4.4,closed,13.1,8.33
paratha,veg,bread,low,high,room,36.0,closed,37.1,0.0
dosa,veg,breakfast,medium,low,room,27.4,closed,42.9,0.0
gulab_jamun,dairy,sweet,high,medium,room,32.4,closed,42.5,0.0
paneer_butter_masala,dairy,curry,high,medium,fridge,6.8,closed,36.7,0.0
jeera_rice,veg,rice,medium,low,room,29.5,open,29.8,0.0
dosa,veg,breakfast,medium,low,room,34.8,closed,41.5,0.0
paneer_butter_masala,dairy,curry,high,medium,fridge,5.0,open,27.2,0.0
fish_curry,nonveg,curry,high,low,fridge,7.4,open,0.1,18.03
gulab_jamun,dairy,sweet,high,medium,fridge,5.0,open,22.9,45.03
curd,dairy,liquid,high,low,room,34.4,closed,9.3,1.65
veg_pulao,veg,rice,medium,medium,room,31.1,closed,44.0,0.0
halwa,veg,sweet,medium,high,fridge,6.6,open,42.1,11.7
gulab_jamun,dairy,sweet,high,medium,fridge,4.5,open,22.8,35.45
plain_rice,veg,rice,medium,low,fridge,7.2,closed,6.8,26.62
dal_tadka,veg,curry,high,low,room,32.0,closed,30.7,0.0
dosa,veg,breakfast,medium,low,room,35.7,closed,26.7,0.0
samosa,veg,fried,low,high,room,29.7,closed,17.9,7.42
paratha,veg,bread,low,high,room,24.4,closed,45.0,0.0
curd,dairy,liquid,high,low,room,28.5,closed,17.7,0.0
fish_curry,nonveg,curry,high,low,fridge,2.4,closed,13.7,13.38
pakora,veg,fried,low,high,fridge,7.9,closed,29.7,14.5
samosa,veg,fried,low,high,room,28.3,closed,29.0,0.0
naan,veg,bread,low,medium,room,37.2,open,16.2,0.0
samosa,veg,fried,low,high,fridge,7.9,open,27.5,16.25
dal_tadka,veg,curry,high,low,fridge,3.9,open,35.2,0.0
fish_curry,nonveg,curry,high,low,room,34.7,open,10.4,0.0
naan,veg,bread,low,medium,fridge,6.5,closed,5.2,39.68
jeera_rice,veg,rice,medium,low,room,37.3,open,41.9,0.0
naan,veg,bread,low,medium,fridge,6.5,open,15.8,31.87
naan,veg,bread,low,medium,fridge,7.8,open,12.4,26.03
paratha,veg,bread,low,high,fridge,5.6,closed,35.8,17.92
jeera_rice,veg,rice,medium,low,room,26.6,closed,27.6,0.0
dal_tadka,veg,curry,high,low,room,38.0,closed,44.7,0.0
chicken_biryani,nonveg,rice,medium,medium,fridge,6.0,open,22.8,1.88
dosa,veg,breakfast,medium,low,room,36.8,open,36.2,0.0
pakora,veg,fried,low,high,fridge,7.7,closed,6.0,36.73
paratha,veg,bread,low,high,fridge,6.7,closed,45.0,24.64
jeera_rice,veg,rice,medium,low,room,31.2,open,31.1,0.0
idli,veg,breakfast,medium,low,fridge,7.5,open,33.7,0.0
pakora,veg,fried,low,high,room,31.7,open,27.9,0.0
pakora,veg,fried,low,high,room,27.1,open,23.4,0.0
roti,veg,bread,low,low,fridge,6.2,open,14.3,27.97
paratha,veg,bread,low,high,fridge,3.9,open,42.6,0.0
idli,veg,breakfast,medium,low,room,24.8,closed,18.0,0.0
chicken_biryani,nonveg,rice,medium,medium,room,34.2,closed,23.0,0.0
plain_rice,veg,rice,medium,low,fridge,2.3,closed,6.1,42.21
halwa,veg,sweet,medium,high,fridge,4.0,open,37.7,15.63
dosa,veg,breakfast,medium,low,fridge,6.8,open,25.2,5.72
pakora,veg,fried,low,high,fridge,6.3,closed,17.0,22.03
dal_tadka,veg,curry,high,low,room,27.0,closed,43.7,0.0
dal_tadka,veg,curry,high,low,fridge,2.2,open,19.8,14.08
samosa,veg,fried,low,high,room,27.7,open,29.7,0.0
paratha,veg,bread,low,high,fridge,5.2,closed,14.5,41.1
paratha,veg,bread,low,high,fridge,7.7,closed,27.8,37.5
plain_rice,veg,rice,medium,low,room,33.8,closed,34.8,0.0
gulab_jamun,dairy,sweet,high,medium,fridge,3.7,open,28.9,34.89
chicken_biryani,nonveg,rice,medium,medium,room,35.6,closed,11.0,0.0
paneer_butter_masala,dairy,curry,high,medium,fridge,3.4,closed,14.5,9.03
dal_tadka,veg,curry,high,low,fridge,5.1,closed,39.8,0.0
plain_rice,veg,rice,medium,low,fridge,5.8,open,36.9,4.35
dosa,veg,breakfast,medium,low,fridge,3.2,closed,28.5,3.96
milk,dairy,liquid,high,low,room,32.4,open,0.9,4.88
dal_tadka,veg,curry,high,low,room,29.8,open,41.0,0.0
pakora,veg,fried,low,high,fridge,6.1,closed,27.3,12.97
paratha,veg,bread,low,high,fridge,5.0,open,22.4,39.34
paneer_butter_masala,dairy,curry,high,medium,room,31.9,closed,5.2,1.14
chicken_biryani,nonveg,rice,medium,medium,room,30.3,open,47.8,0.0
fish_curry,nonveg,curry,high,low,room,31.7,open,40.8,0.0
milk,dairy,liquid,high,low,room,33.5,open,28.5,0.0
chicken_biryani,nonveg,rice,medium,medium,fridge,7.2,open,37.4,0.0
milk,dairy,liquid,high,low,fridge,7.9,closed,43.7,9.3
roti,veg,bread,low,low,fridge,4.7,open,44.3,4.51
plain_rice,veg,rice,medium,low,room,25.5,closed,32.3,0.0
curd,dairy,liquid,high,low,room,38.0,closed,10.4,0.0
paratha,veg,bread,low,high,room,29.5,closed,18.7,5.8
jeera_rice,veg,rice,medium,low,fridge,7.0,open,28.3,0.0
curd,dairy,liquid,high,low,fridge,3.8,open,18.3,41.49
curd,dairy,liquid,high,low,room,26.4,open,36.1,0.0
gulab_jamun,dairy,sweet,high,medium,room,31.5,closed,17.6,2.62
chicken_curry,nonveg,curry,high,medium,fridge,6.9,closed,0.7,29.53
milk,dairy,liquid,high,low,fridge,3.2,closed,39.2,10.35
halwa,veg,sweet,medium,high,fridge,5.4,closed,47.9,23.65
halwa,veg,sweet,medium,high,room,32.7,closed,39.6,0.0
halwa,veg,sweet,medium,high,room,27.2,open,43.1,0.0
dosa,veg,breakfast,medium,low,room,33.6,open,46.5,0.0
chicken_biryani,nonveg,rice,medium,medium,fridge,7.9,open,33.3,0.0
chicken_biryani,nonveg,rice,medium,medium,room,29.3,closed,0.3,7.96
paneer_butter_masala,dairy,curry,high,medium,fridge,4.5,open,36.9,0.0
dal_tadka,veg,curry,high,low,fridge,4.0,open,7.5,29.85
gulab_jamun,dairy,sweet,high,medium,fridge,6.9,open,0.3,51.97
pakora,veg,fried,low,high,fridge,4.3,open,37.7,0.0
samosa,veg,fried,low,high,fridge,4.0,closed,36.6,7.84
fish_curry,nonveg,curry,high,low,fridge,2.1,closed,9.7,13.35
halwa,veg,sweet,medium,high,room,35.3,open,37.1,0.0
samosa,veg,fried,low,high,room,25.6,closed,3.4,14.67
jeera_rice,veg,rice,medium,low,fridge,4.4,closed,41.9,0.0
idli,veg,breakfast,medium,low,room,33.9,closed,24.1,0.0
plain_rice,veg,rice,medium,low,fridge,4.0,open,16.3,16.18
dal_tadka,veg,curry,high,low,fridge,3.8,closed,30.1,18.96
paneer_butter_masala,dairy,curry,high,medium,fridge,4.4,open,47.0,0.0
milk,dairy,liquid,high,low,room,33.5,closed,11.8,0.0
milk,dairy,liquid,high,low,fridge,2.9,closed,10.0,45.21
paneer_butter_masala,dairy,curry,high,medium,fridge,6.6,closed,39.6,0.0
halwa,veg,sweet,medium,high,room,29.6,open,6.1,12.74
gulab_jamun,dairy,sweet,high,medium,room,34.9,open,47.4,0.0
fish_curry,nonveg,curry,high,low,fridge,4.9,closed,44.1,0.0
milk,dairy,liquid,high,low,room,30.6,open,33.8,0.0
pakora,veg,fried,low,high,room,24.5,closed,44.8,0.0
idli,veg,breakfast,medium,low,fridge,2.5,closed,12.5,26.95
milk,dairy,liquid,high,low,fridge,6.8,closed,22.7,16.68
paneer_butter_masala,dairy,curry,high,medium,fridge,3.3,open,38.5,0.0
halwa,veg,sweet,medium,high,fridge,4.0,open,9.3,43.48
dal_tadka,veg,curry,high,low,fridge,5.7,closed,11.7,20.04
chicken_biryani,nonveg,rice,medium,medium,fridge,6.8,open,43.1,0.0
samosa,veg,fried,low,high,fridge,6.0,closed,43.9,11.41
chicken_biryani,nonveg,rice,medium,medium,fridge,6.1,closed,7.9,30.11
plain_rice,veg,rice,medium,low,room,25.9,closed,38.2,0.0
dal_tadka,veg,curry,high,low,fridge,7.0,closed,40.7,0.0
chicken_curry,nonveg,curry,high,medium,fridge,5.7,open,33.9,0.0
chicken_biryani,nonveg,rice,medium,medium,fridge,2.7,open,8.3,25.05
pakora,veg,fried,low,high,fridge,6.8,open,17.2,15.96
chicken_biryani,nonveg,rice,medium,medium,fridge,3.8,closed,39.8,0.0
chicken_curry,nonveg,curry,high,medium,room,37.2,closed,47.4,0.0
pakora,veg,fried,low,high,room,32.2,open,35.5,0.0
samosa,veg,fried,low,high,room,37.0,open,26.7,0.0
chicken_curry,nonveg,curry,high,medium,fridge,3.3,open,3.2,22.94
curd,dairy,liquid,high,low,room,27.5,open,15.1,0.0
halwa,veg,sweet,medium,high,fridge,3.0,open,6.3,52.11
chicken_biryani,nonveg,rice,medium,medium,room,28.7,open,7.9,3.12
fish_curry,nonveg,curry,high,low,room,34.7,open,15.4,0.0
milk,dairy,liquid,high,low,fridge,6.5,open,44.1,0.0
milk,dairy,liquid,high,low,room,24.1,closed,23.8,0.0
pakora,veg,fried,low,high,room,25.8,closed,21.8,0.0
halwa,veg,sweet,medium,high,fridge,5.6,open,24.5,23.29
milk,dairy,liquid,high,low,room,30.4,closed,37.3,0.0
milk,dairy,liquid,high,low,room,28.0,closed,47.9,0.0
halwa,veg,sweet,medium,high,fridge,3.9,closed,30.3,39.71
chicken_curry,nonveg,curry,high,medium,room,27.7,closed,15.8,0.0
curd,dairy,liquid,high,low,fridge,4.4,closed,41.3,6.25
dal_tadka,veg,curry,high,low,room,29.1,open,43.5,0.0
curd,dairy,liquid,high,low,room,30.2,closed,33.0,0.0
curd,dairy,liquid,high,low,room,26.3,closed,9.5,0.0
roti,veg,bread,low,low,fridge,4.8,closed,41.9,11.25
curd,dairy,liquid,high,low,room,25.2,closed,38.9,0.0
roti,veg,bread,low,low,room,32.9,open,42.0,0.0
paneer_butter_masala,dairy,curry,high,medium,fridge,3.3,closed,15.5,19.14
paratha,veg,bread,low,high,room,24.1,closed,34.9,0.0
idli,veg,breakfast,medium,low,fridge,6.0,closed,16.0,16.76
milk,dairy,liquid,high,low,fridge,3.7,open,14.3,17.74
plain_rice,veg,rice,medium,low,fridge,2.8,open,13.1,20.98
samosa,veg,fried,low,high,room,29.4,open,16.8,0.0
gulab_jamun,dairy,sweet,high,medium,fridge,3.3,open,1.8,64.16
halwa,veg,sweet,medium,high,fridge,7.1,closed,15.0,54.62
dal_tadka,veg,curry,high,low,room,27.4,closed,14.8,1.92
jeera_rice,veg,rice,medium,low,room,32.8,open,23.9,0.0
dosa,veg,breakfast,medium,low,room,31.6,closed,12.9,0.0
veg_pulao,veg,rice,medium,medium,fridge,7.1,closed,19.9,14.32
halwa,veg,sweet,medium,high,room,28.8,open,17.4,6.33
milk,dairy,liquid,high,low,fridge,7.2,closed,23.6,27.13
veg_pulao,veg,rice,medium,medium,room,36.0,open,23.9,0.0
paratha,veg,bread,low,high,fridge,4.1,closed,24.9,33.78
idli,veg,breakfast,medium,low,fridge,6.3,closed,16.6,30.37
paneer_butter_masala,dairy,curry,high,medium,room,32.6,closed,35.6,0.0
chicken_biryani,nonveg,rice,medium,medium,fridge,2.7,closed,35.6,4.49
pakora,veg,fried,low,high,room,30.2,closed,46.2,0.0
naan,veg,bread,low,medium,fridge,4.3,closed,41.1,17.74
jeera_rice,veg,rice,medium,low,fridge,6.1,closed,37.0,0.0
plain_rice,veg,rice,medium,low,room,34.4,closed,38.0,0.0
jeera_rice,veg,rice,medium,low,room,28.9,open,20.3,0.0
roti,veg,bread,low,low,room,32.4,open,15.3,2.85
veg_pulao,veg,rice,medium,medium,room,32.8,open,34.1,0.0
jeera_rice,veg,rice,medium,low,room,26.3,open,7.7,1.47
veg_pulao,veg,rice,medium,medium,fridge,7.9,open,20.0,11.16
plain_rice,veg,rice,medium,low,room,24.2,open,40.3,0.0
chicken_biryani,nonveg,rice,medium,medium,room,24.1,closed,29.1,0.0
dal_tadka,veg,curry,high,low,room,24.9,open,5.9,5.33
fish_curry,nonveg,curry,high,low,fridge,3.0,closed,4.6,24.49
gulab_jamun,dairy,sweet,high,medium,room,33.0,open,21.4,0.0
fish_curry,nonveg,curry,high,low,room,26.7,open,8.6,0.0
plain_rice,veg,rice,medium,low,fridge,6.4,open,40.5,0.0
roti,veg,bread,low,low,room,30.8,open,43.0,0.0
chicken_curry,nonveg,curry,high,medium,room,26.1,open,2.3,7.64
dal_tadka,veg,curry,high,low,fridge,4.5,open,21.3,15.2
pakora,veg,fried,low,high,room,29.3,closed,48.0,0.0
veg_pulao,veg,rice,medium,medium,fridge,4.8,closed,6.6,19.94
pakora,veg,fried,low,high,room,29.8,open,1.5,14.73
paratha,veg,bread,low,high,room,29.7,open,0.0,20.91
chicken_biryani,nonveg,rice,medium,medium,fridge,4.2,closed,28.6,10.17
veg_pulao,veg,rice,medium,medium,fridge,5.7,open,44.4,0.0
halwa,veg,sweet,medium,high,fridge,4.6,open,19.2,46.89
milk,dairy,liquid,high,low,fridge,5.3,open,28.2,13.78
paneer_butter_masala,dairy,curry,high,medium,room,35.7,open,23.6,0.0
dosa,veg,breakfast,medium,low,room,24.7,open,14.4,0.0
curd,dairy,liquid,high,low,room,37.7,closed,37.9,0.0
pakora,veg,fried,low,high,fridge,6.1,closed,2.4,42.38
paratha,veg,bread,low,high,fridge,3.7,closed,16.3,49.69
veg_pulao,veg,rice,medium,medium,fridge,7.3,closed,5.3,30.91
veg_pulao,veg,rice,medium,medium,room,25.7,open,24.9,0.0
idli,veg,breakfast,medium,low,fridge,2.8,closed,16.8,14.89
halwa,veg,sweet,medium,high,room,24.5,closed,13.0,16.07
paratha,veg,bread,low,high,room,32.8,open,37.4,0.0
fish_curry,nonveg,curry,high,low,fridge,3.7,open,29.2,0.0
milk,dairy,liquid,high,low,fridge,6.1,open,25.3,22.15
idli,veg,breakfast,medium,low,fridge,5.5,open,17.4,13.19
dosa,veg,breakfast,medium,low,fridge,2.6,closed,20.5,13.79
halwa,veg,sweet,medium,high,fridge,3.9,open,14.6,34.59
samosa,veg,fried,low,high,room,33.0,closed,34.5,0.0
fish_curry,nonveg,curry,high,low,room,28.0,closed,7.9,0.0
dal_tadka,veg,curry,high,low,fridge,3.0,closed,19.5,22.95
milk,dairy,liquid,high,low,room,36.3,closed,23.1,0.0
dal_tadka,veg,curry,high,low,room,27.1,open,40.6,0.0
jeera_rice,veg,rice,medium,low,fridge,7.4,closed,40.8,0.0
roti,veg,bread,low,low,room,27.5,closed,15.8,4.35
milk,dairy,liquid,high,low,room,34.8,open,2.6,4.49
naan,veg,bread,low,medium,room,29.3,open,16.0,3.62
chicken_biryani,nonveg,rice,medium,medium,room,29.3,open,27.9,0.0
chicken_biryani,nonveg,rice,medium,medium,room,36.0,open,15.5,0.0
idli,veg,breakfast,medium,low,room,28.4,closed,26.8,0.0
idli,veg,breakfast,medium,low,fridge,2.6,open,29.3,4.65
dal_tadka,veg,curry,high,low,room,34.8,open,3.6,6.51
gulab_jamun,dairy,sweet,high,medium,room,29.7,open,28.9,0.0
paratha,veg,bread,low,high,room,27.4,closed,45.3,0.0
halwa,veg,sweet,medium,high,room,36.8,open,37.2,0.0
naan,veg,bread,low,medium,fridge,7.6,open,10.4,37.16
chicken_biryani,nonveg,rice,medium,medium,room,31.5,closed,7.7,2.39
plain_rice,veg,rice,medium,low,fridge,2.5,open,5.4,20.68
paratha,veg,bread,low,high,fridge,4.8,open,46.4,0.34
dosa,veg,breakfast,medium,low,fridge,7.5,closed,41.4,0.0
dal_tadka,veg,curry,high,low,fridge,7.9,open,10.2,28.28
halwa,veg,sweet,medium,high,room,27.3,closed,37.9,0.0
paneer_butter_masala,dairy,curry,high,medium,room,36.1,open,30.9,0.0
chicken_curry,nonveg,curry,high,medium,fridge,7.5,open,20.2,0.0
dosa,veg,breakfast,medium,low,room,31.4,closed,1.1,8.93
paratha,veg,bread,low,high,room,26.6,closed,34.4,0.0
paneer_butter_masala,dairy,curry,high,medium,room,28.3,open,0.3,6.83
naan,veg,bread,low,medium,room,37.7,open,44.3,0.0
halwa,veg,sweet,medium,high,fridge,2.9,open,4.8,47.58
paratha,veg,bread,low,high,room,36.4,open,40.5,0.0
idli,veg,breakfast,medium,low,room,34.3,open,26.3,0.0
plain_rice,veg,rice,medium,low,room,34.6,closed,19.1,0.0
halwa,veg,sweet,medium,high,room,31.6,closed,21.8,2.34
veg_pulao,veg,rice,medium,medium,fridge,5.2,open,6.6,17.47
dosa,veg,breakfast,medium,low,room,37.1,open,5.5,0.67
fish_curry,nonveg,curry,high,low,fridge,5.7,open,43.5,0.0
gulab_jamun,dairy,sweet,high,medium,fridge,3.2,open,12.0,47.1
pakora,veg,fried,low,high,fridge,2.1,open,36.8,0.0
idli,veg,breakfast,medium,low,room,33.0,closed,44.4,0.0
dal_tadka,veg,curry,high,low,fridge,7.4,closed,15.5,24.49
dal_tadka,veg,curry,high,low,room,35.1,closed,13.4,0.0
naan,veg,bread,low,medium,fridge,6.7,closed,10.7,35.96
curd,dairy,liquid,high,low,room,28.9,open,7.1,1.51
chicken_biryani,nonveg,rice,medium,medium,room,32.2,open,12.8,0.0
roti,veg,bread,low,low,room,35.8,open,36.4,0.0
jeera_rice,veg,rice,medium,low,fridge,3.8,open,14.5,28.11
chicken_biryani,nonveg,rice,medium,medium,room,38.0,open,31.1,0.0
dosa,veg,breakfast,medium,low,room,34.8,closed,31.4,0.0
idli,veg,breakfast,medium,low,room,29.2,closed,3.0,14.88
dal_tadka,veg,curry,high,low,fridge,3.5,closed,11.6,26.16
paneer_butter_masala,dairy,curry,high,medium,room,25.8,closed,32.0,0.0
idli,veg,breakfast,medium,low,room,25.4,closed,11.4,3.9
veg_pulao,veg,rice,medium,medium,fridge,2.9,open,34.6,0.0
milk,dairy,liquid,high,low,fridge,7.9,open,36.9,0.0
paratha,veg,bread,low,high,fridge,4.1,open,3.7,62.08
halwa,veg,sweet,medium,high,fridge,7.4,closed,28.6,52.58
samosa,veg,fried,low,high,fridge,7.1,closed,26.7,16.39
curd,dairy,liquid,high,low,fridge,6.4,open,21.3,28.03
veg_pulao,veg,rice,medium,medium,room,31.7,open,14.8,0.0
chicken_curry,nonveg,curry,high,medium,room,25.8,open,7.0,1.31
chicken_biryani,nonveg,rice,medium,medium,fridge,2.5,open,14.6,19.01
veg_pulao,veg,rice,medium,medium,fridge,5.9,closed,44.2,0.0
roti,veg,bread,low,low,fridge,4.8,closed,17.7,27.71
roti,veg,bread,low,low,room,30.8,open,10.1,5.07
milk,dairy,liquid,high,low,fridge,2.5,closed,2.8,37.82
idli,veg,breakfast,medium,low,room,24.6,open,30.0,0.0
dosa,veg,breakfast,medium,low,fridge,6.1,open,30.6,0.0
samosa,veg,fried,low,high,fridge,2.2,closed,22.9,20.96
paneer_butter_masala,dairy,curry,high,medium,room,28.5,open,36.8,0.0
naan,veg,bread,low,medium,fridge,6.8,open,15.1,31.81
plain_rice,veg,rice,medium,low,room,32.2,closed,30.7,0.0
samosa,veg,fried,low,high,fridge,2.4,closed,39.4,4.4
paneer_butter_masala,dairy,curry,high,medium,fridge,3.8,open,7.1,19.72
roti,veg,bread,low,low,room,24.3,closed,30.0,0.0
chicken_biryani,nonveg,rice,medium,medium,room,34.0,closed,18.5,0.0
roti,veg,bread,low,low,fridge,4.9,open,5.7,54.88
fish_curry,nonveg,curry,high,low,room,37.1,open,17.6,0.0
paneer_butter_masala,dairy,curry,high,medium,fridge,5.2,closed,4.3,26.8
dal_tadka,veg,curry,high,low,room,30.2,open,16.0,0.0
paratha,veg,bread,low,high,fridge,3.2,closed,8.7,64.35
pakora,veg,fried,low,high,fridge,3.0,closed,1.7,39.88
gulab_jamun,dairy,sweet,high,medium,fridge,6.7,closed,35.5,23.69
dosa,veg,breakfast,medium,low,fridge,4.9,open,15.8,8.49
gulab_jamun,dairy,sweet,high,medium,room,32.6,open,28.9,0.0
milk,dairy,liquid,high,low,room,31.4,closed,44.7,0.0
curd,dairy,liquid,high,low,fridge,7.2,open,7.2,39.94
samosa,veg,fried,low,high,room,26.3,closed,34.6,0.0
gulab_jamun,dairy,sweet,high,medium,fridge,5.8,closed,9.8,72.35
pakora,veg,fried,low,high,room,32.4,open,18.5,0.0
curd,dairy,liquid,high,low,room,35.1,open,28.4,0.0
jeera_rice,veg,rice,medium,low,fridge,2.8,open,29.4,0.0
naan,veg,bread,low,medium,fridge,3.3,open,17.0,20.02
paneer_butter_masala,dairy,curry,high,medium,room,28.3,closed,0.9,8.67
chicken_biryani,nonveg,rice,medium,medium,fridge,5.6,open,43.6,0.0
fish_curry,nonveg,curry,high,low,fridge,7.8,closed,13.5,11.03
curd,dairy,liquid,high,low,room,27.4,closed,32.6,0.0
milk,dairy,liquid,high,low,room,35.7,open,2.1,2.06
pakora,veg,fried,low,high,fridge,5.3,closed,1.7,33.55
chicken_curry,nonveg,curry,high,medium,fridge,4.9,closed,33.9,0.0
halwa,veg,sweet,medium,high,fridge,4.8,closed,28.8,41.5
gulab_jamun,dairy,sweet,high,medium,fridge,7.6,closed,23.7,53.71
idli,veg,breakfast,medium,low,room,31.8,open,19.2,0.0
chicken_biryani,nonveg,rice,medium,medium,room,31.8,open,14.0,0.0
fish_curry,nonveg,curry,high,low,fridge,3.9,closed,22.3,4.07
fish_curry,nonveg,curry,high,low,fridge,3.0,open,30.6,0.0
halwa,veg,sweet,medium,high,room,25.8,closed,23.7,7.54
chicken_curry,nonveg,curry,high,medium,fridge,6.4,closed,5.4,26.33
pakora,veg,fried,low,high,room,33.5,closed,4.0,12.48
chicken_biryani,nonveg,rice,medium,medium,fridge,3.5,open,28.3,4.3
halwa,veg,sweet,medium,high,fridge,3.6,closed,34.8,53.83
jeera_rice,veg,rice,medium,low,fridge,2.4,closed,37.3,11.93
roti,veg,bread,low,low,room,31.3,open,2.3,17.07
samosa,veg,fried,low,high,room,33.0,open,35.3,0.0
chicken_curry,nonveg,curry,high,medium,room,25.5,closed,31.3,0.0
milk,dairy,liquid,high,low,room,27.9,open,40.5,0.0
dosa,veg,breakfast,medium,low,fridge,2.3,open,38.1,0.0
pakora,veg,fried,low,high,room,31.3,closed,2.2,10.76
milk,dairy,liquid,high,low,room,28.3,open,47.2,0.0
paratha,veg,bread,low,high,room,37.4,closed,13.6,8.31
fish_curry,nonveg,curry,high,low,room,37.7,closed,29.5,0.0
naan,veg,bread,low,medium,room,25.4,closed,3.7,16.58
chicken_biryani,nonveg,rice,medium,medium,fridge,3.3,closed,26.0,0.46
pakora,veg,fried,low,high,fridge,7.0,open,0.0,30.98
naan,veg,bread,low,medium,fridge,3.4,open,38.6,12.51
fish_curry,nonveg,curry,high,low,fridge,7.0,open,18.8,0.0
dal_tadka,veg,curry,high,low,fridge,5.0,closed,15.2,26.33
milk,dairy,liquid,high,low,fridge,3.3,open,14.7,34.75
roti,veg,bread,low,low,fridge,7.1,closed,23.6,48.11
roti,veg,bread,low,low,fridge,3.2,closed,13.8,50.43
pakora,veg,fried,low,high,room,29.1,open,16.1,0.0
curd,dairy,liquid,high,low,fridge,5.6,open,43.1,4.36
chicken_curry,nonveg,curry,high,medium,room,33.2,open,31.6,0.0
paratha,veg,bread,low,high,room,32.5,closed,36.3,0.0
naan,veg,bread,low,medium,room,31.8,closed,35.0,0.0
dal_tadka,veg,curry,high,low,room,32.2,closed,11.6,0.0
naan,veg,bread,low,medium,room,35.3,open,15.7,0.0
roti,veg,bread,low,low,fridge,2.9,open,4.4,46.76
gulab_jamun,dairy,sweet,high,medium,fridge,3.4,open,24.9,34.61
gulab_jamun,dairy,sweet,high,medium,room,29.3,open,39.7,0.0
pakora,veg,fried,low,high,fridge,6.1,closed,47.3,0.0
dal_tadka,veg,curry,high,low,room,37.8,closed,10.7,0.0
naan,veg,bread,low,medium,fridge,5.5,open,47.4,0.0
gulab_jamun,dairy,sweet,high,medium,fridge,3.9,closed,35.5,24.75
curd,dairy,liquid,high,low,room,29.8,closed,41.4,0.0
milk,dairy,liquid,high,low,fridge,3.7,open,23.4,23.52
halwa,veg,sweet,medium,high,fridge,4.5,closed,8.7,60.21
dosa,veg,breakfast,medium,low,room,37.2,closed,36.6,0.0
curd,dairy,liquid,high,low,fridge,3.7,open,37.3,21.31
roti,veg,bread,low,low,room,29.8,open,32.2,0.0
fish_curry,nonveg,curry,high,low,room,30.0,open,3.7,3.47
samosa,veg,fried,low,high,fridge,5.7,closed,28.1,27.28
halwa,veg,sweet,medium,high,fridge,2.4,closed,28.2,44.23
pakora,veg,fried,low,high,fridge,7.8,open,28.7,0.0
plain_rice,veg,rice,medium,low,room,34.8,closed,45.0,0.0
chicken_curry,nonveg,curry,high,medium,fridge,4.2,open,39.4,0.0
roti,veg,bread,low,low,fridge,5.9,open,25.6,26.49
halwa,veg,sweet,medium,high,fridge,6.2,open,41.1,30.48
pakora,veg,fried,low,high,fridge,6.5,closed,2.5,29.37
dosa,veg,breakfast,medium,low,fridge,4.7,closed,26.8,12.27
milk,dairy,liquid,high,low,room,27.8,closed,22.1,0.0
plain_rice,veg,rice,medium,low,fridge,4.9,closed,8.7,39.14
plain_rice,veg,rice,medium,low,room,29.3,closed,38.7,0.0
chicken_biryani,nonveg,rice,medium,medium,room,28.1,closed,17.7,0.0
naan,veg,bread,low,medium,fridge,3.1,open,11.2,28.48
paratha,veg,bread,low,high,fridge,2.1,open,23.1,40.86
milk,dairy,liquid,high,low,room,33.3,open,38.9,0.0
dal_tadka,veg,curry,high,low,fridge,2.2,open,10.2,27.03
fish_curry,nonveg,curry,high,low,fridge,4.8,open,44.1,0.0
veg_pulao,veg,rice,medium,medium,room,27.4,open,38.3,0.0
naan,veg,bread,low,medium,fridge,7.3,open,11.4,38.39
roti,veg,bread,low,low,fridge,6.0,closed,39.9,30.16
chicken_biryani,nonveg,rice,medium,medium,room,37.4,open,31.5,0.0
idli,veg,breakfast,medium,low,room,28.2,open,38.8,0.0
naan,veg,bread,low,medium,fridge,7.0,closed,36.2,11.26
roti,veg,bread,low,low,room,29.4,open,41.2,0.0
curd,dairy,liquid,high,low,fridge,2.1,closed,2.0,43.5
fish_curry,nonveg,curry,high,low,fridge,2.2,open,22.7,2.5
naan,veg,bread,low,medium,fridge,6.4,closed,41.7,3.86
dal_tadka,veg,curry,high,low,room,27.6,closed,3.6,11.3
paneer_butter_masala,dairy,curry,high,medium,room,36.2,closed,21.6,0.0
chicken_curry,nonveg,curry,high,medium,fridge,3.3,open,36.6,0.0
dosa,veg,breakfast,medium,low,fridge,6.2,open,41.0,0.0
roti,veg,bread,low,low,room,33.6,closed,45.0,0.0
veg_pulao,veg,rice,medium,medium,room,31.3,open,5.2,4.37
curd,dairy,liquid,high,low,fridge,3.3,closed,32.4,20.68
gulab_jamun,dairy,sweet,high,medium,fridge,7.0,open,26.0,49.8
fish_curry,nonveg,curry,high,low,fridge,7.9,closed,47.1,0.0
dal_tadka,veg,curry,high,low,room,26.1,open,24.5,0.0
halwa,veg,sweet,medium,high,fridge,6.7,closed,23.0,49.72
pakora,veg,fried,low,high,room,26.3,closed,13.8,0.0
fish_curry,nonveg,curry,high,low,room,32.5,open,11.5,0.0
gulab_jamun,dairy,sweet,high,medium,fridge,5.2,open,30.7,28.34
dosa,veg,breakfast,medium,low,room,27.2,open,6.8,3.39
halwa,veg,sweet,medium,high,room,35.1,closed,2.4,19.76
fish_curry,nonveg,curry,high,low,room,31.1,open,13.3,0.0
paneer_butter_masala,dairy,curry,high,medium,room,37.9,closed,15.2,0.0
naan,veg,bread,low,medium,fridge,6.4,open,5.3,40.1
idli,veg,breakfast,medium,low,fridge,7.1,open,32.2,5.92
gulab_jamun,dairy,sweet,high,medium,fridge,4.0,open,42.1,6.75
halwa,veg,sweet,medium,high,fridge,4.8,closed,22.4,32.74
dosa,veg,breakfast,medium,low,room,30.2,open,23.1,0.0
veg_pulao,veg,rice,medium,medium,fridge,4.8,open,26.8,7.81
milk,dairy,liquid,high,low,room,28.4,closed,39.9,0.0
chicken_curry,nonveg,curry,high,medium,fridge,2.6,open,30.5,0.0
chicken_curry,nonveg,curry,high,medium,room,27.7,closed,15.2,0.0
naan,veg,bread,low,medium,room,28.7,closed,29.3,0.0
fish_curry,nonveg,curry,high,low,room,36.1,open,30.2,0.0
jeera_rice,veg,rice,medium,low,room,25.0,open,20.0,0.0
roti,veg,bread,low,low,room,29.0,closed,10.3,7.31
roti,veg,bread,low,low,room,34.6,open,16.8,3.05
fish_curry,nonveg,curry,high,low,room,26.9,closed,12.6,0.0
veg_pulao,veg,rice,medium,medium,fridge,5.2,open,11.8,13.17
paratha,veg,bread,low,high,fridge,4.9,open,4.7,38.49
milk,dairy,liquid,high,low,fridge,2.3,closed,21.3,14.37
halwa,veg,sweet,medium,high,room,36.8,closed,27.3,0.0
naan,veg,bread,low,medium,room,24.1,closed,24.9,0.0
dosa,veg,breakfast,medium,low,room,35.8,open,18.2,0.0
fish_curry,nonveg,curry,high,low,fridge,5.4,open,2.5,16.02
idli,veg,breakfast,medium,low,room,34.1,open,13.8,0.0
idli,veg,breakfast,medium,low,room,25.7,closed,33.8,0.0
gulab_jamun,dairy,sweet,high,medium,fridge,2.3,open,4.7,49.9
plain_rice,veg,rice,medium,low,room,36.8,closed,11.7,0.0
curd,dairy,liquid,high,low,room,36.9,open,24.7,0.0
chicken_biryani,nonveg,rice,medium,medium,fridge,2.7,open,16.4,8.81
jeera_rice,veg,rice,medium,low,fridge,2.1,open,0.3,33.78
jeera_rice,veg,rice,medium,low,room,27.4,open,10.9,0.0
paratha,veg,bread,low,high,fridge,3.3,closed,28.7,24.95
roti,veg,bread,low,low,fridge,3.9,closed,25.0,32.03
curd,dairy,liquid,high,low,fridge,3.6,open,38.4,23.73
paratha,veg,bread,low,high,room,34.7,open,30.8,0.0
plain_rice,veg,rice,medium,low,fridge,2.1,closed,40.6,0.0
fish_curry,nonveg,curry,high,low,fridge,3.6,open,12.6,4.85
dosa,veg,breakfast,medium,low,fridge,6.7,closed,20.3,13.91
plain_rice,veg,rice,medium,low,room,35.3,closed,18.0,0.0
paratha,veg,bread,low,high,fridge,3.9,open,31.8,13.79
idli,veg,breakfast,medium,low,room,26.8,closed,27.2,0.0
gulab_jamun,dairy,sweet,high,medium,fridge,2.5,closed,13.1,57.52
dosa,veg,breakfast,medium,low,room,24.7,closed,43.4,0.0
paratha,veg,bread,low,high,fridge,5.1,open,16.5,34.83
dal_tadka,veg,curry,high,low,room,27.8,open,34.6,0.0
gulab_jamun,dairy,sweet,high,medium,room,30.0,open,18.0,6.74
veg_pulao,veg,rice,medium,medium,fridge,3.6,closed,12.2,28.19
paratha,veg,bread,low,high,room,35.5,open,34.5,0.0
curd,dairy,liquid,high,low,room,33.4,closed,15.3,0.0
halwa,veg,sweet,medium,high,fridge,7.3,open,44.7,16.12
idli,veg,breakfast,medium,low,room,26.7,closed,43.5,0.0
dosa,veg,breakfast,medium,low,fridge,8.0,closed,12.7,22.2
paratha,veg,bread,low,high,room,26.3,open,32.1,0.0
dosa,veg,breakfast,medium,low,fridge,6.5,open,26.7,4.89
samosa,veg,fried,low,high,room,29.0,closed,7.5,11.67
curd,dairy,liquid,high,low,room,24.6,closed,44.1,0.0
chicken_biryani,nonveg,rice,medium,medium,room,26.9,closed,36.6,0.0
roti,veg,bread,low,low,fridge,5.7,open,43.7,0.0
fish_curry,nonveg,curry,high,low,fridge,2.1,closed,13.3,8.96
chicken_biryani,nonveg,rice,medium,medium,room,25.6,open,47.6,0.0
halwa,veg,sweet,medium,high,fridge,5.0,open,11.8,44.63
dosa,veg,breakfast,medium,low,fridge,5.4,open,29.3,0.0
paratha,veg,bread,low,high,room,30.5,closed,44.4,0.0
paratha,veg,bread,low,high,room,30.8,closed,39.9,0.0
fish_curry,nonveg,curry,high,low,fridge,7.1,open,25.8,0.0
idli,veg,breakfast,medium,low,room,34.3,closed,35.2,0.0
dosa,veg,breakfast,medium,low,room,30.3,open,0.3,6.88
plain_rice,veg,rice,medium,low,fridge,6.4,open,23.1,15.6
veg_pulao,veg,rice,medium,medium,fridge,6.5,closed,8.9,24.61
dal_tadka,veg,curry,high,low,fridge,3.3,open,15.4,16.99
veg_pulao,veg,rice,medium,medium,room,27.9,open,5.5,1.88
plain_rice,veg,rice,medium,low,fridge,6.1,closed,42.6,0.0
roti,veg,bread,low,low,fridge,4.3,open,13.3,27.36
paneer_butter_masala,dairy,curry,high,medium,room,36.0,closed,1.9,3.8
idli,veg,breakfast,medium,low,fridge,6.2,closed,47.5,0.0
dal_tadka,veg,curry,high,low,fridge,3.0,open,42.2,0.0
halwa,veg,sweet,medium,high,room,28.2,open,39.6,0.0
idli,veg,breakfast,medium,low,room,35.7,closed,12.8,0.8
paratha,veg,bread,low,high,room,25.4,closed,18.1,10.08
dosa,veg,breakfast,medium,low,fridge,4.0,open,13.3,18.53
fish_curry,nonveg,curry,high,low,fridge,6.4,open,21.1,0.0
idli,veg,breakfast,medium,low,room,37.5,closed,20.8,0.0
jeera_rice,veg,rice,medium,low,room,31.3,open,12.7,0.0
gulab_jamun,dairy,sweet,high,medium,room,36.5,closed,14.4,1.56
paneer_butter_masala,dairy,curry,high,medium,fridge,3.9,closed,43.3,0.0
dosa,veg,breakfast,medium,low,room,28.3,open,6.8,2.3
curd,dairy,liquid,high,low,fridge,3.8,open,28.5,17.97
fish_curry,nonveg,curry,high,low,fridge,5.4,closed,9.4,10.55
plain_rice,veg,rice,medium,low,fridge,6.8,closed,8.6,39.08
jeera_rice,veg,rice,medium,low,room,29.9,closed,15.7,0.0
pakora,veg,fried,low,high,fridge,3.6,closed,37.5,4.93
roti,veg,bread,low,low,room,37.0,open,29.1,0.0
milk,dairy,liquid,high,low,room,26.2,open,15.3,0.0
dal_tadka,veg,curry,high,low,fridge,7.6,open,14.4,21.14
roti,veg,bread,low,low,room,31.2,closed,11.4,3.03
fish_curry,nonveg,curry,high,low,room,25.2,open,26.8,0.0
idli,veg,breakfast,medium,low,room,25.3,open,31.0,0.0
idli,veg,breakfast,medium,low,room,26.2,closed,10.9,2.52
naan,veg,bread,low,medium,fridge,4.4,closed,31.0,23.87
chicken_biryani,nonveg,rice,medium,medium,fridge,4.5,closed,33.5,0.0
chicken_curry,nonveg,curry,high,medium,fridge,7.8,closed,15.3,10.96
paneer_butter_masala,dairy,curry,high,medium,room,31.9,closed,16.2,0.0
plain_rice,veg,rice,medium,low,fridge,2.4,open,37.1,0.03
paratha,veg,bread,low,high,fridge,4.4,open,46.5,9.89
gulab_jamun,dairy,sweet,high,medium,room,33.6,closed,47.0,0.0
fish_curry,nonveg,curry,high,low,room,37.9,open,9.3,0.0
jeera_rice,veg,rice,medium,low,fridge,2.8,closed,27.0,3.08
curd,dairy,liquid,high,low,room,27.9,open,33.9,0.0
naan,veg,bread,low,medium,fridge,3.1,closed,29.3,21.24
pakora,veg,fried,low,high,fridge,7.2,open,24.2,3.52
idli,veg,breakfast,medium,low,fridge,2.2,open,8.8,29.75
gulab_jamun,dairy,sweet,high,medium,room,33.4,closed,1.1,16.6
halwa,veg,sweet,medium,high,fridge,2.6,closed,17.3,38.7
pakora,veg,fried,low,high,fridge,2.3,open,40.4,0.0
halwa,veg,sweet,medium,high,fridge,4.3,closed,9.1,72.55
paratha,veg,bread,low,high,room,33.3,closed,31.2,0.0
fish_curry,nonveg,curry,high,low,room,26.0,closed,15.6,0.0
plain_rice,veg,rice,medium,low,fridge,7.3,open,18.6,11.75
samosa,veg,fried,low,high,fridge,2.3,closed,10.7,24.87
plain_rice,veg,rice,medium,low,fridge,2.1,closed,9.9,28.52
fish_curry,nonveg,curry,high,low,room,27.2,open,45.8,0.0
gulab_jamun,dairy,sweet,high,medium,fridge,3.5,open,43.4,6.71
plain_rice,veg,rice,medium,low,room,34.3,closed,3.8,8.44
paratha,veg,bread,low,high,fridge,5.8,open,22.1,29.78
paratha,veg,bread,low,high,fridge,3.4,open,46.2,4.86
dal_tadka,veg,curry,high,low,room,27.7,closed,13.5,2.36
fish_curry,nonveg,curry,high,low,room,36.0,closed,33.0,0.0
chicken_curry,nonveg,curry,high,medium,room,35.6,closed,6.2,2.21
fish_curry,nonveg,curry,high,low,fridge,3.8,closed,8.0,18.33
dal_tadka,veg,curry,high,low,fridge,2.8,open,9.1,19.35
naan,veg,bread,low,medium,fridge,4.4,closed,28.8,19.52
curd,dairy,liquid,high,low,fridge,7.9,open,47.9,0.0
chicken_biryani,nonveg,rice,medium,medium,fridge,5.6,open,15.5,16.34
dal_tadka,veg,curry,high,low,room,33.8,closed,15.8,0.0
veg_pulao,veg,rice,medium,medium,fridge,5.9,open,15.2,15.11
paneer_butter_masala,dairy,curry,high,medium,room,37.2,open,16.0,0.0
veg_pulao,veg,rice,medium,medium,room,27.9,closed,20.0,0.0
curd,dairy,liquid,high,low,room,25.6,closed,37.5,0.0
dosa,veg,breakfast,medium,low,room,32.4,open,21.0,0.0
idli,veg,breakfast,medium,low,fridge,5.7,closed,46.4,0.0
gulab_jamun,dairy,sweet,high,medium,fridge,2.1,open,7.8,46.47
chicken_biryani,nonveg,rice,medium,medium,room,25.0,closed,40.8,0.0
pakora,veg,fried,low,high,room,33.3,open,47.5,0.0
samosa,veg,fried,low,high,room,26.2,open,34.4,0.0
dal_tadka,veg,curry,high,low,room,25.8,open,24.1,0.0
milk,dairy,liquid,high,low,room,28.4,open,30.5,0.0
curd,dairy,liquid,high,low,fridge,2.9,open,46.5,2.35
samosa,veg,fried,low,high,room,34.6,open,35.4,0.0
samosa,veg,fried,low,high,fridge,3.7,open,17.4,13.24
paneer_butter_masala,dairy,curry,high,medium,fridge,5.1,closed,23.6,7.83
fish_curry,nonveg,curry,high,low,room,34.7,open,13.7,0.0
jeera_rice,veg,rice,medium,low,fridge,7.5,closed,35.1,0.0
paratha,veg,bread,low,high,fridge,2.4,open,24.1,19.42
halwa,veg,sweet,medium,high,fridge,3.2,closed,14.2,55.64
curd,dairy,liquid,high,low,room,24.3,open,5.4,2.41
halwa,veg,sweet,medium,high,room,26.0,closed,42.3,0.0
samosa,veg,fried,low,high,room,28.6,open,22.4,0.0
dosa,veg,breakfast,medium,low,fridge,7.1,open,32.6,0.0
naan,veg,bread,low,medium,fridge,5.4,open,28.7,12.02
fish_curry,nonveg,curry,high,low,fridge,5.2,closed,21.0,5.56
dal_tadka,veg,curry,high,low,room,26.2,open,1.0,9.2
chicken_curry,nonveg,curry,high,medium,fridge,7.7,open,4.1,20.99
plain_rice,veg,rice,medium,low,fridge,3.9,closed,44.9,0.0
chicken_curry,nonveg,curry,high,medium,fridge,5.7,open,20.4,3.74
chicken_curry,nonveg,curry,high,medium,fridge,4.2,open,22.8,0.0
naan,veg,bread,low,medium,room,26.9,open,46.6,0.0
chicken_biryani,nonveg,rice,medium,medium,room,37.4,closed,6.4,3.14
paratha,veg,bread,low,high,fridge,3.9,closed,13.0,39.76
fish_curry,nonveg,curry,high,low,room,32.8,open,13.2,0.0
dosa,veg,breakfast,medium,low,room,31.8,open,0.9,5.96
pakora,veg,fried,low,high,room,31.8,open,16.6,0.0
halwa,veg,sweet,medium,high,room,34.1,open,7.8,10.68
chicken_biryani,nonveg,rice,medium,medium,room,35.1,open,30.7,0.0
roti,veg,bread,low,low,room,35.7,open,45.5,0.0
roti,veg,bread,low,low,fridge,4.8,closed,44.1,15.66
curd,dairy,liquid,high,low,room,25.6,closed,16.0,0.0
jeera_rice,veg,rice,medium,low,room,27.5,closed,36.0,0.0
halwa,veg,sweet,medium,high,fridge,6.9,closed,17.7,64.36
naan,veg,bread,low,medium,fridge,2.8,closed,4.2,57.77
fish_curry,nonveg,curry,high,low,fridge,7.1,open,11.4,6.55
dosa,veg,breakfast,medium,low,fridge,7.1,closed,1.5,35.79
dosa,veg,breakfast,medium,low,fridge,7.5,open,31.2,3.25
chicken_curry,nonveg,curry,high,medium,room,27.2,closed,46.1,0.0
idli,veg,breakfast,medium,low,fridge,7.4,closed,2.2,27.71
fish_curry,nonveg,curry,high,low,room,38.0,closed,8.3,0.0
dal_tadka,veg,curry,high,low,fridge,7.8,open,47.2,0.0
chicken_biryani,nonveg,rice,medium,medium,fridge,5.9,open,9.6,19.91
jeera_rice,veg,rice,medium,low,room,35.1,closed,16.0,0.0
curd,dairy,liquid,high,low,fridge,7.2,open,17.9,32.16
samosa,veg,fried,low,high,room,29.5,open,2.6,11.99
paratha,veg,bread,low,high,fridge,6.6,closed,18.4,48.2
gulab_jamun,dairy,sweet,high,medium,room,36.2,open,28.6,0.0
pakora,veg,fried,low,high,fridge,4.0,closed,28.9,9.11
samosa,veg,fried,low,high,fridge,5.2,open,16.0,25.71
paneer_butter_masala,dairy,curry,high,medium,room,36.6,closed,14.5,0.0
dosa,veg,breakfast,medium,low,room,34.1,open,17.4,0.0
veg_pulao,veg,rice,medium,medium,fridge,2.6,open,26.8,7.07
curd,dairy,liquid,high,low,fridge,6.6,closed,3.9,69.69
idli,veg,breakfast,medium,low,fridge,3.3,closed,12.6,27.74
chicken_biryani,nonveg,rice,medium,medium,fridge,4.9,open,2.6,20.1
paneer_butter_masala,dairy,curry,high,medium,room,33.5,closed,33.2,0.0
gulab_jamun,dairy,sweet,high,medium,room,34.4,closed,33.1,0.0
roti,veg,bread,low,low,room,31.6,open,2.6,14.28
paneer_butter_masala,dairy,curry,high,medium,room,27.1,closed,45.6,0.0
gulab_jamun,dairy,sweet,high,medium,room,28.2,closed,16.5,1.48
veg_pulao,veg,rice,medium,medium,room,34.3,open,0.1,9.42
chicken_curry,nonveg,curry,high,medium,room,26.9,closed,41.7,0.0
samosa,veg,fried,low,high,fridge,6.4,open,45.7,0.0
chicken_biryani,nonveg,rice,medium,medium,fridge,7.6,closed,7.4,26.79
chicken_biryani,nonveg,rice,medium,medium,room,26.7,closed,12.7,0.0
samosa,veg,fried,low,high,room,37.3,open,23.8,0.0
naan,veg,bread,low,medium,room,29.3,open,37.1,0.0
chicken_biryani,nonveg,rice,medium,medium,room,37.1,closed,29.6,0.0
plain_rice,veg,rice,medium,low,fridge,7.2,closed,43.7,4.39
fish_curry,nonveg,curry,high,low,fridge,7.9,open,21.1,1.65
roti,veg,bread,low,low,room,34.4,closed,11.0,4.67
halwa,veg,sweet,medium,high,fridge,2.5,closed,33.3,33.28
milk,dairy,liquid,high,low,fridge,2.8,open,37.6,0.0
jeera_rice,veg,rice,medium,low,fridge,3.3,closed,41.9,0.0
dal_tadka,veg,curry,high,low,room,25.5,closed,45.0,0.0
veg_pulao,veg,rice,medium,medium,room,37.6,closed,30.6,0.0
curd,dairy,liquid,high,low,room,37.4,open,20.0,0.0
samosa,veg,fried,low,high,room,27.9,closed,41.9,0.0
halwa,veg,sweet,medium,high,fridge,4.5,closed,44.1,40.64
dal_tadka,veg,curry,high,low,room,24.9,open,33.0,0.0
plain_rice,veg,rice,medium,low,fridge,6.8,open,23.6,18.1
dal_tadka,veg,curry,high,low,room,32.9,closed,16.6,0.0
plain_rice,veg,rice,medium,low,fridge,6.9,closed,44.7,0.0
plain_rice,veg,rice,medium,low,fridge,3.3,closed,28.6,3.49
idli,veg,breakfast,medium,low,fridge,2.2,closed,27.3,17.87
naan,veg,bread,low,medium,fridge,2.2,closed,4.8,50.21
chicken_curry,nonveg,curry,high,medium,room,24.4,open,35.0,0.0
paneer_butter_masala,dairy,curry,high,medium,room,34.5,open,44.8,0.0
veg_pulao,veg,rice,medium,medium,room,27.7,closed,44.0,0.0
jeera_rice,veg,rice,medium,low,room,36.3,open,33.1,0.0
naan,veg,bread,low,medium,fridge,2.1,closed,31.0,24.57
naan,veg,bread,low,medium,fridge,6.9,closed,20.5,41.74
paratha,veg,bread,low,high,fridge,6.2,open,11.1,53.18
jeera_rice,veg,rice,medium,low,fridge,4.6,closed,22.0,22.51
paratha,veg,bread,low,high,fridge,2.0,open,33.0,33.61
chicken_curry,nonveg,curry,high,medium,room,36.0,closed,33.2,0.0
chicken_curry,nonveg,curry,high,medium,room,28.7,closed,36.7,0.0
dosa,veg,breakfast,medium,low,room,35.0,open,15.2,0.0
halwa,veg,sweet,medium,high,room,32.3,open,40.9,0.0
paneer_butter_masala,dairy,curry,high,medium,room,24.9,open,37.4,0.0
milk,dairy,liquid,high,low,fridge,4.2,open,14.2,35.07
idli,veg,breakfast,medium,low,fridge,5.3,open,27.1,8.35
curd,dairy,liquid,high,low,room,36.1,closed,42.4,0.0
paneer_butter_masala,dairy,curry,high,medium,fridge,6.0,closed,47.9,0.0
samosa,veg,fried,low,high,fridge,7.1,open,22.6,10.7
paratha,veg,bread,low,high,fridge,6.7,closed,41.7,31.21
chicken_curry,nonveg,curry,high,medium,fridge,5.4,open,39.0,0.0
idli,veg,breakfast,medium,low,room,25.9,open,7.4,5.79
naan,veg,bread,low,medium,room,33.8,open,44.5,0.0
idli,veg,breakfast,medium,low,room,35.7,open,20.3,0.0
paneer_butter_masala,dairy,curry,high,medium,room,24.3,open,0.1,7.65
paratha,veg,bread,low,high,room,33.1,closed,29.3,0.0
plain_rice,veg,rice,medium,low,room,30.9,closed,3.4,7.88
halwa,veg,sweet,medium,high,fridge,2.2,open,2.1,69.55
fish_curry,nonveg,curry,high,low,room,29.4,closed,16.1,0.0
paneer_butter_masala,dairy,curry,high,medium,room,24.6,closed,20.5,0.0
roti,veg,bread,low,low,fridge,7.5,open,37.7,10.29
dosa,veg,breakfast,medium,low,room,30.8,open,23.5,0.0
samosa,veg,fried,low,high,room,36.0,open,4.7,5.77
samosa,veg,fried,low,high,fridge,6.2,closed,23.0,33.81
milk,dairy,liquid,high,low,fridge,4.1,open,7.2,43.48
chicken_curry,nonveg,curry,high,medium,room,31.3,open,9.3,0.0
idli,veg,breakfast,medium,low,fridge,4.2,closed,4.0,40.86
naan,veg,bread,low,medium,fridge,4.9,open,37.7,2.62
naan,veg,bread,low,medium,fridge,8.0,open,27.7,20.57
naan,veg,bread,low,medium,fridge,5.3,open,36.8,15.93
roti,veg,bread,low,low,room,28.5,open,26.6,0.0
paratha,veg,bread,low,high,fridge,3.1,open,26.5,32.19
plain_rice,veg,rice,medium,low,fridge,4.1,open,2.8,38.05
dal_tadka,veg,curry,high,low,room,28.3,open,8.5,5.4
pakora,veg,fried,low,high,fridge,2.5,open,20.5,21.34
samosa,veg,fried,low,high,fridge,5.9,open,12.2,26.06
samosa,veg,fried,low,high,fridge,4.5,closed,25.4,12.69
chicken_biryani,nonveg,rice,medium,medium,room,30.2,open,37.8,0.0
idli,veg,breakfast,medium,low,room,37.4,closed,44.7,0.0
veg_pulao,veg,rice,medium,medium,fridge,2.3,open,2.1,28.45
samosa,veg,fried,low,high,fridge,6.4,closed,33.6,1.82
dal_tadka,veg,curry,high,low,room,33.3,open,1.5,9.71
halwa,veg,sweet,medium,high,room,32.6,open,7.8,9.06
roti,veg,bread,low,low,room,37.5,open,24.5,0.0
paneer_butter_masala,dairy,curry,high,medium,fridge,5.7,closed,23.6,7.13
fish_curry,nonveg,curry,high,low,fridge,4.3,closed,12.4,16.36
idli,veg,breakfast,medium,low,fridge,5.0,closed,23.4,23.77
chicken_curry,nonveg,curry,high,medium,fridge,6.5,open,11.8,11.5
naan,veg,bread,low,medium,fridge,4.2,closed,15.5,43.01
plain_rice,veg,rice,medium,low,fridge,7.1,open,36.9,5.55
gulab_jamun,dairy,sweet,high,medium,room,27.5,closed,3.9,20.55
milk,dairy,liquid,high,low,fridge,4.6,open,47.7,0.0
chicken_biryani,nonveg,rice,medium,medium,room,31.7,open,30.7,0.0
halwa,veg,sweet,medium,high,fridge,7.0,open,34.6,37.25
jeera_rice,veg,rice,medium,low,room,34.1,open,30.7,0.0
paneer_butter_masala,dairy,curry,high,medium,fridge,4.0,closed,4.8,28.07
paratha,veg,bread,low,high,fridge,5.7,open,34.6,14.44
dosa,veg,breakfast,medium,low,room,26.8,open,26.6,0.0
curd,dairy,liquid,high,low,room,37.3,closed,36.5,0.0
dal_tadka,veg,curry,high,low,room,36.4,open,4.5,2.5
fish_curry,nonveg,curry,high,low,room,28.7,open,45.0,0.0
chicken_curry,nonveg,curry,high,medium,fridge,2.3,closed,18.2,18.51
veg_pulao,veg,rice,medium,medium,fridge,7.5,closed,46.4,0.0
dosa,veg,breakfast,medium,low,room,27.9,closed,18.8,0.0
paneer_butter_masala,dairy,curry,high,medium,fridge,3.4,closed,5.4,31.26
plain_rice,veg,rice,medium,low,fridge,2.5,closed,45.2,0.0
fish_curry,nonveg,curry,high,low,fridge,3.6,open,1.6,21.98
curd,dairy,liquid,high,low,room,27.0,closed,17.0,0.0
roti,veg,bread,low,low,room,27.5,closed,1.3,22.46
paneer_butter_masala,dairy,curry,high,medium,room,25.0,open,34.3,0.0
chicken_biryani,nonveg,rice,medium,medium,room,32.9,closed,20.7,0.0
gulab_jamun,dairy,sweet,high,medium,fridge,6.3,closed,38.4,29.41
dosa,veg,breakfast,medium,low,fridge,7.5,closed,7.2,22.6
dal_tadka,veg,curry,high,low,room,35.4,closed,12.2,0.0
gulab_jamun,dairy,sweet,high,medium,fridge,4.0,open,18.2,28.09
chicken_curry,nonveg,curry,high,medium,fridge,2.9,closed,12.1,22.74
chicken_curry,nonveg,curry,high,medium,fridge,7.5,closed,36.5,0.45
dosa,veg,breakfast,medium,low,room,37.9,closed,31.2,0.0
dal_tadka,veg,curry,high,low,fridge,7.1,open,15.9,26.36
naan,veg,bread,low,medium,fridge,6.8,closed,6.4,48.92
plain_rice,veg,rice,medium,low,fridge,7.6,open,19.5,21.31
naan,veg,bread,low,medium,fridge,7.5,open,2.5,44.0
plain_rice,veg,rice,medium,low,room,29.3,open,27.5,0.0
pakora,veg,fried,low,high,fridge,5.7,open,29.3,2.9
paneer_butter_masala,dairy,curry,high,medium,fridge,3.9,open,5.7,14.73
gulab_jamun,dairy,sweet,high,medium,room,35.5,open,35.9,0.0
plain_rice,veg,rice,medium,low,room,34.3,closed,4.8,3.67
paneer_butter_masala,dairy,curry,high,medium,room,26.0,closed,18.8,0.0
dosa,veg,breakfast,medium,low,fridge,7.7,closed,21.8,4.33
dosa,veg,breakfast,medium,low,fridge,5.5,closed,31.1,0.0
dal_tadka,veg,curry,high,low,fridge,5.0,open,19.9,14.86
paratha,veg,bread,low,high,fridge,5.8,closed,47.9,9.88
halwa,veg,sweet,medium,high,room,35.2,closed,24.8,0.0
roti,veg,bread,low,low,room,29.5,closed,46.8,0.0
gulab_jamun,dairy,sweet,high,medium,room,28.3,closed,7.7,16.79
jeera_rice,veg,rice,medium,low,room,31.1,closed,40.2,0.0
jeera_rice,veg,rice,medium,low,room,31.6,closed,43.8,0.0
dal_tadka,veg,curry,high,low,fridge,5.2,open,19.2,21.0
curd,dairy,liquid,high,low,room,35.3,closed,30.2,0.0
dosa,veg,breakfast,medium,low,room,31.2,closed,14.7,0.0
gulab_jamun,dairy,sweet,high,medium,fridge,4.7,closed,3.1,69.03
chicken_biryani,nonveg,rice,medium,medium,fridge,2.6,closed,22.9,5.54
samosa,veg,fried,low,high,room,27.0,closed,15.5,3.01
dosa,veg,breakfast,medium,low,fridge,5.6,closed,25.3,15.14
naan,veg,bread,low,medium,room,36.4,closed,23.0,0.0
gulab_jamun,dairy,sweet,high,medium,fridge,7.8,closed,28.0,37.49
veg_pulao,veg,rice,medium,medium,fridge,7.9,closed,10.3,29.48
gulab_jamun,dairy,sweet,high,medium,room,34.5,open,34.0,0.0
dosa,veg,breakfast,medium,low,fridge,2.7,closed,4.4,33.02
dosa,veg,breakfast,medium,low,room,36.2,closed,9.7,0.0
plain_rice,veg,rice,medium,low,fridge,4.1,closed,9.2,21.7
plain_rice,veg,rice,medium,low,room,26.7,closed,12.3,0.0
curd,dairy,liquid,high,low,fridge,6.9,closed,14.1,51.03
naan,veg,bread,low,medium,fridge,7.1,closed,15.4,29.11
milk,dairy,liquid,high,low,room,33.5,closed,45.4,0.0
pakora,veg,fried,low,high,room,25.6,open,20.3,0.0
chicken_biryani,nonveg,rice,medium,medium,room,34.7,open,29.6,0.0
halwa,veg,sweet,medium,high,fridge,2.0,open,25.8,26.4
halwa,veg,sweet,medium,high,room,24.2,open,20.3,0.0
paneer_butter_masala,dairy,curry,high,medium,fridge,2.8,open,1.5,20.21
idli,veg,breakfast,medium,low,room,34.8,closed,21.3,0.0
idli,veg,breakfast,medium,low,room,30.5,closed,15.9,0.0
dosa,veg,breakfast,medium,low,room,35.6,open,45.1,0.0
fish_curry,nonveg,curry,high,low,fridge,5.2,open,12.1,9.9
dosa,veg,breakfast,medium,low,room,32.9,closed,7.9,2.64
dal_tadka,veg,curry,high,low,room,32.5,open,38.6,0.0
roti,veg,bread,low,low,fridge,3.8,open,9.4,33.02
chicken_biryani,nonveg,rice,medium,medium,fridge,8.0,open,19.2,8.02
gulab_jamun,dairy,sweet,high,medium,room,28.3,open,29.8,0.0
gulab_jamun,dairy,sweet,high,medium,fridge,3.9,open,37.0,38.13
naan,veg,bread,low,medium,fridge,2.6,open,15.2,28.58
gulab_jamun,dairy,sweet,high,medium,fridge,2.7,closed,16.8,46.39
gulab_jamun,dairy,sweet,high,medium,fridge,5.2,open,8.1,40.62
veg_pulao,veg,rice,medium,medium,room,28.0,open,13.0,0.0
jeera_rice,veg,rice,medium,low,room,27.9,open,24.4,0.0
paratha,veg,bread,low,high,fridge,5.4,closed,38.2,28.15
chicken_curry,nonveg,curry,high,medium,fridge,7.4,closed,27.9,3.41
veg_pulao,veg,rice,medium,medium,room,35.5,closed,47.7,0.0
halwa,veg,sweet,medium,high,room,34.5,open,5.1,12.09
halwa,veg,sweet,medium,high,room,33.3,open,23.6,0.0
dal_tadka,veg,curry,high,low,room,31.0,open,14.9,0.0
dal_tadka,veg,curry,high,low,fridge,6.2,open,27.2,6.75
dosa,veg,breakfast,medium,low,room,29.8,closed,18.9,0.0
gulab_jamun,dairy,sweet,high,medium,fridge,5.0,closed,13.2,44.78
jeera_rice,veg,rice,medium,low,fridge,6.3,open,32.4,0.0
veg_pulao,veg,rice,medium,medium,fridge,4.1,closed,23.7,16.71
curd,dairy,liquid,high,low,room,34.2,closed,28.0,0.0
dal_tadka,veg,curry,high,low,fridge,6.1,open,27.4,4.29
naan,veg,bread,low,medium,room,24.9,closed,22.4,0.0
dal_tadka,veg,curry,high,low,room,25.2,closed,30.4,0.0
milk,dairy,liquid,high,low,fridge,5.9,closed,27.5,22.09
pakora,veg,fried,low,high,fridge,5.5,open,22.5,17.46
curd,dairy,liquid,high,low,room,36.4,closed,16.0,0.0
roti,veg,bread,low,low,room,32.4,closed,1.5,15.55
chicken_curry,nonveg,curry,high,medium,fridge,2.4,closed,38.5,0.0
dosa,veg,breakfast,medium,low,fridge,5.0,open,1.8,24.68
paneer_butter_masala,dairy,curry,high,medium,room,31.8,closed,11.3,0.0
idli,veg,breakfast,medium,low,room,27.3,open,44.3,0.0
paneer_butter_masala,dairy,curry,high,medium,fridge,2.6,closed,8.8,16.35
dosa,veg,breakfast,medium,low,room,34.3,open,31.1,0.0
samosa,veg,fried,low,high,room,35.9,open,44.3,0.0
milk,dairy,liquid,high,low,room,27.8,closed,9.6,0.0
dosa,veg,breakfast,medium,low,fridge,7.2,open,38.0,0.0
idli,veg,breakfast,medium,low,room,27.2,open,39.6,0.0
paneer_butter_masala,dairy,curry,high,medium,fridge,6.8,closed,20.3,14.78
fish_curry,nonveg,curry,high,low,fridge,7.5,open,26.1,0.0
paneer_butter_masala,dairy,curry,high,medium,room,28.4,closed,32.8,0.0
curd,dairy,liquid,high,low,fridge,2.5,open,17.6,27.92
milk,dairy,liquid,high,low,room,32.0,open,22.1,0.0
veg_pulao,veg,rice,medium,medium,fridge,6.2,closed,25.2,15.59
chicken_curry,nonveg,curry,high,medium,room,29.9,open,17.8,0.0
milk,dairy,liquid,high,low,fridge,7.7,open,37.8,1.2
dosa,veg,breakfast,medium,low,room,29.3,open,5.6,3.73
gulab_jamun,dairy,sweet,high,medium,fridge,5.7,open,21.4,44.12
idli,veg,breakfast,medium,low,fridge,3.3,open,42.0,0.0
naan,veg,bread,low,medium,fridge,5.4,open,29.6,19.89
curd,dairy,liquid,high,low,fridge,4.9,open,18.8,32.13
samosa,veg,fried,low,high,fridge,3.2,closed,20.5,32.66
paneer_butter_masala,dairy,curry,high,medium,room,27.4,closed,8.3,0.0
samosa,veg,fried,low,high,fridge,5.1,closed,24.3,19.3
naan,veg,bread,low,medium,fridge,6.0,closed,40.1,12.61
samosa,veg,fried,low,high,fridge,6.2,closed,9.1,30.11
curd,dairy,liquid,high,low,fridge,6.4,closed,25.7,37.5
gulab_jamun,dairy,sweet,high,medium,room,31.4,open,31.7,0.0
naan,veg,bread,low,medium,room,27.0,closed,7.5,9.04
pakora,veg,fried,low,high,room,34.7,closed,13.4,0.0
halwa,veg,sweet,medium,high,room,26.0,closed,8.8,19.16
veg_pulao,veg,rice,medium,medium,room,34.6,open,41.1,0.0
fish_curry,nonveg,curry,high,low,fridge,5.3,open,12.3,10.83
plain_rice,veg,rice,medium,low,fridge,3.4,closed,42.9,0.0
idli,veg,breakfast,medium,low,room,27.5,open,21.0,0.0
halwa,veg,sweet,medium,high,fridge,6.6,closed,0.2,71.84
halwa,veg,sweet,medium,high,fridge,7.3,open,40.7,11.57
halwa,veg,sweet,medium,high,room,31.5,open,29.9,0.0
samosa,veg,fried,low,high,fridge,6.2,closed,0.5,53.11
gulab_jamun,dairy,sweet,high,medium,fridge,3.4,open,4.4,62.56
milk,dairy,liquid,high,low,room,24.4,closed,4.4,4.25
chicken_biryani,nonveg,rice,medium,medium,room,28.1,closed,19.3,0.0
paneer_butter_masala,dairy,curry,high,medium,room,35.6,closed,4.9,3.48
veg_pulao,veg,rice,medium,medium,room,26.1,closed,18.1,0.0
paratha,veg,bread,low,high,fridge,2.2,closed,5.4,58.51
idli,veg,breakfast,medium,low,fridge,4.9,open,39.3,0.0
samosa,veg,fried,low,high,fridge,4.9,open,14.4,16.91
roti,veg,bread,low,low,fridge,5.0,closed,42.0,13.93
gulab_jamun,dairy,sweet,high,medium,fridge,3.8,closed,13.6,55.46
veg_pulao,veg,rice,medium,medium,room,37.4,closed,24.7,0.0
veg_pulao,veg,rice,medium,medium,fridge,5.5,closed,6.2,32.19
samosa,veg,fried,low,high,fridge,4.1,open,40.3,9.38
pakora,veg,fried,low,high,room,27.1,open,33.9,0.0
jeera_rice,veg,rice,medium,low,fridge,5.3,open,23.0,16.93
dosa,veg,breakfast,medium,low,fridge,3.3,open,10.1,13.13
paneer_butter_masala,dairy,curry,high,medium,fridge,5.8,closed,9.5,13.3
jeera_rice,veg,rice,medium,low,room,33.5,open,21.4,0.0
fish_curry,nonveg,curry,high,low,fridge,5.0,open,30.9,0.0
gulab_jamun,dairy,sweet,high,medium,fridge,4.0,closed,32.9,27.3
roti,veg,bread,low,low,fridge,6.7,closed,47.9,8.85
halwa,veg,sweet,medium,high,fridge,6.6,open,41.9,7.32
dal_tadka,veg,curry,high,low,room,29.0,open,10.8,0.86
dosa,veg,breakfast,medium,low,room,31.8,open,16.9,0.0
curd,dairy,liquid,high,low,room,24.9,closed,15.8,0.0
dosa,veg,breakfast,medium,low,room,31.8,open,16.6,0.0
dal_tadka,veg,curry,high,low,room,34.2,open,24.4,0.0
pakora,veg,fried,low,high,room,24.8,open,26.1,0.0
fish_curry,nonveg,curry,high,low,fridge,6.3,closed,9.6,16.0
paratha,veg,bread,low,high,room,27.1,closed,38.8,0.0
gulab_jamun,dairy,sweet,high,medium,room,31.9,open,24.4,0.0
curd,dairy,liquid,high,low,fridge,3.1,open,18.5,44.35
pakora,veg,fried,low,high,room,31.3,closed,47.8,0.0
chicken_biryani,nonveg,rice,medium,medium,room,33.6,open,18.3,0.0
fish_curry,nonveg,curry,high,low,room,26.9,open,11.7,0.0
roti,veg,bread,low,low,fridge,3.5,open,23.3,33.67
halwa,veg,sweet,medium,high,room,30.8,closed,25.5,0.0
pakora,veg,fried,low,high,room,34.8,open,1.6,8.45
curd,dairy,liquid,high,low,fridge,3.5,closed,7.0,52.91
jeera_rice,veg,rice,medium,low,room,30.0,closed,7.9,3.72
naan,veg,bread,low,medium,fridge,3.3,closed,23.3,21.64
chicken_biryani,nonveg,rice,medium,medium,fridge,5.9,closed,3.7,23.28
paneer_butter_masala,dairy,curry,high,medium,fridge,3.2,open,10.2,10.83
samosa,veg,fried,low,high,room,27.9,closed,34.9,0.0
curd,dairy,liquid,high,low,fridge,3.8,open,6.6,45.21
paratha,veg,bread,low,high,room,29.1,open,42.0,0.0
roti,veg,bread,low,low,room,29.3,closed,37.8,0.0
pakora,veg,fried,low,high,room,34.9,closed,30.7,0.0
curd,dairy,liquid,high,low,fridge,6.2,closed,4.4,56.68
curd,dairy,liquid,high,low,room,31.5,open,9.7,0.59
halwa,veg,sweet,medium,high,room,27.3,open,25.2,4.93
halwa,veg,sweet,medium,high,fridge,3.7,open,7.3,60.42
chicken_curry,nonveg,curry,high,medium,room,36.2,open,20.2,0.0
jeera_rice,veg,rice,medium,low,room,25.5,open,36.9,0.0
fish_curry,nonveg,curry,high,low,room,30.1,open,42.2,0.0
chicken_curry,nonveg,curry,high,medium,room,31.0,closed,33.2,0.0
halwa,veg,sweet,medium,high,room,35.7,closed,10.2,10.1
samosa,veg,fried,low,high,room,29.4,open,15.8,4.38
chicken_curry,nonveg,curry,high,medium,fridge,6.4,open,16.5,7.29
roti,veg,bread,low,low,room,24.7,closed,36.9,0.0
jeera_rice,veg,rice,medium,low,fridge,7.2,closed,26.1,13.88
samosa,veg,fried,low,high,fridge,3.3,closed,17.8,24.74
veg_pulao,veg,rice,medium,medium,room,36.9,closed,28.9,0.0
chicken_biryani,nonveg,rice,medium,medium,room,34.9,open,40.5,0.0
jeera_rice,veg,rice,medium,low,room,33.6,closed,17.1,0.0
fish_curry,nonveg,curry,high,low,fridge,3.5,open,38.5,0.0
naan,veg,bread,low,medium,fridge,7.1,open,25.4,19.37
dal_tadka,veg,curry,high,low,room,30.9,closed,34.2,0.0
dal_tadka,veg,curry,high,low,fridge,7.7,closed,41.6,0.0
gulab_jamun,dairy,sweet,high,medium,room,35.3,closed,28.0,0.0
paratha,veg,bread,low,high,fridge,5.9,closed,44.6,23.16
idli,veg,breakfast,medium,low,fridge,3.2,closed,47.2,0.0
paneer_butter_masala,dairy,curry,high,medium,fridge,3.6,closed,47.4,0.0
plain_rice,veg,rice,medium,low,room,33.3,closed,10.4,2.99
roti,veg,bread,low,low,room,24.5,open,39.4,0.0
idli,veg,breakfast,medium,low,fridge,3.0,open,27.1,12.51
pakora,veg,fried,low,high,room,28.3,open,11.2,0.7
chicken_curry,nonveg,curry,high,medium,fridge,8.0,closed,12.8,10.11
samosa,veg,fried,low,high,room,34.0,open,7.4,4.46
veg_pulao,veg,rice,medium,medium,fridge,4.8,closed,5.4,20.53
curd,dairy,liquid,high,low,room,35.0,open,36.8,0.0
halwa,veg,sweet,medium,high,fridge,2.9,open,32.6,43.21
samosa,veg,fried,low,high,fridge,5.1,closed,38.6,2.89
samosa,veg,fried,low,high,room,37.3,closed,32.5,0.0
dosa,veg,breakfast,medium,low,room,29.7,closed,12.5,0.0
fish_curry,nonveg,curry,high,low,fridge,7.8,open,34.7,0.0
paratha,veg,bread,low,high,room,35.7,open,32.3,0.0
plain_rice,veg,rice,medium,low,fridge,3.4,open,5.8,35.76
jeera_rice,veg,rice,medium,low,room,31.8,closed,31.3,0.0
gulab_jamun,dairy,sweet,high,medium,room,36.1,closed,13.7,6.09
halwa,veg,sweet,medium,high,room,36.8,closed,12.9,12.96
idli,veg,breakfast,medium,low,fridge,3.1,open,1.3,32.31
milk,dairy,liquid,high,low,room,35.7,closed,29.4,0.0
jeera_rice,veg,rice,medium,low,fridge,2.2,open,20.4,14.09
plain_rice,veg,rice,medium,low,fridge,7.3,closed,39.9,0.0
veg_pulao,veg,rice,medium,medium,fridge,4.8,closed,5.6,30.4
pakora,veg,fried,low,high,room,29.0,open,15.5,0.73
paratha,veg,bread,low,high,fridge,3.4,open,39.9,10.42
pakora,veg,fried,low,high,room,29.9,open,28.9,0.0
jeera_rice,veg,rice,medium,low,fridge,2.0,closed,27.6,16.53
jeera_rice,veg,rice,medium,low,fridge,3.7,closed,15.0,15.68
roti,veg,bread,low,low,fridge,3.1,closed,0.8,61.36
paratha,veg,bread,low,high,room,28.2,closed,10.7,13.48
roti,veg,bread,low,low,fridge,4.8,closed,8.8,39.73
roti,veg,bread,low,low,fridge,4.3,open,3.9,57.4
paratha,veg,bread,low,high,fridge,7.8,open,39.8,5.57
halwa,veg,sweet,medium,high,room,34.6,open,5.1,15.98
dosa,veg,breakfast,medium,low,fridge,4.1,closed,37.0,0.0
jeera_rice,veg,rice,medium,low,fridge,4.2,closed,3.4,39.74
gulab_jamun,dairy,sweet,high,medium,room,27.8,open,32.8,0.0
milk,dairy,liquid,high,low,fridge,5.6,open,16.3,29.15
roti,veg,bread,low,low,fridge,4.9,closed,39.1,10.38
pakora,veg,fried,low,high,fridge,3.5,open,10.0,24.94
gulab_jamun,dairy,sweet,high,medium,room,24.8,closed,8.6,15.99
paratha,veg,bread,low,high,fridge,5.2,open,41.8,0.0
dal_tadka,veg,curry,high,low,room,24.3,open,27.5,0.0
paratha,veg,bread,low,high,room,28.1,closed,44.0,0.0
chicken_curry,nonveg,curry,high,medium,fridge,2.2,open,28.9,0.0
milk,dairy,liquid,high,low,fridge,7.4,open,12.5,34.56
naan,veg,bread,low,medium,room,30.8,open,7.1,9.57
gulab_jamun,dairy,sweet,high,medium,room,36.9,open,4.7,14.37
chicken_curry,nonveg,curry,high,medium,room,33.6,open,40.6,0.0
pakora,veg,fried,low,high,room,30.6,open,32.1,0.0
fish_curry,nonveg,curry,high,low,fridge,4.5,closed,35.2,0.0
samosa,veg,fried,low,high,room,28.4,open,39.5,0.0
curd,dairy,liquid,high,low,room,35.2,closed,21.8,0.0
curd,dairy,liquid,high,low,fridge,3.2,closed,18.2,31.59
curd,dairy,liquid,high,low,fridge,7.4,closed,45.4,2.6
paneer_butter_masala,dairy,curry,high,medium,room,26.3,open,1.9,6.01
roti,veg,bread,low,low,fridge,7.1,closed,4.9,54.37
roti,veg,bread,low,low,fridge,3.8,open,3.4,53.04
jeera_rice,veg,rice,medium,low,fridge,7.4,open,23.7,4.32
halwa,veg,sweet,medium,high,room,36.5,open,14.9,7.32
chicken_biryani,nonveg,rice,medium,medium,fridge,7.2,closed,27.6,0.0
curd,dairy,liquid,high,low,room,29.9,closed,40.4,0.0
curd,dairy,liquid,high,low,room,30.4,open,13.5,0.0
halwa,veg,sweet,medium,high,room,34.8,closed,38.1,0.0
paratha,veg,bread,low,high,room,33.8,closed,32.0,0.0
dosa,veg,breakfast,medium,low,room,25.8,closed,20.0,0.0
pakora,veg,fried,low,high,fridge,5.6,open,38.7,0.0
jeera_rice,veg,rice,medium,low,fridge,5.1,open,11.2,30.97
fish_curry,nonveg,curry,high,low,fridge,2.8,open,37.9,0.0
chicken_curry,nonveg,curry,high,medium,room,34.3,closed,42.6,0.0
chicken_curry,nonveg,curry,high,medium,fridge,7.5,open,34.2,0.0
chicken_biryani,nonveg,rice,medium,medium,room,26.6,open,21.8,0.0
dal_tadka,veg,curry,high,low,room,31.0,open,39.5,0.0
chicken_curry,nonveg,curry,high,medium,room,27.6,open,22.8,0.0
fish_curry,nonveg,curry,high,low,room,30.8,open,45.2,0.0
paratha,veg,bread,low,high,fridge,7.0,open,23.9,41.42
roti,veg,bread,low,low,room,24.0,closed,47.1,0.0
milk,dairy,liquid,high,low,fridge,5.3,open,13.3,36.53
pakora,veg,fried,low,high,fridge,3.9,closed,43.9,0.0
paneer_butter_masala,dairy,curry,high,medium,fridge,7.4,closed,46.4,0.0
roti,veg,bread,low,low,room,27.6,open,13.2,7.0
gulab_jamun,dairy,sweet,high,medium,room,34.5,closed,28.2,0.0
dal_tadka,veg,curry,high,low,fridge,3.7,open,3.7,36.76
pakora,veg,fried,low,high,fridge,3.8,open,42.3,0.0
chicken_biryani,nonveg,rice,medium,medium,fridge,4.1,open,31.5,0.0
fish_curry,nonveg,curry,high,low,room,32.1,open,38.2,0.0
naan,veg,bread,low,medium,fridge,4.9,open,24.2,12.61
chicken_curry,nonveg,curry,high,medium,fridge,4.5,open,2.7,16.91
chicken_curry,nonveg,curry,high,medium,fridge,7.8,closed,39.3,0.0
milk,dairy,liquid,high,low,fridge,2.4,open,37.0,13.65
curd,dairy,liquid,high,low,fridge,5.5,open,41.0,17.68
gulab_jamun,dairy,sweet,high,medium,fridge,3.4,open,22.4,26.01
halwa,veg,sweet,medium,high,fridge,2.6,open,30.5,42.96
paneer_butter_masala,dairy,curry,high,medium,fridge,7.2,closed,46.3,0.0
naan,veg,bread,low,medium,room,37.3,closed,0.7,12.77
samosa,veg,fried,low,high,room,26.5,open,4.9,17.27
jeera_rice,veg,rice,medium,low,fridge,2.6,open,42.9,0.0
dal_tadka,veg,curry,high,low,room,27.2,open,31.8,0.0
plain_rice,veg,rice,medium,low,room,29.4,open,10.8,1.53
samosa,veg,fried,low,high,room,24.8,open,12.5,7.57
samosa,veg,fried,low,high,room,27.4,closed,32.4,0.0
milk,dairy,liquid,high,low,room,32.3,closed,0.2,4.89
milk,dairy,liquid,high,low,fridge,4.3,open,13.6,25.75
chicken_curry,nonveg,curry,high,medium,room,24.5,open,1.0,5.93
naan,veg,bread,low,medium,room,24.3,closed,17.5,5.77
roti,veg,bread,low,low,room,29.3,open,19.3,3.37
chicken_biryani,nonveg,rice,medium,medium,fridge,5.5,open,0.8,30.76
roti,veg,bread,low,low,fridge,4.3,closed,39.7,19.34
fish_curry,nonveg,curry,high,low,room,36.0,open,4.3,1.71
pakora,veg,fried,low,high,fridge,2.8,closed,38.8,0.0
roti,veg,bread,low,low,fridge,5.1,closed,31.7,26.61
paratha,veg,bread,low,high,fridge,7.5,closed,7.6,43.52
curd,dairy,liquid,high,low,room,29.8,closed,11.8,0.0
curd,dairy,liquid,high,low,fridge,4.5,closed,40.9,9.17
plain_rice,veg,rice,medium,low,fridge,7.4,open,31.2,5.57
milk,dairy,liquid,high,low,room,24.2,open,8.9,0.0
paneer_butter_masala,dairy,curry,high,medium,fridge,2.3,closed,19.7,11.47
milk,dairy,liquid,high,low,fridge,5.6,closed,1.3,52.83
idli,veg,breakfast,medium,low,room,37.7,closed,46.5,0.0
milk,dairy,liquid,high,low,room,27.3,closed,6.1,3.64
paneer_butter_masala,dairy,curry,high,medium,fridge,3.0,closed,18.6,4.08
naan,veg,bread,low,medium,fridge,2.6,open,30.0,13.29
jeera_rice,veg,rice,medium,low,fridge,4.2,open,33.4,3.35
veg_pulao,veg,rice,medium,medium,room,24.6,open,37.7,0.0
idli,veg,breakfast,medium,low,room,29.9,closed,5.0,7.63
paratha,veg,bread,low,high,room,24.5,closed,28.4,3.83
idli,veg,breakfast,medium,low,room,37.7,open,46.5,0.0
veg_pulao,veg,rice,medium,medium,fridge,2.8,closed,2.9,23.11
roti,veg,bread,low,low,room,36.9,open,40.0,0.0
chicken_curry,nonveg,curry,high,medium,fridge,7.7,closed,23.2,9.84
naan,veg,bread,low,medium,fridge,4.5,closed,7.8,52.86
chicken_biryani,nonveg,rice,medium,medium,fridge,3.5,closed,28.1,0.0
plain_rice,veg,rice,medium,low,room,32.1,open,5.6,3.34
paneer_butter_masala,dairy,curry,high,medium,room,33.4,open,21.2,0.0
milk,dairy,liquid,high,low,room,29.7,open,39.0,0.0
pakora,veg,fried,low,high,room,37.8,open,12.8,0.0
samosa,veg,fried,low,high,room,29.3,open,2.8,15.42
pakora,veg,fried,low,high,room,36.5,closed,32.8,0.0
roti,veg,bread,low,low,fridge,4.9,open,5.3,41.92
samosa,veg,fried,low,high,fridge,5.9,open,44.8,0.0
plain_rice,veg,rice,medium,low,fridge,5.9,open,22.1,17.46
jeera_rice,veg,rice,medium,low,room,24.8,open,25.4,0.0
halwa,veg,sweet,medium,high,fridge,3.2,closed,13.2,64.8
pakora,veg,fried,low,high,room,29.2,closed,5.8,10.27
plain_rice,veg,rice,medium,low,room,31.1,closed,45.7,0.0
curd,dairy,liquid,high,low,room,32.2,open,9.0,0.0
milk,dairy,liquid,high,low,fridge,4.4,closed,39.5,4.4
dosa,veg,breakfast,medium,low,room,31.6,open,5.0,3.51
plain_rice,veg,rice,medium,low,fridge,7.1,closed,19.2,25.28
plain_rice,veg,rice,medium,low,room,36.8,closed,45.0,0.0
idli,veg,breakfast,medium,low,room,25.2,closed,16.0,0.0
dal_tadka,veg,curry,high,low,room,37.9,open,46.3,0.0
dal_tadka,veg,curry,high,low,fridge,2.6,closed,27.9,20.7
fish_curry,nonveg,curry,high,low,room,30.8,closed,45.9,0.0
chicken_curry,nonveg,curry,high,medium,fridge,4.9,open,9.8,10.62
naan,veg,bread,low,medium,room,28.5,closed,1.4,13.42
paneer_butter_masala,dairy,curry,high,medium,fridge,4.0,closed,36.2,0.0
chicken_biryani,nonveg,rice,medium,medium,fridge,4.6,open,41.4,0.0
fish_curry,nonveg,curry,high,low,fridge,4.8,closed,4.8,14.8
jeera_rice,veg,rice,medium,low,room,25.2,open,27.6,0.0
curd,dairy,liquid,high,low,room,37.3,closed,2.1,7.63
roti,veg,bread,low,low,fridge,6.0,closed,25.2,46.71
chicken_curry,nonveg,curry,high,medium,fridge,7.3,closed,23.4,8.67
samosa,veg,fried,low,high,fridge,6.1,open,42.7,0.0
idli,veg,breakfast,medium,low,fridge,7.2,open,47.7,0.0
pakora,veg,fried,low,high,fridge,2.6,closed,41.8,0.0
gulab_jamun,dairy,sweet,high,medium,fridge,6.9,open,34.0,38.61
dal_tadka,veg,curry,high,low,fridge,5.8,open,20.3,17.13
dosa,veg,breakfast,medium,low,room,31.5,open,14.9,0.0
dosa,veg,breakfast,medium,low,room,28.6,open,29.7,0.0
plain_rice,veg,rice,medium,low,fridge,4.1,open,44.4,0.0
plain_rice,veg,rice,medium,low,fridge,5.2,closed,30.4,12.78
halwa,veg,sweet,medium,high,fridge,2.5,open,7.3,61.07
chicken_biryani,nonveg,rice,medium,medium,fridge,3.0,open,41.9,0.0
curd,dairy,liquid,high,low,room,26.7,closed,27.6,0.0
paratha,veg,bread,low,high,room,34.5,open,38.5,0.0
dal_tadka,veg,curry,high,low,room,28.4,open,24.5,0.0
chicken_biryani,nonveg,rice,medium,medium,fridge,2.7,open,18.5,14.9
dal_tadka,veg,curry,high,low,room,30.1,closed,19.5,0.0
naan,veg,bread,low,medium,fridge,5.7,open,41.0,8.24
dosa,veg,breakfast,medium,low,room,28.7,closed,19.1,0.0
pakora,veg,fried,low,high,room,27.5,open,8.8,1.81
jeera_rice,veg,rice,medium,low,fridge,4.5,closed,10.9,27.02
chicken_curry,nonveg,curry,high,medium,room,36.4,closed,29.1,0.0
dosa,veg,breakfast,medium,low,fridge,8.0,open,21.3,14.04
idli,veg,breakfast,medium,low,room,31.1,open,44.0,0.0
pakora,veg,fried,low,high,fridge,6.9,open,26.6,14.76
plain_rice,veg,rice,medium,low,room,33.5,open,22.6,0.0
pakora,veg,fried,low,high,room,27.2,closed,45.9,0.0
jeera_rice,veg,rice,medium,low,fridge,7.4,open,34.3,0.0
paratha,veg,bread,low,high,room,31.4,open,2.4,15.1
paratha,veg,bread,low,high,fridge,7.1,open,8.0,49.99
naan,veg,bread,low,medium,room,25.4,closed,19.6,3.52
gulab_jamun,dairy,sweet,high,medium,room,27.8,closed,36.5,0.0
chicken_biryani,nonveg,rice,medium,medium,room,35.2,closed,38.3,0.0
samosa,veg,fried,low,high,fridge,7.8,open,32.9,14.25
curd,dairy,liquid,high,low,room,29.9,open,0.6,10.74
idli,veg,breakfast,medium,low,fridge,7.3,closed,41.4,0.0
dal_tadka,veg,curry,high,low,fridge,6.6,closed,19.4,29.19
dal_tadka,veg,curry,high,low,room,36.8,open,10.0,0.0
chicken_curry,nonveg,curry,high,medium,fridge,7.7,closed,22.7,7.96
veg_pulao,veg,rice,medium,medium,fridge,3.8,open,44.7,0.0
paratha,veg,bread,low,high,room,27.7,open,43.3,0.0
chicken_biryani,nonveg,rice,medium,medium,fridge,2.7,closed,11.7,29.13
curd,dairy,liquid,high,low,fridge,4.3,open,1.9,41.11
roti,veg,bread,low,low,room,30.4,closed,22.0,0.5
jeera_rice,veg,rice,medium,low,room,27.4,closed,28.0,0.0
jeera_rice,veg,rice,medium,low,room,26.9,open,13.6,0.0
plain_rice,veg,rice,medium,low,fridge,3.6,closed,26.3,6.84
curd,dairy,liquid,high,low,fridge,5.0,closed,4.1,43.97
roti,veg,bread,low,low,fridge,3.7,open,8.1,32.75
curd,dairy,liquid,high,low,fridge,7.1,closed,1.1,58.23
fish_curry,nonveg,curry,high,low,room,28.4,closed,14.2,0.0
gulab_jamun,dairy,sweet,high,medium,fridge,7.5,closed,35.1,18.41
veg_pulao,veg,rice,medium,medium,room,26.2,open,9.9,0.0
naan,veg,bread,low,medium,fridge,5.7,closed,47.7,2.05
chicken_biryani,nonveg,rice,medium,medium,room,34.7,open,7.3,1.42
roti,veg,bread,low,low,fridge,6.0,closed,15.2,50.7
dosa,veg,breakfast,medium,low,fridge,6.1,open,5.8,29.38
idli,veg,breakfast,medium,low,fridge,6.3,open,10.4,15.9
milk,dairy,liquid,high,low,fridge,7.7,closed,33.8,15.83
jeera_rice,veg,rice,medium,low,room,27.9,open,41.7,0.0
halwa,veg,sweet,medium,high,room,33.5,open,2.7,13.09
pakora,veg,fried,low,high,room,29.3,closed,17.7,0.0
chicken_curry,nonveg,curry,high,medium,fridge,5.2,closed,20.9,16.12
plain_rice,veg,rice,medium,low,fridge,2.9,open,44.0,0.0
dosa,veg,breakfast,medium,low,room,27.3,closed,31.4,0.0
pakora,veg,fried,low,high,room,36.4,open,39.4,0.0
dosa,veg,breakfast,medium,low,fridge,8.0,open,12.1,22.13
milk,dairy,liquid,high,low,fridge,6.0,open,25.8,17.59
chicken_curry,nonveg,curry,high,medium,room,30.7,open,34.9,0.0
idli,veg,breakfast,medium,low,room,33.8,closed,24.5,0.0
gulab_jamun,dairy,sweet,high,medium,room,31.7,open,32.9,0.0
fish_curry,nonveg,curry,high,low,room,33.8,open,35.6,0.0
veg_pulao,veg,rice,medium,medium,room,27.6,closed,33.4,0.0
veg_pulao,veg,rice,medium,medium,room,26.0,closed,11.4,0.0
paratha,veg,bread,low,high,fridge,7.6,closed,39.6,24.31
idli,veg,breakfast,medium,low,room,29.9,open,44.5,0.0
curd,dairy,liquid,high,low,fridge,7.7,open,18.0,20.85
paratha,veg,bread,low,high,room,29.4,closed,33.1,0.0
roti,veg,bread,low,low,fridge,6.3,closed,14.0,32.9
dal_tadka,veg,curry,high,low,room,24.2,open,33.2,0.0
chicken_curry,nonveg,curry,high,medium,room,30.4,closed,2.8,7.18
curd,dairy,liquid,high,low,room,25.4,closed,4.7,5.69
halwa,veg,sweet,medium,high,room,26.3,open,1.2,22.84
idli,veg,breakfast,medium,low,room,29.7,closed,38.9,0.0
paneer_butter_masala,dairy,curry,high,medium,room,33.6,closed,47.7,0.0
dosa,veg,breakfast,medium,low,fridge,5.3,open,26.4,1.62
paratha,veg,bread,low,high,room,34.9,open,35.9,0.0
chicken_biryani,nonveg,rice,medium,medium,fridge,5.7,closed,31.3,8.07
chicken_curry,nonveg,curry,high,medium,room,37.5,closed,11.9,0.0
naan,veg,bread,low,medium,room,25.0,open,23.1,0.0
fish_curry,nonveg,curry,high,low,fridge,3.2,closed,36.1,0.0
dosa,veg,breakfast,medium,low,room,30.8,open,10.3,0.0
chicken_biryani,nonveg,rice,medium,medium,room,31.9,open,6.9,0.0
fish_curry,nonveg,curry,high,low,fridge,7.3,closed,30.8,0.0
jeera_rice,veg,rice,medium,low,fridge,5.8,closed,12.9,36.51
chicken_biryani,nonveg,rice,medium,medium,room,27.8,open,24.6,0.0
roti,veg,bread,low,low,room,37.7,open,26.9,0.0
plain_rice,veg,rice,medium,low,fridge,3.3,open,46.5,0.0
fish_curry,nonveg,curry,high,low,fridge,3.2,closed,14.1,4.54
dosa,veg,breakfast,medium,low,fridge,6.6,closed,4.3,32.2
chicken_curry,nonveg,curry,high,medium,fridge,2.9,open,43.2,0.0
dal_tadka,veg,curry,high,low,room,37.2,open,5.7,4.81
milk,dairy,liquid,high,low,room,32.7,closed,16.7,0.0
halwa,veg,sweet,medium,high,fridge,5.8,closed,39.6,42.72
chicken_biryani,nonveg,rice,medium,medium,room,35.6,closed,2.9,6.21
paratha,veg,bread,low,high,fridge,3.4,closed,37.5,9.67
dosa,veg,breakfast,medium,low,fridge,4.0,open,32.0,0.0
jeera_rice,veg,rice,medium,low,fridge,4.3,open,11.5,18.82
curd,dairy,liquid,high,low,room,31.6,open,20.1,0.0
milk,dairy,liquid,high,low,fridge,6.0,open,47.4,0.0
dosa,veg,breakfast,medium,low,room,36.3,open,20.1,0.0
plain_rice,veg,rice,medium,low,fridge,5.7,open,22.6,17.55
curd,dairy,liquid,high,low,fridge,3.0,closed,21.2,24.64
paratha,veg,bread,low,high,room,30.0,closed,18.8,5.04
dal_tadka,veg,curry,high,low,fridge,7.6,closed,4.9,33.82
dal_tadka,veg,curry,high,low,fridge,3.0,closed,32.6,6.75
chicken_biryani,nonveg,rice,medium,medium,fridge,6.0,open,38.8,0.0
idli,veg,breakfast,medium,low,room,27.9,open,12.4,3.19
dosa,veg,breakfast,medium,low,room,25.7,open,45.1,0.0
veg_pulao,veg,rice,medium,medium,room,35.4,open,42.8,0.0
veg_pulao,veg,rice,medium,medium,fridge,2.2,closed,24.2,11.84
naan,veg,bread,low,medium,fridge,4.8,closed,3.4,52.94
chicken_biryani,nonveg,rice,medium,medium,fridge,3.9,open,5.8,18.17
samosa,veg,fried,low,high,fridge,3.7,open,31.5,2.59
veg_pulao,veg,rice,medium,medium,fridge,5.2,open,33.3,0.0
roti,veg,bread,low,low,fridge,6.4,open,47.6,0.0
gulab_jamun,dairy,sweet,high,medium,fridge,6.1,closed,47.7,26.62
halwa,veg,sweet,medium,high,fridge,5.1,closed,9.3,58.51
paneer_butter_masala,dairy,curry,high,medium,fridge,7.1,closed,25.8,2.82
curd,dairy,liquid,high,low,room,36.9,closed,46.1,0.0
naan,veg,bread,low,medium,fridge,5.3,closed,8.5,38.34
milk,dairy,liquid,high,low,room,26.4,open,1.9,4.74
jeera_rice,veg,rice,medium,low,fridge,6.5,open,13.0,22.6
roti,veg,bread,low,low,room,27.4,closed,45.0,0.0
halwa,veg,sweet,medium,high,room,35.9,open,27.1,0.0
plain_rice,veg,rice,medium,low,room,28.0,closed,46.0,0.0
veg_pulao,veg,rice,medium,medium,fridge,8.0,closed,8.8,32.31
dal_tadka,veg,curry,high,low,room,26.1,open,44.9,0.0
veg_pulao,veg,rice,medium,medium,room,35.7,open,5.4,0.26
chicken_curry,nonveg,curry,high,medium,room,25.9,open,41.0,0.0
samosa,veg,fried,low,high,room,30.2,open,22.5,0.0
fish_curry,nonveg,curry,high,low,room,27.4,open,19.6,0.0
dosa,veg,breakfast,medium,low,room,35.0,closed,20.6,0.0
idli,veg,breakfast,medium,low,room,32.8,closed,18.5,0.0
idli,veg,breakfast,medium,low,fridge,5.7,open,33.9,0.0
chicken_biryani,nonveg,rice,medium,medium,room,32.2,open,22.2,0.0
curd,dairy,liquid,high,low,fridge,7.7,open,29.5,18.84
gulab_jamun,dairy,sweet,high,medium,room,37.7,open,39.4,0.0
samosa,veg,fried,low,high,room,28.2,open,0.9,17.09
paneer_butter_masala,dairy,curry,high,medium,fridge,6.3,open,14.3,11.37
pakora,veg,fried,low,high,fridge,6.6,closed,2.9,27.66
veg_pulao,veg,rice,medium,medium,room,37.7,open,30.8,0.0
paratha,veg,bread,low,high,fridge,7.5,closed,3.8,47.97
gulab_jamun,dairy,sweet,high,medium,fridge,7.6,open,27.6,22.24
pakora,veg,fried,low,high,fridge,4.0,closed,9.7,21.99
paratha,veg,bread,low,high,room,33.4,closed,12.7,6.42
fish_curry,nonveg,curry,high,low,room,25.7,closed,32.7,0.0
gulab_jamun,dairy,sweet,high,medium,room,27.0,open,31.0,0.0
roti,veg,bread,low,low,fridge,4.5,closed,39.9,25.22
halwa,veg,sweet,medium,high,room,33.1,closed,19.7,1.15
chicken_biryani,nonveg,rice,medium,medium,room,32.8,open,30.5,0.0
samosa,veg,fried,low,high,room,25.4,closed,28.5,0.0
roti,veg,bread,low,low,room,35.7,open,2.3,15.06
samosa,veg,fried,low,high,fridge,2.3,closed,40.5,0.0
chicken_curry,nonveg,curry,high,medium,fridge,6.7,open,16.1,5.82
roti,veg,bread,low,low,room,30.2,closed,28.8,0.0
fish_curry,nonveg,curry,high,low,fridge,6.2,closed,25.3,0.0
gulab_jamun,dairy,sweet,high,medium,fridge,6.7,open,38.5,17.62
plain_rice,veg,rice,medium,low,fridge,3.9,closed,39.2,0.0
dal_tadka,veg,curry,high,low,room,29.4,closed,8.9,3.53
fish_curry,nonveg,curry,high,low,fridge,3.1,open,46.5,0.0
jeera_rice,veg,rice,medium,low,room,37.9,open,6.7,0.0
roti,veg,bread,low,low,fridge,5.6,closed,34.3,31.82
gulab_jamun,dairy,sweet,high,medium,room,30.1,open,5.1,15.38
fish_curry,nonveg,curry,high,low,room,34.5,closed,11.0,0.0
veg_pulao,veg,rice,medium,medium,fridge,7.1,closed,44.6,0.0
fish_curry,nonveg,curry,high,low,fridge,3.5,open,42.8,0.0
dal_tadka,veg,curry,high,low,room,28.2,open,28.5,0.0
naan,veg,bread,low,medium,room,37.1,open,13.1,0.71
paratha,veg,bread,low,high,fridge,2.3,closed,42.5,11.49
curd,dairy,liquid,high,low,room,37.0,closed,4.4,3.83
halwa,veg,sweet,medium,high,room,33.3,closed,9.4,15.46
idli,veg,breakfast,medium,low,room,24.4,closed,12.0,0.9
samosa,veg,fried,low,high,room,34.7,closed,44.0,0.0
paratha,veg,bread,low,high,fridge,3.3,closed,24.0,46.59
idli,veg,breakfast,medium,low,room,30.9,open,22.4,0.0
curd,dairy,liquid,high,low,room,24.2,closed,14.5,0.0
pakora,veg,fried,low,high,fridge,6.2,open,2.3,33.7
paratha,veg,bread,low,high,room,27.6,open,4.5,21.33
pakora,veg,fried,low,high,room,28.0,open,16.6,0.0
gulab_jamun,dairy,sweet,high,medium,fridge,7.3,closed,4.7,78.99
pakora,veg,fried,low,high,fridge,3.1,open,24.9,6.41
dosa,veg,breakfast,medium,low,room,25.3,closed,17.2,0.0
naan,veg,bread,low,medium,fridge,6.3,closed,44.5,0.04
gulab_jamun,dairy,sweet,high,medium,fridge,5.9,open,34.4,41.53
gulab_jamun,dairy,sweet,high,medium,room,34.5,open,15.7,1.99
milk,dairy,liquid,high,low,room,33.8,open,12.3,0.0
pakora,veg,fried,low,high,room,32.2,open,32.2,0.0
halwa,veg,sweet,medium,high,room,26.0,open,15.9,11.88
fish_curry,nonveg,curry,high,low,fridge,3.3,closed,40.9,0.0
fish_curry,nonveg,curry,high,low,room,27.3,open,44.4,0.0
chicken_biryani,nonveg,rice,medium,medium,fridge,5.5,closed,10.0,28.52
dal_tadka,veg,curry,high,low,fridge,6.1,closed,1.4,39.17
paneer_butter_masala,dairy,curry,high,medium,room,31.4,closed,8.0,1.71
roti,veg,bread,low,low,room,26.1,open,42.8,0.0
paratha,veg,bread,low,high,room,32.4,closed,35.3,0.0
dosa,veg,breakfast,medium,low,fridge,7.6,closed,5.5,24.38
naan,veg,bread,low,medium,room,32.5,open,33.6,0.0
idli,veg,breakfast,medium,low,room,35.4,closed,42.9,0.0
idli,veg,breakfast,medium,low,room,37.0,closed,35.5,0.0
jeera_rice,veg,rice,medium,low,fridge,4.2,open,26.8,0.33
naan,veg,bread,low,medium,room,36.7,open,36.3,0.0
halwa,veg,sweet,medium,high,fridge,7.2,open,43.9,31.82
halwa,veg,sweet,medium,high,fridge,3.7,closed,21.9,33.23
dal_tadka,veg,curry,high,low,room,29.0,open,31.5,0.0
milk,dairy,liquid,high,low,room,32.6,open,26.4,0.0
curd,dairy,liquid,high,low,fridge,4.2,open,47.9,0.0
curd,dairy,liquid,high,low,room,25.1,open,4.1,8.72
idli,veg,breakfast,medium,low,fridge,5.1,open,39.0,2.12
roti,veg,bread,low,low,room,34.7,closed,37.9,0.0
dal_tadka,veg,curry,high,low,fridge,3.9,open,11.8,14.37
samosa,veg,fried,low,high,fridge,3.4,open,4.2,35.69
curd,dairy,liquid,high,low,fridge,3.3,open,26.1,33.3
halwa,veg,sweet,medium,high,fridge,4.8,closed,32.2,23.57
milk,dairy,liquid,high,low,room,27.1,open,36.9,0.0
roti,veg,bread,low,low,room,33.3,open,29.0,0.0
paratha,veg,bread,low,high,fridge,2.2,open,38.7,25.09
dosa,veg,breakfast,medium,low,fridge,2.7,closed,11.0,15.12
milk,dairy,liquid,high,low,fridge,4.0,open,23.1,10.03
idli,veg,breakfast,medium,low,room,27.5,open,25.8,0.0
veg_pulao,veg,rice,medium,medium,room,26.0,closed,3.9,6.57
plain_rice,veg,rice,medium,low,fridge,7.5,open,43.5,0.0
plain_rice,veg,rice,medium,low,fridge,6.1,closed,31.5,14.32
jeera_rice,veg,rice,medium,low,room,36.1,closed,44.4,0.0
jeera_rice,veg,rice,medium,low,room,33.9,open,6.9,3.24
chicken_biryani,nonveg,rice,medium,medium,room,27.0,closed,19.9,0.0
gulab_jamun,dairy,sweet,high,medium,room,32.0,closed,36.0,0.0
fish_curry,nonveg,curry,high,low,room,32.8,open,11.9,0.0
naan,veg,bread,low,medium,fridge,3.1,closed,2.5,53.5
samosa,veg,fried,low,high,room,26.4,open,37.9,0.0
jeera_rice,veg,rice,medium,low,room,36.2,open,37.9,0.0
chicken_curry,nonveg,curry,high,medium,fridge,7.8,closed,45.2,0.0
dal_tadka,veg,curry,high,low,fridge,5.6,open,12.0,26.6
milk,dairy,liquid,high,low,room,35.5,closed,25.5,0.0
roti,veg,bread,low,low,fridge,7.4,closed,37.6,33.27
paratha,veg,bread,low,high,fridge,5.1,open,13.8,52.81
jeera_rice,veg,rice,medium,low,room,26.1,closed,15.9,0.0
gulab_jamun,dairy,sweet,high,medium,fridge,7.4,closed,19.1,45.08
dal_tadka,veg,curry,high,low,fridge,2.2,closed,26.0,10.42
milk,dairy,liquid,high,low,fridge,5.5,closed,33.7,5.28
curd,dairy,liquid,high,low,room,34.3,open,47.0,0.0
dosa,veg,breakfast,medium,low,room,28.3,open,14.3,0.0
plain_rice,veg,rice,medium,low,fridge,2.6,closed,15.2,33.88
idli,veg,breakfast,medium,low,room,28.3,closed,26.2,0.0
paratha,veg,bread,low,high,room,29.8,open,36.2,0.0
chicken_curry,nonveg,curry,high,medium,fridge,6.6,closed,43.7,0.0
paneer_butter_masala,dairy,curry,high,medium,room,32.3,open,33.1,0.0
samosa,veg,fried,low,high,fridge,5.9,closed,36.8,4.28
chicken_curry,nonveg,curry,high,medium,fridge,5.1,open,0.9,24.87
halwa,veg,sweet,medium,high,fridge,3.6,open,0.6,62.56
fish_curry,nonveg,curry,high,low,room,33.6,open,40.4,0.0
plain_rice,veg,rice,medium,low,fridge,5.7,closed,22.4,9.85
pakora,veg,fried,low,high,room,33.3,closed,21.0,0.0
samosa,veg,fried,low,high,room,29.0,open,10.2,9.39
veg_pulao,veg,rice,medium,medium,room,24.2,open,0.4,8.34
curd,dairy,liquid,high,low,room,34.7,closed,23.6,0.0
dal_tadka,veg,curry,high,low,room,24.1,open,5.9,8.81
chicken_curry,nonveg,curry,high,medium,fridge,3.9,closed,45.6,0.0
paneer_butter_masala,dairy,curry,high,medium,fridge,4.3,open,23.0,5.83
naan,veg,bread,low,medium,room,36.4,open,14.5,1.09
paneer_butter_masala,dairy,curry,high,medium,room,35.3,closed,48.0,0.0
chicken_biryani,nonveg,rice,medium,medium,fridge,8.0,closed,39.5,0.0
paneer_butter_masala,dairy,curry,high,medium,fridge,6.3,closed,26.6,4.68
dal_tadka,veg,curry,high,low,fridge,5.5,open,6.1,34.29
halwa,veg,sweet,medium,high,fridge,6.1,closed,11.3,73.09
veg_pulao,veg,rice,medium,medium,room,33.8,open,0.4,5.88
chicken_curry,nonveg,curry,high,medium,fridge,5.2,open,11.6,16.5
paneer_butter_masala,dairy,curry,high,medium,fridge,7.1,closed,34.3,0.0
samosa,veg,fried,low,high,fridge,4.3,closed,27.0,24.66
milk,dairy,liquid,high,low,room,37.0,open,24.5,0.0
idli,veg,breakfast,medium,low,fridge,2.4,closed,12.7,33.63
veg_pulao,veg,rice,medium,medium,room,33.0,closed,14.9,0.0
curd,dairy,liquid,high,low,fridge,7.8,open,33.3,28.01
veg_pulao,veg,rice,medium,medium,room,25.9,open,11.5,0.0
fish_curry,nonveg,curry,high,low,fridge,2.8,closed,46.4,0.0
roti,veg,bread,low,low,fridge,7.2,open,25.3,12.47
curd,dairy,liquid,high,low,fridge,5.8,open,34.5,6.73
fish_curry,nonveg,curry,high,low,fridge,3.1,open,22.2,2.8
milk,dairy,liquid,high,low,fridge,8.0,closed,32.6,20.45
paneer_butter_masala,dairy,curry,high,medium,room,37.3,closed,15.7,0.0
dosa,veg,breakfast,medium,low,room,26.5,open,2.0,7.84
halwa,veg,sweet,medium,high,fridge,3.0,open,21.7,48.3
samosa,veg,fried,low,high,room,34.4,closed,46.6,0.0
curd,dairy,liquid,high,low,room,31.6,open,6.3,2.62
curd,dairy,liquid,high,low,fridge,4.6,closed,13.3,55.0
samosa,veg,fried,low,high,fridge,5.8,open,13.3,22.15
idli,veg,breakfast,medium,low,room,26.7,closed,42.9,0.0
milk,dairy,liquid,high,low,room,31.1,open,43.1,0.0
jeera_rice,veg,rice,medium,low,room,26.8,open,29.7,0.0
dal_tadka,veg,curry,high,low,room,36.4,open,6.0,2.32
gulab_jamun,dairy,sweet,high,medium,room,31.8,closed,37.1,0.0
chicken_biryani,nonveg,rice,medium,medium,fridge,6.0,closed,28.7,7.39
pakora,veg,fried,low,high,fridge,3.2,open,30.5,11.06
dal_tadka,veg,curry,high,low,room,28.9,closed,28.8,0.0
roti,veg,bread,low,low,room,27.1,open,39.1,0.0
halwa,veg,sweet,medium,high,fridge,3.3,open,10.5,42.91
paneer_butter_masala,dairy,curry,high,medium,room,36.8,closed,2.7,6.3
dal_tadka,veg,curry,high,low,room,29.3,open,13.0,0.0
halwa,veg,sweet,medium,high,room,33.5,closed,16.2,10.59
dosa,veg,breakfast,medium,low,room,24.3,closed,12.3,0.0
pakora,veg,fried,low,high,room,37.8,closed,19.2,0.0
naan,veg,bread,low,medium,room,28.3,closed,5.0,12.97
samosa,veg,fried,low,high,fridge,4.3,closed,39.0,15.79
jeera_rice,veg,rice,medium,low,room,34.9,open,16.3,0.0
plain_rice,veg,rice,medium,low,room,25.9,open,28.1,0.0
jeera_rice,veg,rice,medium,low,room,37.0,closed,24.7,0.0
curd,dairy,liquid,high,low,fridge,5.7,open,21.7,27.55
pakora,veg,fried,low,high,room,35.3,closed,32.5,0.0
samosa,veg,fried,low,high,room,29.4,closed,38.1,0.0
chicken_curry,nonveg,curry,high,medium,fridge,5.6,open,46.6,0.0
dal_tadka,veg,curry,high,low,fridge,5.7,open,46.8,0.0
chicken_biryani,nonveg,rice,medium,medium,fridge,3.5,open,21.7,6.13
halwa,veg,sweet,medium,high,room,24.6,open,17.3,8.7
curd,dairy,liquid,high,low,fridge,2.1,open,10.4,32.24
chicken_curry,nonveg,curry,high,medium,fridge,3.1,open,11.0,13.46
idli,veg,breakfast,medium,low,fridge,3.8,closed,11.5,20.16
veg_pulao,veg,rice,medium,medium,fridge,4.4,open,35.6,0.0
paneer_butter_masala,dairy,curry,high,medium,fridge,2.4,closed,47.7,0.0
jeera_rice,veg,rice,medium,low,fridge,6.7,closed,44.8,0.0
veg_pulao,veg,rice,medium,medium,fridge,8.0,open,7.0,27.96
gulab_jamun,dairy,sweet,high,medium,room,33.6,closed,13.2,8.61
veg_pulao,veg,rice,medium,medium,fridge,7.0,closed,12.0,24.61
paneer_butter_masala,dairy,curry,high,medium,fridge,5.2,closed,33.0,0.0
halwa,veg,sweet,medium,high,room,37.8,closed,47.4,0.0
curd,dairy,liquid,high,low,room,25.8,closed,0.4,11.86
idli,veg,breakfast,medium,low,room,34.2,closed,2.7,10.27
idli,veg,breakfast,medium,low,room,31.0,closed,33.3,0.0
paratha,veg,bread,low,high,room,26.0,closed,39.7,0.0
veg_pulao,veg,rice,medium,medium,room,30.6,closed,17.1,0.0
paneer_butter_masala,dairy,curry,high,medium,fridge,7.5,closed,33.5,1.63
dal_tadka,veg,curry,high,low,room,36.2,closed,38.3,0.0
paneer_butter_masala,dairy,curry,high,medium,fridge,5.7,open,17.0,9.73
gulab_jamun,dairy,sweet,high,medium,room,29.8,closed,2.5,16.24
milk,dairy,liquid,high,low,room,36.6,open,43.4,0.0
plain_rice,veg,rice,medium,low,fridge,4.7,closed,19.7,10.41
curd,dairy,liquid,high,low,room,36.0,closed,3.2,5.74
plain_rice,veg,rice,medium,low,fridge,2.7,closed,27.2,10.85
chicken_curry,nonveg,curry,high,medium,room,31.6,closed,11.5,0.0
jeera_rice,veg,rice,medium,low,room,37.4,closed,42.0,0.0
curd,dairy,liquid,high,low,fridge,2.9,open,0.3,47.05
paneer_butter_masala,dairy,curry,high,medium,fridge,3.7,open,8.8,15.93
halwa,veg,sweet,medium,high,fridge,3.6,open,9.9,48.51
pakora,veg,fried,low,high,fridge,4.8,closed,36.3,0.0
samosa,veg,fried,low,high,fridge,5.7,closed,24.5,23.52
roti,veg,bread,low,low,fridge,7.5,open,36.2,6.55
samosa,veg,fried,low,high,fridge,8.0,open,14.5,16.86
roti,veg,bread,low,low,fridge,3.9,closed,9.8,45.0
idli,veg,breakfast,medium,low,fridge,7.1,open,4.7,27.78
fish_curry,nonveg,curry,high,low,fridge,4.9,open,21.4,0.0
naan,veg,bread,low,medium,fridge,6.5,open,25.6,16.72
paneer_butter_masala,dairy,curry,high,medium,room,27.0,open,17.0,0.0
milk,dairy,liquid,high,low,fridge,4.3,closed,43.1,9.03
paneer_butter_masala,dairy,curry,high,medium,room,26.6,open,40.1,0.0
roti,veg,bread,low,low,room,32.6,closed,15.2,0.0
halwa,veg,sweet,medium,high,room,33.9,open,26.7,0.0
dosa,veg,breakfast,medium,low,room,33.4,open,43.1,0.0
veg_pulao,veg,rice,medium,medium,room,30.8,closed,33.4,0.0
halwa,veg,sweet,medium,high,fridge,4.9,open,35.0,36.19
naan,veg,bread,low,medium,fridge,2.8,open,1.7,38.9
dal_tadka,veg,curry,high,low,fridge,7.7,open,21.8,6.35
dal_tadka,veg,curry,high,low,fridge,2.8,closed,16.6,28.27
pakora,veg,fried,low,high,room,34.3,open,40.7,0.0
roti,veg,bread,low,low,fridge,4.5,closed,5.4,45.95
fish_curry,nonveg,curry,high,low,fridge,3.8,closed,43.9,0.0
halwa,veg,sweet,medium,high,fridge,7.5,open,12.3,55.6
chicken_curry,nonveg,curry,high,medium,room,33.2,closed,33.1,0.0
pakora,veg,fried,low,high,room,38.0,closed,14.4,0.0
veg_pulao,veg,rice,medium,medium,fridge,2.0,closed,1.4,36.68
roti,veg,bread,low,low,room,24.3,closed,14.4,9.97
chicken_curry,nonveg,curry,high,medium,room,33.0,open,12.8,0.0
naan,veg,bread,low,medium,fridge,2.8,open,34.3,7.83
chicken_curry,nonveg,curry,high,medium,room,24.3,closed,31.2,0.0
gulab_jamun,dairy,sweet,high,medium,room,28.7,closed,12.9,5.32
veg_pulao,veg,rice,medium,medium,room,25.7,open,26.5,0.0
gulab_jamun,dairy,sweet,high,medium,room,27.4,closed,33.7,0.0
paneer_butter_masala,dairy,curry,high,medium,room,35.1,closed,44.9,0.0
plain_rice,veg,rice,medium,low,room,32.6,closed,23.7,0.0
naan,veg,bread,low,medium,fridge,2.6,closed,12.1,51.18
chicken_curry,nonveg,curry,high,medium,fridge,4.3,open,46.2,0.0
chicken_biryani,nonveg,rice,medium,medium,room,24.3,closed,17.4,0.0
chicken_curry,nonveg,curry,high,medium,fridge,7.8,open,11.1,18.06
halwa,veg,sweet,medium,high,fridge,4.0,closed,41.4,25.28
paneer_butter_masala,dairy,curry,high,medium,room,32.7,closed,26.5,0.0
curd,dairy,liquid,high,low,room,36.4,closed,21.1,0.0
paneer_butter_masala,dairy,curry,high,medium,fridge,7.1,closed,36.9,0.0
chicken_curry,nonveg,curry,high,medium,fridge,7.7,open,19.3,0.0
chicken_biryani,nonveg,rice,medium,medium,room,28.6,open,17.8,0.0
dosa,veg,breakfast,medium,low,room,33.4,open,27.0,0.0
curd,dairy,liquid,high,low,fridge,6.9,closed,17.1,40.62
roti,veg,bread,low,low,fridge,3.6,open,2.2,54.92
pakora,veg,fried,low,high,room,26.7,open,2.6,8.23
halwa,veg,sweet,medium,high,room,29.2,closed,32.2,2.18
dal_tadka,veg,curry,high,low,fridge,7.2,open,32.9,0.0
curd,dairy,liquid,high,low,fridge,5.1,closed,26.6,29.7
roti,veg,bread,low,low,fridge,2.1,closed,3.2,61.79
paratha,veg,bread,low,high,fridge,2.4,open,16.1,41.58
dosa,veg,breakfast,medium,low,fridge,3.7,closed,33.9,0.0
dal_tadka,veg,curry,high,low,room,35.5,open,6.0,1.94
gulab_jamun,dairy,sweet,high,medium,fridge,7.0,closed,41.3,38.44
halwa,veg,sweet,medium,high,fridge,3.9,open,7.5,48.23
naan,veg,bread,low,medium,room,24.0,closed,4.3,11.2
roti,veg,bread,low,low,room,34.0,closed,36.2,0.0
roti,veg,bread,low,low,fridge,3.4,closed,13.9,56.46
paratha,veg,bread,low,high,fridge,3.7,open,8.8,43.52
fish_curry,nonveg,curry,high,low,room,34.6,closed,35.5,0.0
dal_tadka,veg,curry,high,low,fridge,2.7,closed,19.3,28.69
veg_pulao,veg,rice,medium,medium,fridge,3.9,closed,15.7,22.5
gulab_jamun,dairy,sweet,high,medium,room,32.0,open,3.9,15.63
roti,veg,bread,low,low,fridge,6.6,open,39.8,4.07
fish_curry,nonveg,curry,high,low,fridge,3.9,open,34.7,0.0
fish_curry,nonveg,curry,high,low,fridge,4.8,open,16.8,2.48
milk,dairy,liquid,high,low,fridge,2.2,closed,26.3,11.07
fish_curry,nonveg,curry,high,low,room,35.6,closed,17.6,0.0
milk,dairy,liquid,high,low,room,31.4,closed,24.4,0.0
chicken_biryani,nonveg,rice,medium,medium,room,29.1,closed,41.6,0.0
curd,dairy,liquid,high,low,room,27.7,open,27.7,0.0
paratha,veg,bread,low,high,fridge,4.6,closed,27.8,41.15
samosa,veg,fried,low,high,room,33.5,closed,38.9,0.0
milk,dairy,liquid,high,low,fridge,2.6,closed,13.8,34.78
dosa,veg,breakfast,medium,low,fridge,2.4,closed,16.4,10.29
paneer_butter_masala,dairy,curry,high,medium,room,32.9,closed,5.0,3.37
dal_tadka,veg,curry,high,low,fridge,3.3,open,6.9,25.07
halwa,veg,sweet,medium,high,fridge,5.7,open,39.9,6.52
gulab_jamun,dairy,sweet,high,medium,room,34.4,open,28.8,0.0
dosa,veg,breakfast,medium,low,room,24.2,open,31.4,0.0
halwa,veg,sweet,medium,high,room,36.4,closed,8.1,13.25
veg_pulao,veg,rice,medium,medium,fridge,3.2,open,10.9,12.46
milk,dairy,liquid,high,low,fridge,4.8,open,29.4,15.17
jeera_rice,veg,rice,medium,low,fridge,7.3,closed,30.7,9.44
chicken_curry,nonveg,curry,high,medium,fridge,6.9,open,18.0,3.12
veg_pulao,veg,rice,medium,medium,fridge,2.0,closed,43.8,0.0
roti,veg,bread,low,low,room,29.8,closed,13.0,9.22
milk,dairy,liquid,high,low,room,27.8,closed,11.2,0.0
plain_rice,veg,rice,medium,low,room,37.4,open,24.2,0.0
paneer_butter_masala,dairy,curry,high,medium,fridge,3.6,closed,11.5,23.04
gulab_jamun,dairy,sweet,high,medium,room,30.8,open,40.7,0.0
samosa,veg,fried,low,high,room,25.6,closed,11.2,11.22
roti,veg,bread,low,low,room,33.9,closed,27.5,0.0
dal_tadka,veg,curry,high,low,fridge,4.2,closed,1.9,41.68
curd,dairy,liquid,high,low,fridge,2.3,open,29.1,30.62
plain_rice,veg,rice,medium,low,fridge,4.4,closed,22.2,21.44
dal_tadka,veg,curry,high,low,room,35.1,open,41.9,0.0
roti,veg,bread,low,low,fridge,7.1,closed,44.2,2.83
veg_pulao,veg,rice,medium,medium,room,32.9,closed,15.1,0.0
naan,veg,bread,low,medium,room,34.7,open,8.1,8.59
dal_tadka,veg,curry,high,low,room,31.2,open,11.1,0.0
milk,dairy,liquid,high,low,fridge,5.2,open,19.1,15.16
chicken_biryani,nonveg,rice,medium,medium,room,37.8,open,34.7,0.0
dosa,veg,breakfast,medium,low,fridge,3.3,closed,34.5,0.52
dosa,veg,breakfast,medium,low,room,37.7,open,10.3,0.0
pakora,veg,fried,low,high,fridge,7.1,closed,38.0,9.94
chicken_biryani,nonveg,rice,medium,medium,room,32.4,open,39.8,0.0
samosa,veg,fried,low,high,room,34.1,open,33.9,0.0
fish_curry,nonveg,curry,high,low,room,28.5,closed,24.0,0.0
halwa,veg,sweet,medium,high,room,32.0,open,7.0,11.54
gulab_jamun,dairy,sweet,high,medium,fridge,4.8,closed,16.4,72.49
gulab_jamun,dairy,sweet,high,medium,fridge,7.7,closed,17.1,37.49
dosa,veg,breakfast,medium,low,fridge,4.3,closed,10.9,29.55
dal_tadka,veg,curry,high,low,fridge,2.2,closed,45.8,0.0
veg_pulao,veg,rice,medium,medium,fridge,5.6,closed,10.6,26.38
samosa,veg,fried,low,high,fridge,6.2,closed,23.8,12.54
milk,dairy,liquid,high,low,fridge,8.0,open,41.0,0.0
plain_rice,veg,rice,medium,low,room,30.0,closed,38.2,0.0
chicken_biryani,nonveg,rice,medium,medium,room,36.9,open,34.0,0.0
roti,veg,bread,low,low,room,32.8,open,36.5,0.0
naan,veg,bread,low,medium,room,24.9,closed,25.6,0.0
idli,veg,breakfast,medium,low,fridge,5.1,closed,44.1,0.0
dosa,veg,breakfast,medium,low,fridge,4.7,closed,22.8,12.39
fish_curry,nonveg,curry,high,low,fridge,2.2,closed,21.5,4.46
samosa,veg,fried,low,high,fridge,5.1,open,21.7,17.31
milk,dairy,liquid,high,low,fridge,2.7,closed,7.7,31.04
veg_pulao,veg,rice,medium,medium,fridge,6.2,open,29.6,0.0
halwa,veg,sweet,medium,high,fridge,5.6,closed,15.2,54.17
chicken_biryani,nonveg,rice,medium,medium,fridge,4.8,closed,44.0,0.0
veg_pulao,veg,rice,medium,medium,room,36.8,closed,11.4,0.0
jeera_rice,veg,rice,medium,low,room,28.6,closed,16.2,0.0
dosa,veg,breakfast,medium,low,room,33.5,closed,37.0,0.0
chicken_biryani,nonveg,rice,medium,medium,fridge,5.0,closed,43.3,0.0
veg_pulao,veg,rice,medium,medium,room,29.1,closed,1.1,10.74
halwa,veg,sweet,medium,high,fridge,2.4,open,39.7,13.27
halwa,veg,sweet,medium,high,fridge,2.5,open,28.0,39.9
dosa,veg,breakfast,medium,low,room,27.6,closed,16.3,0.0
halwa,veg,sweet,medium,high,room,30.0,open,37.4,0.0
fish_curry,nonveg,curry,high,low,fridge,7.3,open,15.0,1.13
dosa,veg,breakfast,medium,low,fridge,7.9,closed,10.0,28.13
paneer_butter_masala,dairy,curry,high,medium,room,35.0,closed,25.8,0.0
curd,dairy,liquid,high,low,fridge,5.9,closed,22.2,24.16
halwa,veg,sweet,medium,high,fridge,7.3,closed,41.3,32.91
plain_rice,veg,rice,medium,low,room,30.1,closed,7.8,1.9
curd,dairy,liquid,high,low,fridge,7.3,closed,18.7,38.88
samosa,veg,fried,low,high,fridge,7.3,open,11.3,35.1
gulab_jamun,dairy,sweet,high,medium,fridge,7.1,open,0.9,54.63
milk,dairy,liquid,high,low,room,25.7,closed,12.7,0.0
dal_tadka,veg,curry,high,low,fridge,5.7,open,3.7,29.17
paneer_butter_masala,dairy,curry,high,medium,room,30.1,open,45.5,0.0
roti,veg,bread,low,low,fridge,7.9,open,45.9,10.49
dosa,veg,breakfast,medium,low,fridge,6.3,open,47.9,0.0
fish_curry,nonveg,curry,high,low,fridge,3.0,closed,26.8,0.09
gulab_jamun,dairy,sweet,high,medium,room,33.9,closed,0.2,17.22
naan,veg,bread,low,medium,fridge,3.9,open,10.4,32.89
roti,veg,bread,low,low,fridge,7.2,open,43.2,11.71
chicken_biryani,nonveg,rice,medium,medium,fridge,5.9,closed,9.1,24.48
dal_tadka,veg,curry,high,low,room,28.0,open,9.2,1.62
curd,dairy,liquid,high,low,fridge,4.2,closed,1.4,71.83
plain_rice,veg,rice,medium,low,fridge,2.8,closed,35.0,1.67
idli,veg,breakfast,medium,low,room,32.7,open,11.4,0.0
idli,veg,breakfast,medium,low,fridge,2.7,closed,19.0,25.78
dal_tadka,veg,curry,high,low,fridge,5.0,open,23.1,9.93
dal_tadka,veg,curry,high,low,room,28.4,closed,15.7,0.0
idli,veg,breakfast,medium,low,room,37.4,closed,21.7,0.0
dal_tadka,veg,curry,high,low,fridge,2.3,open,37.7,1.85
paneer_butter_masala,dairy,curry,high,medium,fridge,3.7,open,17.9,13.71
milk,dairy,liquid,high,low,room,30.8,closed,41.8,0.0
fish_curry,nonveg,curry,high,low,room,33.1,closed,24.0,0.0
paratha,veg,bread,low,high,fridge,6.8,open,3.9,37.84
chicken_curry,nonveg,curry,high,medium,fridge,7.8,closed,36.9,0.0
idli,veg,breakfast,medium,low,fridge,6.9,closed,39.5,0.4
samosa,veg,fried,low,high,fridge,3.2,closed,22.8,14.29
paneer_butter_masala,dairy,curry,high,medium,fridge,5.3,open,6.2,13.32
idli,veg,breakfast,medium,low,room,28.4,open,2.8,7.53
dal_tadka,veg,curry,high,low,room,30.1,closed,37.0,0.0
paneer_butter_masala,dairy,curry,high,medium,fridge,7.9,closed,35.1,0.0
paratha,veg,bread,low,high,fridge,3.2,closed,33.0,31.64
milk,dairy,liquid,high,low,room,35.7,open,42.2,0.0
dosa,veg,breakfast,medium,low,room,25.6,closed,12.2,0.0
samosa,veg,fried,low,high,room,29.3,closed,38.2,0.0
fish_curry,nonveg,curry,high,low,room,33.6,open,9.5,0.0
gulab_jamun,dairy,sweet,high,medium,fridge,4.9,open,16.3,35.57
plain_rice,veg,rice,medium,low,room,25.8,closed,0.2,10.34
halwa,veg,sweet,medium,high,room,33.2,closed,3.3,22.18
fish_curry,nonveg,curry,high,low,room,26.3,open,47.2,0.0
veg_pulao,veg,rice,medium,medium,fridge,2.9,closed,38.0,0.0
halwa,veg,sweet,medium,high,fridge,7.8,closed,45.3,11.28
dosa,veg,breakfast,medium,low,room,32.5,closed,24.7,0.0
chicken_biryani,nonveg,rice,medium,medium,fridge,3.0,closed,27.2,9.74
gulab_jamun,dairy,sweet,high,medium,fridge,4.0,closed,4.4,82.48
plain_rice,veg,rice,medium,low,room,33.3,open,47.3,0.0
gulab_jamun,dairy,sweet,high,medium,fridge,6.1,closed,8.0,54.0
idli,veg,breakfast,medium,low,room,37.4,closed,30.9,0.0
veg_pulao,veg,rice,medium,medium,fridge,3.6,open,11.4,18.6
chicken_curry,nonveg,curry,high,medium,room,29.9,closed,2.2,8.44
roti,veg,bread,low,low,fridge,6.4,closed,16.0,44.13
jeera_rice,veg,rice,medium,low,fridge,3.1,open,42.8,0.0
fish_curry,nonveg,curry,high,low,room,33.0,closed,5.0,1.63
plain_rice,veg,rice,medium,low,room,24.9,closed,43.7,0.0
jeera_rice,veg,rice,medium,low,room,24.2,closed,22.0,0.0
halwa,veg,sweet,medium,high,room,37.3,open,27.2,0.0
halwa,veg,sweet,medium,high,room,28.5,closed,26.4,4.69
dal_tadka,veg,curry,high,low,room,36.3,closed,35.5,0.0
paratha,veg,bread,low,high,room,37.9,open,22.6,0.0
fish_curry,nonveg,curry,high,low,room,37.6,open,11.7,0.0
jeera_rice,veg,rice,medium,low,fridge,4.5,closed,8.1,40.43
dosa,veg,breakfast,medium,low,room,25.3,closed,40.1,0.0
dal_tadka,veg,curry,high,low,fridge,6.5,closed,27.9,11.79
gulab_jamun,dairy,sweet,high,medium,room,25.9,open,35.1,0.0
naan,veg,bread,low,medium,room,37.5,closed,38.6,0.0
chicken_curry,nonveg,curry,high,medium,fridge,2.4,open,20.0,3.74
paratha,veg,bread,low,high,fridge,6.2,closed,17.2,46.41
plain_rice,veg,rice,medium,low,room,25.5,open,42.4,0.0
paratha,veg,bread,low,high,fridge,2.4,open,2.5,55.06
plain_rice,veg,rice,medium,low,room,27.6,open,35.1,0.0
jeera_rice,veg,rice,medium,low,fridge,5.6,closed,13.3,17.96
chicken_biryani,nonveg,rice,medium,medium,fridge,4.8,open,39.2,0.0
dal_tadka,veg,curry,high,low,room,31.4,closed,5.4,7.84
paneer_butter_masala,dairy,curry,high,medium,fridge,5.0,closed,22.6,7.08
naan,veg,bread,low,medium,fridge,7.0,closed,41.0,9.28
gulab_jamun,dairy,sweet,high,medium,fridge,4.8,closed,16.9,44.24
roti,veg,bread,low,low,fridge,3.8,open,34.2,6.93
veg_pulao,veg,rice,medium,medium,room,30.6,closed,1.6,6.11
naan,veg,bread,low,medium,room,34.2,closed,13.7,5.65
paratha,veg,bread,low,high,fridge,4.5,closed,39.7,13.19
gulab_jamun,dairy,sweet,high,medium,room,34.7,closed,21.0,0.0
pakora,veg,fried,low,high,room,25.4,closed,19.1,0.0
samosa,veg,fried,low,high,fridge,3.5,closed,15.3,31.22
pakora,veg,fried,low,high,fridge,5.6,closed,11.6,34.56
roti,veg,bread,low,low,fridge,2.8,closed,44.3,25.12
naan,veg,bread,low,medium,room,26.2,open,35.9,0.0
dal_tadka,veg,curry,high,low,room,27.2,open,9.2,3.62
gulab_jamun,dairy,sweet,high,medium,fridge,5.8,open,9.1,63.66
chicken_biryani,nonveg,rice,medium,medium,fridge,3.1,closed,16.5,14.13
pakora,veg,fried,low,high,room,25.4,closed,1.8,14.91
dosa,veg,breakfast,medium,low,room,37.0,open,13.5,0.0
paratha,veg,bread,low,high,room,29.3,open,21.1,6.66
pakora,veg,fried,low,high,fridge,3.0,open,14.0,12.81
curd,dairy,liquid,high,low,room,34.9,open,25.6,0.0
dosa,veg,breakfast,medium,low,fridge,3.0,closed,19.9,15.03
jeera_rice,veg,rice,medium,low,fridge,7.6,open,34.8,2.97
dosa,veg,breakfast,medium,low,fridge,7.0,closed,39.1,0.0
dosa,veg,breakfast,medium,low,fridge,5.5,closed,31.8,0.0
naan,veg,bread,low,medium,room,30.7,closed,27.3,0.0
naan,veg,bread,low,medium,fridge,6.5,closed,3.6,52.73
dosa,veg,breakfast,medium,low,fridge,7.6,closed,47.6,0.0
paneer_butter_masala,dairy,curry,high,medium,fridge,6.5,closed,40.8,0.0
naan,veg,bread,low,medium,fridge,5.4,open,12.5,36.92
pakora,veg,fried,low,high,fridge,4.0,closed,13.7,29.2
dosa,veg,breakfast,medium,low,fridge,5.3,open,11.3,21.51
halwa,veg,sweet,medium,high,room,37.6,open,45.3,0.0
fish_curry,nonveg,curry,high,low,fridge,5.5,open,27.9,0.0
samosa,veg,fried,low,high,fridge,7.1,closed,41.0,1.02
veg_pulao,veg,rice,medium,medium,room,24.1,open,16.5,0.0
paneer_butter_masala,dairy,curry,high,medium,room,35.2,open,37.3,0.0
veg_pulao,veg,rice,medium,medium,fridge,4.5,open,28.6,0.0
paratha,veg,bread,low,high,fridge,3.2,closed,15.4,53.31
halwa,veg,sweet,medium,high,fridge,5.0,open,47.1,14.85
veg_pulao,veg,rice,medium,medium,room,31.6,open,0.6,9.29
chicken_curry,nonveg,curry,high,medium,fridge,5.3,open,47.8,0.0
dosa,veg,breakfast,medium,low,fridge,6.9,open,13.4,13.53
curd,dairy,liquid,high,low,room,33.6,closed,20.5,0.0
paneer_butter_masala,dairy,curry,high,medium,room,38.0,open,36.5,0.0
pakora,veg,fried,low,high,fridge,6.6,open,2.1,36.5
plain_rice,veg,rice,medium,low,room,36.2,closed,21.5,0.0
chicken_biryani,nonveg,rice,medium,medium,room,29.4,closed,6.7,6.68
curd,dairy,liquid,high,low,fridge,3.5,open,7.2,47.08
milk,dairy,liquid,high,low,fridge,6.3,closed,41.1,15.42
chicken_biryani,nonveg,rice,medium,medium,fridge,2.4,open,42.1,0.0
milk,dairy,liquid,high,low,fridge,7.7,closed,44.6,3.35
samosa,veg,fried,low,high,fridge,2.3,open,12.4,21.98
samosa,veg,fried,low,high,fridge,3.0,closed,32.3,23.34
milk,dairy,liquid,high,low,room,30.7,closed,35.1,0.0
gulab_jamun,dairy,sweet,high,medium,fridge,3.8,closed,16.3,70.61
pakora,veg,fried,low,high,fridge,4.1,closed,8.8,21.65
milk,dairy,liquid,high,low,room,35.8,closed,37.1,0.0
idli,veg,breakfast,medium,low,room,36.8,open,5.1,6.91
paneer_butter_masala,dairy,curry,high,medium,room,27.3,closed,17.8,0.0
curd,dairy,liquid,high,low,fridge,3.1,open,33.1,13.24
samosa,veg,fried,low,high,fridge,7.4,open,37.8,0.0
roti,veg,bread,low,low,room,28.3,closed,27.8,0.0
paneer_butter_masala,dairy,curry,high,medium,fridge,6.0,open,1.0,30.26
gulab_jamun,dairy,sweet,high,medium,room,32.7,closed,44.3,0.0
naan,veg,bread,low,medium,room,28.5,closed,28.4,0.0
halwa,veg,sweet,medium,high,fridge,4.8,open,41.3,24.88
chicken_curry,nonveg,curry,high,medium,fridge,2.4,open,13.0,8.24
chicken_biryani,nonveg,rice,medium,medium,room,37.6,closed,36.8,0.0
gulab_jamun,dairy,sweet,high,medium,fridge,7.4,closed,36.3,29.99
samosa,veg,fried,low,high,fridge,7.3,open,10.8,26.68
veg_pulao,veg,rice,medium,medium,room,35.6,closed,0.4,8.36
idli,veg,breakfast,medium,low,fridge,6.4,closed,28.5,7.88
chicken_biryani,nonveg,rice,medium,medium,fridge,4.0,closed,41.8,0.0
jeera_rice,veg,rice,medium,low,fridge,2.8,closed,7.9,39.58
roti,veg,bread,low,low,room,29.8,closed,29.2,0.0
naan,veg,bread,low,medium,room,24.4,open,27.0,0.0
gulab_jamun,dairy,sweet,high,medium,fridge,5.8,closed,9.7,63.25
fish_curry,nonveg,curry,high,low,fridge,5.8,open,19.3,4.92
paratha,veg,bread,low,high,room,34.8,open,22.1,0.0
paratha,veg,bread,low,high,fridge,7.1,closed,20.7,38.83
samosa,veg,fried,low,high,fridge,2.0,open,28.1,11.26
halwa,veg,sweet,medium,high,fridge,3.8,closed,38.7,46.52
dal_tadka,veg,curry,high,low,fridge,3.2,closed,22.7,16.36
chicken_biryani,nonveg,rice,medium,medium,room,30.3,open,6.2,0.09
dal_tadka,veg,curry,high,low,room,25.8,closed,12.4,0.72
milk,dairy,liquid,high,low,room,32.2,closed,21.9,0.0
milk,dairy,liquid,high,low,room,25.1,closed,12.0,0.0
milk,dairy,liquid,high,low,fridge,7.2,open,6.5,41.34
plain_rice,veg,rice,medium,low,fridge,5.2,closed,26.3,15.4
milk,dairy,liquid,high,low,room,28.0,open,34.9,0.0
naan,veg,bread,low,medium,fridge,2.3,open,11.5,39.66
pakora,veg,fried,low,high,fridge,4.4,open,20.5,14.5
milk,dairy,liquid,high,low,room,25.7,open,44.3,0.0
paratha,veg,bread,low,high,room,25.3,closed,23.1,1.81
gulab_jamun,dairy,sweet,high,medium,room,35.1,closed,24.7,0.0
plain_rice,veg,rice,medium,low,fridge,3.7,closed,38.8,0.0
milk,dairy,liquid,high,low,room,32.1,open,31.6,0.0
curd,dairy,liquid,high,low,room,35.1,closed,47.7,0.0
pakora,veg,fried,low,high,fridge,4.6,closed,47.6,0.0
halwa,veg,sweet,medium,high,fridge,4.2,open,29.6,26.86
gulab_jamun,dairy,sweet,high,medium,room,36.2,closed,1.7,16.61
chicken_biryani,nonveg,rice,medium,medium,room,27.1,closed,4.1,8.09
veg_pulao,veg,rice,medium,medium,fridge,4.6,open,40.3,0.0
idli,veg,breakfast,medium,low,room,37.6,open,16.7,0.0
fish_curry,nonveg,curry,high,low,fridge,7.2,closed,4.3,17.81
idli,veg,breakfast,medium,low,room,37.8,closed,0.8,10.94
samosa,veg,fried,low,high,fridge,4.2,closed,17.2,21.98
roti,veg,bread,low,low,room,35.3,closed,29.3,0.0
veg_pulao,veg,rice,medium,medium,fridge,2.5,closed,9.9,14.94
chicken_biryani,nonveg,rice,medium,medium,room,37.3,closed,34.2,0.0
chicken_curry,nonveg,curry,high,medium,room,34.3,open,28.3,0.0
veg_pulao,veg,rice,medium,medium,room,31.1,open,3.4,3.44
pakora,veg,fried,low,high,room,33.4,closed,7.5,7.67
fish_curry,nonveg,curry,high,low,fridge,4.3,open,30.3,0.0
veg_pulao,veg,rice,medium,medium,fridge,3.3,open,37.3,0.0
halwa,veg,sweet,medium,high,fridge,4.6,open,40.1,10.97
pakora,veg,fried,low,high,room,33.0,closed,0.6,12.0
paratha,veg,bread,low,high,fridge,7.8,closed,15.5,34.33
chicken_curry,nonveg,curry,high,medium,room,35.1,open,17.2,0.0
curd,dairy,liquid,high,low,fridge,6.5,closed,11.6,47.05
samosa,veg,fried,low,high,room,34.8,open,14.7,0.0
plain_rice,veg,rice,medium,low,fridge,6.0,open,45.9,0.0
pakora,veg,fried,low,high,fridge,3.5,closed,7.3,37.23
milk,dairy,liquid,high,low,room,28.6,open,9.0,0.0
pakora,veg,fried,low,high,fridge,2.2,open,44.8,0.0
chicken_biryani,nonveg,rice,medium,medium,fridge,3.3,open,36.5,0.0
veg_pulao,veg,rice,medium,medium,room,34.9,closed,32.6,0.0
curd,dairy,liquid,high,low,room,32.5,open,34.7,0.0
chicken_curry,nonveg,curry,high,medium,fridge,3.7,open,10.0,18.15
paratha,veg,bread,low,high,fridge,2.4,closed,35.5,38.13
chicken_curry,nonveg,curry,high,medium,room,29.3,closed,8.5,1.3
curd,dairy,liquid,high,low,fridge,5.8,closed,11.3,39.04
plain_rice,veg,rice,medium,low,fridge,7.5,closed,13.1,27.08
milk,dairy,liquid,high,low,fridge,2.9,closed,36.6,0.0
halwa,veg,sweet,medium,high,room,28.2,open,45.1,0.0
pakora,veg,fried,low,high,room,30.3,closed,33.0,0.0
samosa,veg,fried,low,high,room,35.4,closed,11.5,2.68
jeera_rice,veg,rice,medium,low,room,32.5,closed,7.6,2.12
dal_tadka,veg,curry,high,low,room,31.1,open,0.6,7.19
curd,dairy,liquid,high,low,fridge,2.3,closed,25.7,29.5
veg_pulao,veg,rice,medium,medium,fridge,5.6,closed,28.3,3.67
curd,dairy,liquid,high,low,room,29.4,closed,10.7,3.14
curd,dairy,liquid,high,low,fridge,2.3,open,3.3,47.47
paneer_butter_masala,dairy,curry,high,medium,fridge,5.5,closed,8.0,25.99
fish_curry,nonveg,curry,high,low,room,24.9,open,37.7,0.0
naan,veg,bread,low,medium,fridge,4.8,closed,37.3,23.35
milk,dairy,liquid,high,low,fridge,7.9,closed,1.5,37.78
paneer_butter_masala,dairy,curry,high,medium,room,24.4,closed,29.6,0.0
dal_tadka,veg,curry,high,low,fridge,5.6,closed,34.8,8.74
chicken_biryani,nonveg,rice,medium,medium,room,33.2,closed,5.3,4.62
pakora,veg,fried,low,high,room,25.7,open,24.1,0.0
roti,veg,bread,low,low,fridge,7.7,open,0.0,40.37
plain_rice,veg,rice,medium,low,fridge,6.1,open,21.1,20.55
halwa,veg,sweet,medium,high,fridge,7.6,open,11.7,62.5
chicken_curry,nonveg,curry,high,medium,fridge,3.5,open,33.4,0.0
curd,dairy,liquid,high,low,fridge,5.7,closed,26.3,25.12
paneer_butter_masala,dairy,curry,high,medium,room,30.6,closed,14.3,0.0
pakora,veg,fried,low,high,fridge,6.7,closed,2.3,29.11
roti,veg,bread,low,low,fridge,6.0,open,47.9,1.86
curd,dairy,liquid,high,low,fridge,5.1,closed,5.3,64.12
dal_tadka,veg,curry,high,low,room,29.6,closed,8.4,8.05
chicken_biryani,nonveg,rice,medium,medium,fridge,2.4,closed,18.4,10.8
idli,veg,breakfast,medium,low,fridge,4.7,open,15.9,26.71
fish_curry,nonveg,curry,high,low,fridge,2.5,closed,21.9,5.12
chicken_curry,nonveg,curry,high,medium,room,32.2,closed,17.5,0.0
paneer_butter_masala,dairy,curry,high,medium,fridge,7.8,closed,7.0,27.47
fish_curry,nonveg,curry,high,low,fridge,2.6,open,9.3,15.9
roti,veg,bread,low,low,fridge,6.1,open,14.4,37.38
plain_rice,veg,rice,medium,low,room,36.4,closed,23.0,0.0
pakora,veg,fried,low,high,fridge,4.8,closed,25.1,6.63
idli,veg,breakfast,medium,low,room,26.4,closed,21.0,0.0
fish_curry,nonveg,curry,high,low,room,24.8,closed,5.6,1.69
jeera_rice,veg,rice,medium,low,fridge,8.0,open,37.7,0.0
paratha,veg,bread,low,high,room,36.5,closed,14.8,3.24
naan,veg,bread,low,medium,room,37.7,open,8.3,6.6
samosa,veg,fried,low,high,room,26.3,closed,13.2,12.54
chicken_curry,nonveg,curry,high,medium,fridge,2.4,closed,8.6,27.69
paneer_butter_masala,dairy,curry,high,medium,room,24.8,open,40.3,0.0
milk,dairy,liquid,high,low,room,31.6,closed,26.2,0.0
jeera_rice,veg,rice,medium,low,fridge,7.9,open,17.8,14.5
chicken_biryani,nonveg,rice,medium,medium,room,35.3,closed,45.7,0.0
gulab_jamun,dairy,sweet,high,medium,fridge,6.5,open,0.1,51.49
naan,veg,bread,low,medium,fridge,4.4,closed,9.8,44.55
pakora,veg,fried,low,high,fridge,3.6,open,29.8,10.08
chicken_biryani,nonveg,rice,medium,medium,fridge,4.3,open,42.9,0.0
fish_curry,nonveg,curry,high,low,fridge,2.6,open,5.8,14.52
gulab_jamun,dairy,sweet,high,medium,room,37.1,open,37.2,0.0
pakora,veg,fried,low,high,room,37.3,closed,10.1,2.89
veg_pulao,veg,rice,medium,medium,room,33.5,closed,47.9,0.0
dal_tadka,veg,curry,high,low,fridge,2.7,closed,9.2,24.08
dosa,veg,breakfast,medium,low,fridge,4.3,open,20.1,7.08
halwa,veg,sweet,medium,high,fridge,4.5,open,7.1,45.82
veg_pulao,veg,rice,medium,medium,fridge,4.4,closed,26.8,1.03
curd,dairy,liquid,high,low,fridge,5.7,open,15.5,26.98
plain_rice,veg,rice,medium,low,room,31.5,open,2.5,6.44
milk,dairy,liquid,high,low,fridge,2.3,open,3.7,31.84
dosa,veg,breakfast,medium,low,fridge,7.0,closed,25.6,10.07
curd,dairy,liquid,high,low,fridge,3.9,open,5.6,51.38
samosa,veg,fried,low,high,room,37.0,open,3.8,8.51
paneer_butter_masala,dairy,curry,high,medium,fridge,6.4,closed,29.0,1.56
gulab_jamun,dairy,sweet,high,medium,room,24.7,open,44.9,0.0
pakora,veg,fried,low,high,fridge,3.7,open,35.4,0.03
paratha,veg,bread,low,high,fridge,3.4,open,47.3,6.45
chicken_curry,nonveg,curry,high,medium,room,33.0,closed,13.7,0.0
naan,veg,bread,low,medium,room,34.3,open,26.4,0.0
halwa,veg,sweet,medium,high,fridge,2.9,open,20.8,41.79
chicken_curry,nonveg,curry,high,medium,room,24.5,closed,31.5,0.0
paneer_butter_masala,dairy,curry,high,medium,fridge,7.6,closed,3.9,22.52
samosa,veg,fried,low,high,fridge,2.5,open,42.9,0.0
chicken_curry,nonveg,curry,high,medium,room,32.1,open,22.1,0.0
chicken_biryani,nonveg,rice,medium,medium,room,25.0,closed,40.7,0.0
chicken_biryani,nonveg,rice,medium,medium,fridge,5.5,open,5.0,17.06
roti,veg,bread,low,low,room,24.2,open,26.4,0.0
chicken_curry,nonveg,curry,high,medium,fridge,2.7,open,12.5,12.17
chicken_curry,nonveg,curry,high,medium,fridge,4.8,closed,8.1,28.67
veg_pulao,veg,rice,medium,medium,fridge,4.4,closed,40.1,0.0
chicken_biryani,nonveg,rice,medium,medium,fridge,3.9,closed,29.8,10.57
halwa,veg,sweet,medium,high,room,30.2,open,6.2,9.83
idli,veg,breakfast,medium,low,fridge,7.3,open,43.6,0.0
jeera_rice,veg,rice,medium,low,room,34.4,open,0.4,6.94
roti,veg,bread,low,low,room,26.4,open,12.9,7.33
gulab_jamun,dairy,sweet,high,medium,fridge,7.2,open,12.6,57.3
roti,veg,bread,low,low,room,35.1,closed,44.7,0.0
chicken_biryani,nonveg,rice,medium,medium,room,29.5,open,47.7,0.0
veg_pulao,veg,rice,medium,medium,fridge,5.4,closed,37.5,3.56
roti,veg,bread,low,low,room,28.4,open,7.5,10.12
jeera_rice,veg,rice,medium,low,room,33.0,closed,10.8,1.38
pakora,veg,fried,low,high,room,30.5,closed,37.7,0.0
dosa,veg,breakfast,medium,low,fridge,3.8,open,4.4,24.05
samosa,veg,fried,low,high,room,28.5,closed,40.2,0.0
halwa,veg,sweet,medium,high,room,37.1,open,5.7,11.88
samosa,veg,fried,low,high,fridge,3.9,closed,35.3,13.33
paratha,veg,bread,low,high,room,31.1,open,44.1,0.0
chicken_curry,nonveg,curry,high,medium,fridge,4.4,open,13.5,12.15
fish_curry,nonveg,curry,high,low,fridge,7.3,closed,22.8,0.0
dal_tadka,veg,curry,high,low,room,28.2,open,46.6,0.0
dal_tadka,veg,curry,high,low,room,24.2,open,34.7,0.0
dal_tadka,veg,curry,high,low,room,36.5,open,27.3,0.0
milk,dairy,liquid,high,low,fridge,2.2,open,17.4,17.25
dal_tadka,veg,curry,high,low,room,28.5,closed,47.3,0.0
plain_rice,veg,rice,medium,low,fridge,5.7,closed,15.5,27.25
pakora,veg,fried,low,high,fridge,4.1,closed,14.0,16.06
dosa,veg,breakfast,medium,low,room,31.4,closed,1.2,7.65
dosa,veg,breakfast,medium,low,room,35.5,closed,27.1,0.0
paneer_butter_masala,dairy,curry,high,medium,room,31.1,closed,24.3,0.0
gulab_jamun,dairy,sweet,high,medium,fridge,4.7,open,15.6,39.27
halwa,veg,sweet,medium,high,room,30.8,closed,17.6,5.93
dal_tadka,veg,curry,high,low,room,27.2,closed,13.0,3.91
paneer_butter_masala,dairy,curry,high,medium,fridge,3.7,open,30.8,0.0
gulab_jamun,dairy,sweet,high,medium,room,31.0,closed,45.8,0.0
gulab_jamun,dairy,sweet,high,medium,fridge,2.6,open,30.3,27.52
roti,veg,bread,low,low,room,36.8,closed,21.3,0.0
chicken_biryani,nonveg,rice,medium,medium,fridge,4.0,open,18.2,5.89
samosa,veg,fried,low,high,room,28.8,open,29.1,0.0
chicken_biryani,nonveg,rice,medium,medium,fridge,2.7,open,41.8,0.0
fish_curry,nonveg,curry,high,low,room,34.1,open,24.0,0.0
veg_pulao,veg,rice,medium,medium,fridge,4.8,closed,37.1,1.36
samosa,veg,fried,low,high,fridge,3.2,closed,19.9,24.18
gulab_jamun,dairy,sweet,high,medium,room,26.4,open,0.2,21.92
samosa,veg,fried,low,high,room,35.5,open,44.7,0.0
milk,dairy,liquid,high,low,fridge,3.6,closed,46.0,0.0
idli,veg,breakfast,medium,low,room,29.4,open,1.6,12.39
fish_curry,nonveg,curry,high,low,fridge,2.9,open,47.5,0.0
plain_rice,veg,rice,medium,low,room,29.4,open,9.7,2.54
veg_pulao,veg,rice,medium,medium,room,25.6,open,20.7,0.0
veg_pulao,veg,rice,medium,medium,room,26.8,closed,9.9,1.7
paratha,veg,bread,low,high,room,34.1,open,39.1,0.0
plain_rice,veg,rice,medium,low,room,35.4,closed,0.6,7.24
veg_pulao,veg,rice,medium,medium,room,25.1,open,16.1,0.0
gulab_jamun,dairy,sweet,high,medium,room,37.3,closed,36.5,0.0
chicken_curry,nonveg,curry,high,medium,fridge,3.8,open,7.9,22.01
fish_curry,nonveg,curry,high,low,room,33.8,open,4.3,2.7
idli,veg,breakfast,medium,low,fridge,3.6,closed,18.6,12.59
paneer_butter_masala,dairy,curry,high,medium,fridge,4.4,open,40.3,0.0
milk,dairy,liquid,high,low,fridge,3.1,open,2.7,34.71
chicken_curry,nonveg,curry,high,medium,fridge,2.9,open,21.7,9.1
jeera_rice,veg,rice,medium,low,fridge,8.0,closed,6.6,28.37
chicken_curry,nonveg,curry,high,medium,room,33.9,open,12.5,0.0
curd,dairy,liquid,high,low,fridge,5.8,closed,15.5,35.43
jeera_rice,veg,rice,medium,low,room,36.6,closed,21.0,0.0
gulab_jamun,dairy,sweet,high,medium,fridge,7.6,open,45.6,24.0
paneer_butter_masala,dairy,curry,high,medium,fridge,5.0,closed,24.8,5.94
roti,veg,bread,low,low,room,37.9,open,2.3,11.5
idli,veg,breakfast,medium,low,fridge,4.0,closed,26.1,6.99
chicken_biryani,nonveg,rice,medium,medium,fridge,5.6,closed,0.3,25.24
dosa,veg,breakfast,medium,low,room,27.4,closed,22.7,0.0
halwa,veg,sweet,medium,high,room,28.6,closed,24.5,9.27
jeera_rice,veg,rice,medium,low,fridge,3.3,open,23.6,2.33
chicken_biryani,nonveg,rice,medium,medium,fridge,3.9,open,6.4,15.7
gulab_jamun,dairy,sweet,high,medium,room,26.0,open,36.2,0.0
naan,veg,bread,low,medium,fridge,4.5,open,31.8,4.98
veg_pulao,veg,rice,medium,medium,room,31.3,open,30.7,0.0
pakora,veg,fried,low,high,fridge,2.9,closed,23.8,19.68
roti,veg,bread,low,low,room,24.1,open,27.3,0.0
milk,dairy,liquid,high,low,fridge,4.2,closed,19.6,25.52
plain_rice,veg,rice,medium,low,fridge,5.5,closed,39.0,0.0
naan,veg,bread,low,medium,room,32.4,open,30.0,0.0
veg_pulao,veg,rice,medium,medium,fridge,4.0,closed,35.0,5.94
chicken_curry,nonveg,curry,high,medium,fridge,5.4,closed,2.1,26.63
gulab_jamun,dairy,sweet,high,medium,room,25.5,closed,32.9,0.0
paratha,veg,bread,low,high,fridge,4.8,closed,39.6,23.99
dosa,veg,breakfast,medium,low,fridge,3.6,open,35.9,0.0
gulab_jamun,dairy,sweet,high,medium,room,34.1,open,24.6,0.0
veg_pulao,veg,rice,medium,medium,fridge,2.5,open,32.0,0.0
plain_rice,veg,rice,medium,low,room,27.4,closed,38.3,0.0
gulab_jamun,dairy,sweet,high,medium,fridge,2.1,closed,35.7,40.59
dosa,veg,breakfast,medium,low,fridge,7.3,open,3.0,25.76
chicken_biryani,nonveg,rice,medium,medium,fridge,4.7,closed,11.3,28.02
milk,dairy,liquid,high,low,room,24.7,closed,19.3,0.0
chicken_biryani,nonveg,rice,medium,medium,room,32.6,open,16.7,0.0
paratha,veg,bread,low,high,fridge,5.2,open,38.8,21.03
gulab_jamun,dairy,sweet,high,medium,room,29.4,closed,8.6,14.86
halwa,veg,sweet,medium,high,room,33.2,closed,33.5,0.0
gulab_jamun,dairy,sweet,high,medium,fridge,4.5,open,19.8,46.92
chicken_biryani,nonveg,rice,medium,medium,fridge,4.9,open,46.1,0.0
fish_curry,nonveg,curry,high,low,room,31.9,closed,17.3,0.0
plain_rice,veg,rice,medium,low,room,37.6,closed,21.4,0.0
pakora,veg,fried,low,high,fridge,6.9,closed,28.0,2.5
plain_rice,veg,rice,medium,low,room,29.4,open,25.1,0.0
gulab_jamun,dairy,sweet,high,medium,fridge,6.1,open,17.2,38.16
veg_pulao,veg,rice,medium,medium,fridge,7.7,open,27.1,2.19
jeera_rice,veg,rice,medium,low,fridge,5.4,open,25.3,10.4
veg_pulao,veg,rice,medium,medium,room,35.8,open,25.6,0.0
idli,veg,breakfast,medium,low,room,29.1,open,26.6,0.0
naan,veg,bread,low,medium,room,34.2,open,9.0,1.81
samosa,veg,fried,low,high,fridge,6.6,closed,10.9,35.87
paneer_butter_masala,dairy,curry,high,medium,room,24.2,open,1.4,5.79
dosa,veg,breakfast,medium,low,fridge,3.1,open,14.8,14.57
jeera_rice,veg,rice,medium,low,fridge,2.1,open,11.4,15.9
dosa,veg,breakfast,medium,low,room,26.0,closed,19.8,0.0
chicken_biryani,nonveg,rice,medium,medium,fridge,7.6,open,12.7,16.38
paneer_butter_masala,dairy,curry,high,medium,room,29.3,closed,8.6,0.0
pakora,veg,fried,low,high,fridge,6.6,open,24.8,13.22
roti,veg,bread,low,low,room,36.6,closed,22.7,0.0
paneer_butter_masala,dairy,curry,high,medium,fridge,7.0,open,9.5,16.68
veg_pulao,veg,rice,medium,medium,fridge,5.7,closed,10.2,17.04
samosa,veg,fried,low,high,room,29.2,closed,6.4,15.9
roti,veg,bread,low,low,room,36.8,closed,4.7,10.17
chicken_curry,nonveg,curry,high,medium,room,33.8,closed,8.9,0.0
dosa,veg,breakfast,medium,low,fridge,2.3,open,21.9,3.21
dal_tadka,veg,curry,high,low,room,28.1,closed,29.8,0.0
curd,dairy,liquid,high,low,room,36.1,open,32.3,0.0
pakora,veg,fried,low,high,fridge,7.1,closed,28.5,18.27
fish_curry,nonveg,curry,high,low,room,27.3,closed,16.5,0.0
pakora,veg,fried,low,high,room,31.7,open,45.5,0.0
jeera_rice,veg,rice,medium,low,room,24.4,closed,17.5,0.0
naan,veg,bread,low,medium,room,34.2,closed,17.2,1.98
paneer_butter_masala,dairy,curry,high,medium,fridge,2.6,closed,4.9,24.05
halwa,veg,sweet,medium,high,room,26.6,open,2.3,20.57
idli,veg,breakfast,medium,low,fridge,5.3,open,27.0,1.94
idli,veg,breakfast,medium,low,fridge,5.4,closed,22.3,19.41
samosa,veg,fried,low,high,fridge,3.1,open,10.2,28.81
halwa,veg,sweet,medium,high,fridge,2.2,open,43.7,3.33
naan,veg,bread,low,medium,fridge,4.2,closed,32.1,30.69
naan,veg,bread,low,medium,room,29.8,closed,34.4,0.0
curd,dairy,liquid,high,low,room,34.8,open,28.3,0.0
curd,dairy,liquid,high,low,fridge,2.2,open,40.4,10.89
chicken_curry,nonveg,curry,high,medium,room,26.0,open,12.6,0.0
plain_rice,veg,rice,medium,low,room,37.4,open,5.8,2.51
gulab_jamun,dairy,sweet,high,medium,room,36.3,closed,12.3,3.69
fish_curry,nonveg,curry,high,low,room,30.0,open,46.1,0.0
fish_curry,nonveg,curry,high,low,fridge,6.5,closed,44.5,0.0
chicken_biryani,nonveg,rice,medium,medium,room,35.5,closed,11.2,0.0
chicken_biryani,nonveg,rice,medium,medium,room,25.9,closed,26.3,0.0
paneer_butter_masala,dairy,curry,high,medium,room,25.9,closed,12.9,0.0
chicken_biryani,nonveg,rice,medium,medium,fridge,2.1,closed,24.6,3.13
curd,dairy,liquid,high,low,fridge,5.7,open,5.7,47.73
dal_tadka,veg,curry,high,low,fridge,2.9,open,31.9,0.0
paratha,veg,bread,low,high,fridge,3.5,open,30.0,20.41
fish_curry,nonveg,curry,high,low,room,36.3,closed,4.4,2.92
jeera_rice,veg,rice,medium,low,room,29.6,closed,46.6,0.0
roti,veg,bread,low,low,room,26.2,closed,17.3,4.72
paratha,veg,bread,low,high,fridge,4.7,closed,7.2,65.76
fish_curry,nonveg,curry,high,low,fridge,6.0,closed,18.8,3.0
milk,dairy,liquid,high,low,room,30.4,closed,1.8,3.9
roti,veg,bread,low,low,room,29.1,closed,25.9,0.0
chicken_biryani,nonveg,rice,medium,medium,fridge,6.0,closed,32.2,6.71
halwa,veg,sweet,medium,high,fridge,7.0,closed,3.8,78.84
plain_rice,veg,rice,medium,low,fridge,5.6,open,37.6,0.0
milk,dairy,liquid,high,low,fridge,2.2,closed,24.3,23.84
paratha,veg,bread,low,high,room,36.7,closed,42.3,0.0
chicken_curry,nonveg,curry,high,medium,fridge,6.9,open,22.4,3.65
idli,veg,breakfast,medium,low,room,24.7,open,13.8,0.0
veg_pulao,veg,rice,medium,medium,room,25.3,open,42.5,0.0
chicken_curry,nonveg,curry,high,medium,room,31.1,open,2.9,4.0
paratha,veg,bread,low,high,room,32.0,closed,46.8,0.0
veg_pulao,veg,rice,medium,medium,fridge,4.5,open,27.1,6.13
milk,dairy,liquid,high,low,room,32.8,open,17.0,0.0
curd,dairy,liquid,high,low,fridge,4.1,closed,42.5,19.81
idli,veg,breakfast,medium,low,fridge,7.6,closed,47.2,0.0
pakora,veg,fried,low,high,room,27.8,open,43.7,0.0
chicken_curry,nonveg,curry,high,medium,fridge,6.5,open,3.4,27.01
chicken_biryani,nonveg,rice,medium,medium,room,26.3,closed,38.2,0.0
roti,veg,bread,low,low,fridge,6.7,open,1.4,36.54
gulab_jamun,dairy,sweet,high,medium,room,36.9,closed,43.1,0.0
paratha,veg,bread,low,high,fridge,7.3,closed,47.6,23.39
samosa,veg,fried,low,high,room,35.2,open,11.0,5.88
jeera_rice,veg,rice,medium,low,room,29.5,open,3.6,8.79
chicken_biryani,nonveg,rice,medium,medium,fridge,3.1,open,7.1,20.11
halwa,veg,sweet,medium,high,room,30.4,closed,7.4,11.28
plain_rice,veg,rice,medium,low,room,25.7,closed,29.5,0.0
roti,veg,bread,low,low,room,36.1,closed,39.8,0.0
plain_rice,veg,rice,medium,low,fridge,3.3,closed,40.1,0.0
idli,veg,breakfast,medium,low,fridge,3.2,open,0.1,28.91
fish_curry,nonveg,curry,high,low,room,31.1,closed,44.4,0.0
paneer_butter_masala,dairy,curry,high,medium,room,30.3,open,44.7,0.0
paneer_butter_masala,dairy,curry,high,medium,fridge,7.9,open,32.1,0.0
dosa,veg,breakfast,medium,low,room,36.1,closed,47.4,0.0
idli,veg,breakfast,medium,low,fridge,6.2,open,12.2,19.83
dal_tadka,veg,curry,high,low,fridge,7.9,open,33.4,0.0
gulab_jamun,dairy,sweet,high,medium,fridge,2.4,closed,0.8,78.45
chicken_curry,nonveg,curry,high,medium,room,36.9,closed,25.4,0.0
plain_rice,veg,rice,medium,low,fridge,3.0,open,25.3,1.3
dal_tadka,veg,curry,high,low,room,28.8,closed,19.1,0.0
roti,veg,bread,low,low,room,36.9,closed,4.4,13.83
roti,veg,bread,low,low,room,36.4,closed,37.8,0.0
dosa,veg,breakfast,medium,low,fridge,3.6,closed,18.4,20.3
jeera_rice,veg,rice,medium,low,fridge,5.4,open,5.5,27.41
halwa,veg,sweet,medium,high,room,34.5,closed,38.1,0.0
milk,dairy,liquid,high,low,fridge,4.9,open,22.6,28.54
roti,veg,bread,low,low,fridge,5.0,open,16.2,34.83
veg_pulao,veg,rice,medium,medium,fridge,5.9,open,29.3,4.39
dal_tadka,veg,curry,high,low,fridge,2.6,closed,18.7,25.61
samosa,veg,fried,low,high,room,31.0,open,11.4,2.11
roti,veg,bread,low,low,room,24.8,closed,42.3,0.0
milk,dairy,liquid,high,low,fridge,6.7,open,36.1,0.0
idli,veg,breakfast,medium,low,room,24.3,open,43.5,0.0
samosa,veg,fried,low,high,room,29.5,closed,21.6,0.0
pakora,veg,fried,low,high,fridge,7.2,open,18.7,21.84
curd,dairy,liquid,high,low,room,27.4,closed,11.4,0.0
fish_curry,nonveg,curry,high,low,fridge,7.4,closed,5.8,21.37
curd,dairy,liquid,high,low,fridge,5.7,open,34.1,28.79
paneer_butter_masala,dairy,curry,high,medium,fridge,2.7,closed,38.7,0.0
paneer_butter_masala,dairy,curry,high,medium,fridge,6.4,open,12.7,15.9
chicken_biryani,nonveg,rice,medium,medium,fridge,5.8,open,19.1,11.28
chicken_curry,nonveg,curry,high,medium,fridge,6.5,closed,47.1,0.0
dal_tadka,veg,curry,high,low,fridge,4.9,closed,41.2,0.29
gulab_jamun,dairy,sweet,high,medium,room,28.6,open,14.1,5.83
roti,veg,bread,low,low,fridge,4.2,closed,36.0,32.67
samosa,veg,fried,low,high,room,25.6,open,45.7,0.0
naan,veg,bread,low,medium,fridge,2.2,closed,29.3,24.19
jeera_rice,veg,rice,medium,low,fridge,7.0,open,41.8,0.0
dosa,veg,breakfast,medium,low,room,34.4,closed,26.0,0.0
halwa,veg,sweet,medium,high,fridge,6.5,closed,31.3,29.04
curd,dairy,liquid,high,low,fridge,4.3,open,39.7,13.47
jeera_rice,veg,rice,medium,low,room,36.4,closed,25.6,0.0
pakora,veg,fried,low,high,fridge,7.5,closed,32.6,11.85
pakora,veg,fried,low,high,fridge,7.5,open,1.6,30.32
dal_tadka,veg,curry,high,low,fridge,7.0,open,5.1,27.97
paneer_butter_masala,dairy,curry,high,medium,room,25.7,open,14.2,0.0
paneer_butter_masala,dairy,curry,high,medium,fridge,2.2,open,45.3,0.0
fish_curry,nonveg,curry,high,low,room,26.6,open,23.1,0.0
jeera_rice,veg,rice,medium,low,room,28.7,open,2.3,7.29
curd,dairy,liquid,high,low,fridge,5.2,open,37.8,5.1
pakora,veg,fried,low,high,fridge,7.6,closed,4.5,31.15
dal_tadka,veg,curry,high,low,fridge,6.9,closed,25.1,9.79
fish_curry,nonveg,curry,high,low,fridge,4.0,open,10.7,12.35
chicken_curry,nonveg,curry,high,medium,room,29.7,open,7.7,0.0
paneer_butter_masala,dairy,curry,high,medium,room,38.0,closed,31.0,0.0
paratha,veg,bread,low,high,room,31.2,closed,10.1,14.81
veg_pulao,veg,rice,medium,medium,fridge,2.1,closed,23.7,13.49
fish_curry,nonveg,curry,high,low,room,30.2,closed,12.5,0.0
idli,veg,breakfast,medium,low,fridge,3.7,closed,12.8,25.76
dosa,veg,breakfast,medium,low,room,32.9,open,14.0,0.0
pakora,veg,fried,low,high,room,36.7,closed,31.1,0.0
samosa,veg,fried,low,high,fridge,7.8,open,33.9,11.39
dosa,veg,breakfast,medium,low,fridge,4.3,closed,5.3,22.02
jeera_rice,veg,rice,medium,low,fridge,5.3,open,7.0,20.08
gulab_jamun,dairy,sweet,high,medium,fridge,6.2,closed,9.8,69.97
samosa,veg,fried,low,high,fridge,7.3,closed,15.0,22.55
halwa,veg,sweet,medium,high,fridge,6.2,closed,38.3,18.16
roti,veg,bread,low,low,fridge,2.4,open,44.6,0.0
pakora,veg,fried,low,high,fridge,2.9,closed,18.1,24.91
paneer_butter_masala,dairy,curry,high,medium,fridge,6.8,closed,24.2,8.75
plain_rice,veg,rice,medium,low,room,28.5,open,33.1,0.0
dal_tadka,veg,curry,high,low,room,36.9,open,28.2,0.0
chicken_biryani,nonveg,rice,medium,medium,fridge,3.2,closed,17.2,22.94
dal_tadka,veg,curry,high,low,fridge,3.7,open,42.8,0.0
dal_tadka,veg,curry,high,low,fridge,3.4,closed,16.4,18.7
veg_pulao,veg,rice,medium,medium,fridge,6.7,open,1.4,32.83
gulab_jamun,dairy,sweet,high,medium,room,31.4,open,18.6,0.0
plain_rice,veg,rice,medium,low,fridge,6.6,open,5.7,32.64
idli,veg,breakfast,medium,low,room,25.2,open,41.0,0.0
veg_pulao,veg,rice,medium,medium,fridge,3.3,open,12.5,17.55
jeera_rice,veg,rice,medium,low,room,37.9,closed,43.3,0.0
veg_pulao,veg,rice,medium,medium,fridge,6.4,closed,1.5,26.23
plain_rice,veg,rice,medium,low,room,29.9,closed,34.1,0.0
dal_tadka,veg,curry,high,low,room,28.1,closed,44.4,0.0
chicken_curry,nonveg,curry,high,medium,room,27.8,open,21.2,0.0
milk,dairy,liquid,high,low,fridge,7.9,closed,45.4,7.92
plain_rice,veg,rice,medium,low,fridge,4.9,closed,0.5,32.17
paneer_butter_masala,dairy,curry,high,medium,fridge,7.5,open,10.4,20.74
idli,veg,breakfast,medium,low,room,33.6,closed,37.6,0.0
dal_tadka,veg,curry,high,low,fridge,6.5,open,13.8,24.25
veg_pulao,veg,rice,medium,medium,fridge,8.0,closed,7.9,19.95
gulab_jamun,dairy,sweet,high,medium,room,24.1,open,30.2,0.0
milk,dairy,liquid,high,low,room,31.8,closed,40.4,0.0
curd,dairy,liquid,high,low,fridge,5.4,open,19.6,22.35
chicken_curry,nonveg,curry,high,medium,room,37.4,closed,23.6,0.0
paratha,veg,bread,low,high,fridge,7.8,closed,13.2,41.4
dal_tadka,veg,curry,high,low,fridge,6.7,closed,38.3,5.39
chicken_biryani,nonveg,rice,medium,medium,room,36.9,closed,3.5,6.66
gulab_jamun,dairy,sweet,high,medium,fridge,4.3,open,17.4,31.18
idli,veg,breakfast,medium,low,room,32.3,open,0.4,9.69
gulab_jamun,dairy,sweet,high,medium,fridge,6.1,closed,5.6,52.77
idli,veg,breakfast,medium,low,room,25.5,closed,30.3,0.0
milk,dairy,liquid,high,low,fridge,7.6,closed,29.1,25.57
jeera_rice,veg,rice,medium,low,fridge,6.4,closed,33.0,11.11
halwa,veg,sweet,medium,high,fridge,3.1,open,37.8,28.4
fish_curry,nonveg,curry,high,low,fridge,5.2,open,28.2,0.0
curd,dairy,liquid,high,low,fridge,2.2,closed,20.2,28.52
chicken_biryani,nonveg,rice,medium,medium,room,26.7,closed,35.7,0.0
chicken_biryani,nonveg,rice,medium,medium,room,35.8,closed,6.2,3.02
chicken_biryani,nonveg,rice,medium,medium,room,35.5,open,5.4,3.25
chicken_biryani,nonveg,rice,medium,medium,room,36.4,closed,1.7,5.4
pakora,veg,fried,low,high,fridge,2.9,open,43.8,0.0
milk,dairy,liquid,high,low,room,33.6,open,46.1,0.0
curd,dairy,liquid,high,low,room,31.7,open,40.7,0.0
paneer_butter_masala,dairy,curry,high,medium,fridge,2.5,closed,42.3,0.0
naan,veg,bread,low,medium,fridge,3.2,open,14.9,21.02
fish_curry,nonveg,curry,high,low,room,25.6,open,0.7,7.21
roti,veg,bread,low,low,room,37.9,closed,38.8,0.0
dal_tadka,veg,curry,high,low,room,27.1,closed,37.8,0.0
veg_pulao,veg,rice,medium,medium,room,31.4,closed,27.5,0.0
veg_pulao,veg,rice,medium,medium,fridge,5.1,closed,14.6,10.27
chicken_biryani,nonveg,rice,medium,medium,fridge,2.8,open,29.5,0.0
idli,veg,breakfast,medium,low,room,25.3,open,47.7,0.0
halwa,veg,sweet,medium,high,room,32.0,open,11.6,7.72
plain_rice,veg,rice,medium,low,room,32.3,closed,24.8,0.0
chicken_biryani,nonveg,rice,medium,medium,fridge,5.2,open,30.0,0.0
curd,dairy,liquid,high,low,fridge,4.8,closed,9.7,58.43
milk,dairy,liquid,high,low,room,37.1,closed,22.7,0.0
halwa,veg,sweet,medium,high,fridge,5.7,closed,1.4,78.66
samosa,veg,fried,low,high,fridge,6.1,open,2.6,40.78
pakora,veg,fried,low,high,fridge,4.6,closed,22.2,10.27
chicken_curry,nonveg,curry,high,medium,fridge,7.6,open,14.2,13.98
halwa,veg,sweet,medium,high,room,33.5,open,31.4,0.0
naan,veg,bread,low,medium,fridge,5.8,open,32.6,14.99
paneer_butter_masala,dairy,curry,high,medium,room,25.7,closed,4.2,3.84
pakora,veg,fried,low,high,fridge,4.8,closed,47.4,0.0
paratha,veg,bread,low,high,fridge,4.5,open,26.1,22.95
dal_tadka,veg,curry,high,low,fridge,3.3,closed,17.4,14.78
plain_rice,veg,rice,medium,low,fridge,5.6,open,10.0,26.93
fish_curry,nonveg,curry,high,low,fridge,2.5,open,30.0,0.0
fish_curry,nonveg,curry,high,low,room,35.7,closed,44.9,0.0
dal_tadka,veg,curry,high,low,fridge,6.9,closed,6.8,29.87
milk,dairy,liquid,high,low,room,34.5,closed,44.6,0.0
fish_curry,nonveg,curry,high,low,fridge,2.7,open,35.7,0.0
jeera_rice,veg,rice,medium,low,fridge,6.8,open,10.6,31.16
curd,dairy,liquid,high,low,room,24.1,open,41.8,0.0
roti,veg,bread,low,low,fridge,6.7,closed,35.8,21.97
roti,veg,bread,low,low,fridge,8.0,open,29.9,27.36
paneer_butter_masala,dairy,curry,high,medium,room,25.0,open,2.0,5.72
halwa,veg,sweet,medium,high,fridge,5.9,open,44.3,12.7
jeera_rice,veg,rice,medium,low,fridge,4.9,closed,5.4,36.19
chicken_biryani,nonveg,rice,medium,medium,fridge,7.5,open,23.6,0.0
chicken_biryani,nonveg,rice,medium,medium,room,33.6,closed,25.0,0.0
jeera_rice,veg,rice,medium,low,fridge,4.1,open,18.4,12.18
chicken_biryani,nonveg,rice,medium,medium,room,34.5,closed,18.4,0.0
paratha,veg,bread,low,high,fridge,4.7,open,3.8,42.06
samosa,veg,fried,low,high,fridge,4.6,closed,45.7,0.0
dal_tadka,veg,curry,high,low,fridge,7.1,open,34.0,0.0
jeera_rice,veg,rice,medium,low,fridge,6.3,open,29.2,0.0
dosa,veg,breakfast,medium,low,fridge,8.0,closed,21.2,18.02
fish_curry,nonveg,curry,high,low,room,34.3,open,2.3,3.54
chicken_curry,nonveg,curry,high,medium,fridge,3.2,closed,41.1,0.0
plain_rice,veg,rice,medium,low,fridge,7.0,open,41.1,0.0
dal_tadka,veg,curry,high,low,fridge,3.0,closed,11.9,36.11
paratha,veg,bread,low,high,room,25.3,closed,12.0,17.86
paneer_butter_masala,dairy,curry,high,medium,fridge,2.1,open,14.0,5.48
dosa,veg,breakfast,medium,low,room,29.0,closed,39.6,0.0
idli,veg,breakfast,medium,low,fridge,2.6,open,31.8,0.12
jeera_rice,veg,rice,medium,low,fridge,6.4,open,27.0,12.0
dal_tadka,veg,curry,high,low,fridge,2.8,open,48.0,0.0
veg_pulao,veg,rice,medium,medium,fridge,3.9,open,33.2,0.0
dal_tadka,veg,curry,high,low,room,31.8,open,32.6,0.0
pakora,veg,fried,low,high,room,25.1,open,39.2,0.0
naan,veg,bread,low,medium,fridge,4.6,closed,33.4,29.44
dal_tadka,veg,curry,high,low,room,36.8,open,34.7,0.0
paratha,veg,bread,low,high,room,28.2,open,44.5,0.0
paratha,veg,bread,low,high,room,24.7,closed,36.8,0.0
halwa,veg,sweet,medium,high,room,36.4,closed,28.7,0.0
idli,veg,breakfast,medium,low,room,35.6,open,42.8,0.0
paneer_butter_masala,dairy,curry,high,medium,fridge,4.3,closed,18.1,7.69
naan,veg,bread,low,medium,room,34.3,closed,35.7,0.0
paratha,veg,bread,low,high,room,27.6,closed,0.4,24.0
milk,dairy,liquid,high,low,fridge,5.6,open,16.7,18.47
milk,dairy,liquid,high,low,room,31.5,closed,42.9,0.0
fish_curry,nonveg,curry,high,low,room,33.1,open,31.2,0.0
gulab_jamun,dairy,sweet,high,medium,fridge,2.1,open,0.4,71.43
samosa,veg,fried,low,high,room,25.2,closed,9.2,9.88
chicken_biryani,nonveg,rice,medium,medium,fridge,3.9,open,1.3,30.2
paratha,veg,bread,low,high,fridge,7.1,closed,46.2,31.6
roti,veg,bread,low,low,fridge,3.2,open,8.7,52.82
jeera_rice,veg,rice,medium,low,room,33.4,closed,27.7,0.0
gulab_jamun,dairy,sweet,high,medium,fridge,6.9,open,11.3,42.07
milk,dairy,liquid,high,low,fridge,4.1,open,1.6,29.75
fish_curry,nonveg,curry,high,low,room,34.9,open,34.3,0.0
paneer_butter_masala,dairy,curry,high,medium,room,30.8,open,1.5,4.78
gulab_jamun,dairy,sweet,high,medium,room,32.5,open,34.1,0.0
veg_pulao,veg,rice,medium,medium,fridge,3.5,open,41.2,0.0
dal_tadka,veg,curry,high,low,room,35.1,open,44.4,0.0
plain_rice,veg,rice,medium,low,room,35.0,closed,0.0,13.13
paratha,veg,bread,low,high,room,37.5,open,43.1,0.0
curd,dairy,liquid,high,low,room,29.4,closed,0.9,11.99
naan,veg,bread,low,medium,room,24.7,open,20.9,0.0
veg_pulao,veg,rice,medium,medium,fridge,7.6,open,19.1,7.33
pakora,veg,fried,low,high,fridge,7.8,closed,30.5,15.32
plain_rice,veg,rice,medium,low,room,35.0,closed,39.7,0.0
curd,dairy,liquid,high,low,fridge,2.1,open,43.0,0.0
veg_pulao,veg,rice,medium,medium,room,37.8,open,38.0,0.0
chicken_curry,nonveg,curry,high,medium,fridge,7.5,open,13.4,13.3
veg_pulao,veg,rice,medium,medium,fridge,3.2,open,3.0,31.76
milk,dairy,liquid,high,low,fridge,3.4,open,35.3,4.74
pakora,veg,fried,low,high,fridge,2.1,closed,10.7,34.72
dal_tadka,veg,curry,high,low,room,32.9,closed,3.8,6.05
paneer_butter_masala,dairy,curry,high,medium,fridge,4.1,closed,31.8,0.0
dosa,veg,breakfast,medium,low,room,32.3,open,46.2,0.0
veg_pulao,veg,rice,medium,medium,room,29.9,closed,35.8,0.0
dosa,veg,breakfast,medium,low,fridge,6.2,open,17.5,10.5
gulab_jamun,dairy,sweet,high,medium,fridge,5.2,closed,17.5,36.74
idli,veg,breakfast,medium,low,fridge,3.0,closed,44.9,0.0
jeera_rice,veg,rice,medium,low,room,30.4,open,28.0,0.0
roti,veg,bread,low,low,fridge,7.0,closed,36.8,7.55
dal_tadka,veg,curry,high,low,room,35.0,open,29.4,0.0
roti,veg,bread,low,low,fridge,5.4,closed,1.1,56.83
roti,veg,bread,low,low,room,34.9,closed,11.8,5.93
dosa,veg,breakfast,medium,low,fridge,7.3,open,25.7,1.3
dal_tadka,veg,curry,high,low,room,26.3,closed,44.9,0.0
chicken_curry,nonveg,curry,high,medium,fridge,3.8,closed,45.5,0.0
chicken_biryani,nonveg,rice,medium,medium,room,24.7,closed,5.1,4.42
paneer_butter_masala,dairy,curry,high,medium,room,27.8,open,29.7,0.0
chicken_curry,nonveg,curry,high,medium,fridge,6.4,open,0.9,19.26
naan,veg,bread,low,medium,fridge,5.1,closed,1.6,53.55
roti,veg,bread,low,low,fridge,7.3,closed,39.6,20.36
dosa,veg,breakfast,medium,low,room,26.7,closed,38.6,0.0
fish_curry,nonveg,curry,high,low,room,28.8,open,31.8,0.0
chicken_biryani,nonveg,rice,medium,medium,room,37.9,open,35.1,0.0
dosa,veg,breakfast,medium,low,room,30.5,closed,47.3,0.0
milk,dairy,liquid,high,low,room,26.0,open,25.1,0.0
plain_rice,veg,rice,medium,low,fridge,2.6,open,23.5,13.81
milk,dairy,liquid,high,low,fridge,5.1,open,10.8,25.89
veg_pulao,veg,rice,medium,medium,room,25.8,closed,9.4,4.11
chicken_curry,nonveg,curry,high,medium,fridge,2.6,closed,0.3,27.12
paneer_butter_masala,dairy,curry,high,medium,room,32.0,closed,45.7,0.0
chicken_biryani,nonveg,rice,medium,medium,room,32.7,open,6.0,2.41
idli,veg,breakfast,medium,low,fridge,4.6,closed,13.9,28.31
samosa,veg,fried,low,high,fridge,3.9,closed,43.2,0.0
paneer_butter_masala,dairy,curry,high,medium,fridge,5.3,open,1.2,24.73
fish_curry,nonveg,curry,high,low,fridge,6.9,open,39.2,0.0
paneer_butter_masala,dairy,curry,high,medium,room,24.1,closed,46.0,0.0
veg_pulao,veg,rice,medium,medium,fridge,3.2,open,20.8,1.95
gulab_jamun,dairy,sweet,high,medium,fridge,3.0,open,47.3,12.61
chicken_curry,nonveg,curry,high,medium,fridge,2.4,open,33.4,0.0
curd,dairy,liquid,high,low,room,26.9,closed,40.5,0.0
milk,dairy,liquid,high,low,fridge,4.4,closed,40.1,1.75
plain_rice,veg,rice,medium,low,room,33.7,closed,23.1,0.0
chicken_curry,nonveg,curry,high,medium,fridge,2.1,closed,26.8,0.0
dosa,veg,breakfast,medium,low,room,35.5,closed,30.7,0.0
chicken_curry,nonveg,curry,high,medium,fridge,2.9,closed,22.2,13.37
pakora,veg,fried,low,high,room,25.6,open,9.8,5.05
roti,veg,bread,low,low,fridge,2.4,closed,9.3,46.41
plain_rice,veg,rice,medium,low,room,26.2,closed,9.0,7.42
jeera_rice,veg,rice,medium,low,room,35.3,closed,5.8,4.74
chicken_curry,nonveg,curry,high,medium,room,30.6,open,9.6,0.0
naan,veg,bread,low,medium,fridge,3.3,open,45.0,0.0
veg_pulao,veg,rice,medium,medium,fridge,4.8,open,1.1,31.58
chicken_biryani,nonveg,rice,medium,medium,fridge,5.5,closed,18.4,17.44
halwa,veg,sweet,medium,high,fridge,2.5,closed,29.0,41.55
naan,veg,bread,low,medium,room,34.7,open,15.9,1.51
roti,veg,bread,low,low,room,28.6,closed,7.1,18.78
naan,veg,bread,low,medium,room,36.0,closed,33.5,0.0
chicken_biryani,nonveg,rice,medium,medium,room,30.9,closed,30.5,0.0
pakora,veg,fried,low,high,fridge,2.4,open,6.9,31.89
paratha,veg,bread,low,high,room,36.3,closed,47.6,0.0
veg_pulao,veg,rice,medium,medium,fridge,4.6,open,32.5,1.64
samosa,veg,fried,low,high,fridge,6.9,closed,25.4,12.49
paratha,veg,bread,low,high,fridge,5.8,open,26.1,29.02
paneer_butter_masala,dairy,curry,high,medium,fridge,7.0,open,40.9,0.0
fish_curry,nonveg,curry,high,low,room,29.5,open,12.3,0.0
samosa,veg,fried,low,high,room,35.3,closed,32.7,0.0
plain_rice,veg,rice,medium,low,room,24.3,open,27.6,0.0
paneer_butter_masala,dairy,curry,high,medium,room,37.5,closed,46.2,0.0
chicken_biryani,nonveg,rice,medium,medium,room,31.5,open,0.4,7.35
milk,dairy,liquid,high,low,fridge,4.7,closed,27.6,12.99
jeera_rice,veg,rice,medium,low,room,25.1,open,29.2,0.0
naan,veg,bread,low,medium,room,35.2,closed,43.0,0.0
halwa,veg,sweet,medium,high,room,25.9,closed,28.0,0.0
roti,veg,bread,low,low,room,31.1,closed,40.2,0.0
plain_rice,veg,rice,medium,low,room,26.0,closed,21.8,0.0
milk,dairy,liquid,high,low,fridge,3.3,closed,20.6,21.99
idli,veg,breakfast,medium,low,room,37.0,closed,41.8,0.0
pakora,veg,fried,low,high,room,28.8,open,42.5,0.0
pakora,veg,fried,low,high,fridge,7.4,closed,16.9,22.0
curd,dairy,liquid,high,low,fridge,2.5,open,20.5,23.11
dosa,veg,breakfast,medium,low,fridge,2.3,closed,3.9,26.09
dal_tadka,veg,curry,high,low,fridge,7.4,open,41.8,0.0
plain_rice,veg,rice,medium,low,fridge,6.7,open,15.7,13.12
roti,veg,bread,low,low,room,30.9,open,7.8,4.28
idli,veg,breakfast,medium,low,fridge,5.8,open,29.8,4.59
naan,veg,bread,low,medium,room,31.6,open,45.6,0.0
halwa,veg,sweet,medium,high,room,35.4,open,25.7,0.0
samosa,veg,fried,low,high,room,25.4,open,28.3,0.0
fish_curry,nonveg,curry,high,low,room,32.9,open,27.9,0.0
pakora,veg,fried,low,high,fridge,7.8,open,41.4,0.0
dal_tadka,veg,curry,high,low,fridge,4.6,closed,45.0,0.0
jeera_rice,veg,rice,medium,low,room,31.8,open,6.1,3.0
idli,veg,breakfast,medium,low,room,35.5,closed,27.4,0.0
paratha,veg,bread,low,high,fridge,7.2,open,43.8,23.85
jeera_rice,veg,rice,medium,low,room,36.4,open,32.5,0.0
dal_tadka,veg,curry,high,low,room,30.6,closed,2.5,11.4
roti,veg,bread,low,low,room,28.2,open,8.2,11.93
pakora,veg,fried,low,high,fridge,6.2,closed,14.8,22.63
halwa,veg,sweet,medium,high,fridge,6.2,closed,0.5,69.93
gulab_jamun,dairy,sweet,high,medium,fridge,6.9,open,5.4,71.08
dal_tadka,veg,curry,high,low,room,28.7,closed,20.3,0.0
dosa,veg,breakfast,medium,low,room,34.8,open,21.0,0.0
curd,dairy,liquid,high,low,fridge,2.3,open,28.7,26.29
samosa,veg,fried,low,high,fridge,7.3,closed,41.5,0.75
jeera_rice,veg,rice,medium,low,room,29.4,open,32.4,0.0
dosa,veg,breakfast,medium,low,fridge,2.5,closed,46.6,0.0
plain_rice,veg,rice,medium,low,room,34.0,closed,10.4,0.76
veg_pulao,veg,rice,medium,medium,fridge,6.1,open,5.1,22.44
plain_rice,veg,rice,medium,low,room,27.5,closed,27.0,0.0
roti,veg,bread,low,low,room,31.0,closed,10.0,9.52
veg_pulao,veg,rice,medium,medium,fridge,7.2,open,47.5,0.0
halwa,veg,sweet,medium,high,fridge,3.2,open,39.7,11.47
idli,veg,breakfast,medium,low,room,31.3,closed,40.9,0.0
veg_pulao,veg,rice,medium,medium,room,36.9,closed,4.9,2.99
chicken_curry,nonveg,curry,high,medium,room,24.2,closed,44.2,0.0
chicken_biryani,nonveg,rice,medium,medium,room,25.8,open,25.1,0.0
dal_tadka,veg,curry,high,low,room,26.6,open,46.0,0.0
pakora,veg,fried,low,high,room,36.1,open,0.6,10.15
dal_tadka,veg,curry,high,low,room,28.1,closed,11.2,1.6
milk,dairy,liquid,high,low,fridge,3.4,open,32.8,18.33
dosa,veg,breakfast,medium,low,room,28.1,open,24.8,0.0
paneer_butter_masala,dairy,curry,high,medium,room,31.2,open,41.4,0.0
roti,veg,bread,low,low,room,33.8,open,13.3,5.56
gulab_jamun,dairy,sweet,high,medium,fridge,3.3,open,3.4,51.06
idli,veg,breakfast,medium,low,room,28.3,open,28.8,0.0
samosa,veg,fried,low,high,room,35.0,open,34.7,0.0
chicken_curry,nonveg,curry,high,medium,fridge,3.4,closed,32.6,1.9
jeera_rice,veg,rice,medium,low,room,24.2,open,17.8,0.0
samosa,veg,fried,low,high,room,26.0,open,16.4,0.0
jeera_rice,veg,rice,medium,low,room,26.3,open,12.7,0.0
idli,veg,breakfast,medium,low,room,26.7,open,1.5,9.08
dal_tadka,veg,curry,high,low,fridge,3.7,closed,46.9,0.0
idli,veg,breakfast,medium,low,fridge,7.6,closed,37.6,9.78
gulab_jamun,dairy,sweet,high,medium,room,36.3,closed,36.4,0.0
dosa,veg,breakfast,medium,low,room,37.7,open,8.4,0.17
chicken_curry,nonveg,curry,high,medium,room,25.6,closed,19.2,0.0
chicken_curry,nonveg,curry,high,medium,fridge,4.1,open,28.2,0.0
plain_rice,veg,rice,medium,low,room,36.5,open,6.2,1.76
idli,veg,breakfast,medium,low,room,35.5,closed,31.7,0.0
gulab_jamun,dairy,sweet,high,medium,room,28.9,closed,43.4,0.0
naan,veg,bread,low,medium,room,35.5,closed,25.8,0.0
veg_pulao,veg,rice,medium,medium,fridge,6.1,closed,18.4,14.95
roti,veg,bread,low,low,fridge,7.2,closed,8.6,61.02
roti,veg,bread,low,low,fridge,2.5,open,27.5,19.86
halwa,veg,sweet,medium,high,fridge,5.4,open,46.3,15.63
dal_tadka,veg,curry,high,low,room,33.9,open,26.2,0.0
veg_pulao,veg,rice,medium,medium,fridge,5.7,closed,48.0,0.0
chicken_curry,nonveg,curry,high,medium,room,34.5,closed,7.9,1.42
curd,dairy,liquid,high,low,fridge,2.7,closed,40.0,28.48
chicken_curry,nonveg,curry,high,medium,fridge,3.6,closed,31.3,0.0
paratha,veg,bread,low,high,room,32.1,closed,46.6,0.0
paneer_butter_masala,dairy,curry,high,medium,fridge,2.5,closed,35.7,0.0
milk,dairy,liquid,high,low,fridge,2.4,closed,32.6,24.76
halwa,veg,sweet,medium,high,fridge,4.1,closed,43.5,38.53
gulab_jamun,dairy,sweet,high,medium,fridge,2.4,open,17.9,53.57
curd,dairy,liquid,high,low,room,31.1,closed,10.4,0.0
samosa,veg,fried,low,high,room,36.1,open,34.9,0.0
fish_curry,nonveg,curry,high,low,room,24.3,open,37.8,0.0
dal_tadka,veg,curry,high,low,room,26.0,closed,8.3,5.13
pakora,veg,fried,low,high,fridge,5.7,open,6.1,29.29
jeera_rice,veg,rice,medium,low,room,32.5,open,6.0,3.03
plain_rice,veg,rice,medium,low,room,30.8,open,22.9,0.0
fish_curry,nonveg,curry,high,low,room,27.3,closed,25.8,0.0
samosa,veg,fried,low,high,room,29.3,closed,23.9,0.0
jeera_rice,veg,rice,medium,low,fridge,2.5,open,47.7,0.0
veg_pulao,veg,rice,medium,medium,fridge,6.5,closed,45.3,0.0
fish_curry,nonveg,curry,high,low,fridge,3.6,closed,2.7,16.11
jeera_rice,veg,rice,medium,low,room,35.9,open,46.5,0.0
milk,dairy,liquid,high,low,room,25.9,closed,12.3,0.0
halwa,veg,sweet,medium,high,fridge,3.9,closed,10.4,71.0
roti,veg,bread,low,low,room,35.8,open,26.5,0.0
paneer_butter_masala,dairy,curry,high,medium,fridge,3.7,open,17.4,2.75
curd,dairy,liquid,high,low,room,33.6,open,12.4,0.0
pakora,veg,fried,low,high,room,33.4,open,30.0,0.0
idli,veg,breakfast,medium,low,fridge,7.5,open,37.2,0.0
chicken_biryani,nonveg,rice,medium,medium,fridge,3.4,closed,26.5,2.85
milk,dairy,liquid,high,low,room,36.4,open,21.7,0.0
veg_pulao,veg,rice,medium,medium,room,36.8,closed,22.8,0.0
pakora,veg,fried,low,high,fridge,4.9,open,45.6,0.0
idli,veg,breakfast,medium,low,room,25.1,closed,12.3,5.23
paratha,veg,bread,low,high,room,27.1,closed,47.2,0.0
veg_pulao,veg,rice,medium,medium,fridge,3.3,open,23.4,6.87
plain_rice,veg,rice,medium,low,room,37.2,closed,14.3,0.0
dal_tadka,veg,curry,high,low,room,24.3,open,8.0,6.76
roti,veg,bread,low,low,room,36.2,closed,10.7,1.86
fish_curry,nonveg,curry,high,low,fridge,6.6,open,21.7,0.0
pakora,veg,fried,low,high,fridge,5.4,open,48.0,0.0
paneer_butter_masala,dairy,curry,high,medium,room,28.8,closed,33.4,0.0
dal_tadka,veg,curry,high,low,room,31.8,closed,17.3,0.0
dosa,veg,breakfast,medium,low,fridge,7.1,closed,17.5,11.7
paneer_butter_masala,dairy,curry,high,medium,room,28.0,closed,25.0,0.0
chicken_curry,nonveg,curry,high,medium,room,25.4,closed,15.7,0.0
idli,veg,breakfast,medium,low,fridge,4.0,closed,26.0,19.39
dosa,veg,breakfast,medium,low,fridge,6.8,closed,4.5,26.13
idli,veg,breakfast,medium,low,fridge,5.7,closed,37.0,12.38
paratha,veg,bread,low,high,room,33.6,open,0.1,20.34
samosa,veg,fried,low,high,room,36.8,closed,37.0,0.0
idli,veg,breakfast,medium,low,fridge,4.6,open,44.9,0.0
dal_tadka,veg,curry,high,low,room,32.8,open,45.1,0.0
chicken_biryani,nonveg,rice,medium,medium,fridge,5.9,closed,34.6,0.0
samosa,veg,fried,low,high,fridge,3.3,open,19.0,23.1
jeera_rice,veg,rice,medium,low,fridge,3.7,closed,14.8,29.24
jeera_rice,veg,rice,medium,low,room,24.1,closed,20.7,0.0
chicken_curry,nonveg,curry,high,medium,room,34.5,closed,38.2,0.0
paratha,veg,bread,low,high,room,37.7,closed,17.3,6.04
dosa,veg,breakfast,medium,low,room,24.4,closed,15.2,0.0
idli,veg,breakfast,medium,low,room,27.1,open,21.5,0.0
chicken_curry,nonveg,curry,high,medium,room,32.5,closed,36.1,0.0
dosa,veg,breakfast,medium,low,room,26.6,closed,24.6,0.0
fish_curry,nonveg,curry,high,low,fridge,5.1,open,47.1,0.0
chicken_biryani,nonveg,rice,medium,medium,fridge,7.8,closed,20.6,7.13
pakora,veg,fried,low,high,room,36.5,closed,36.1,0.0
jeera_rice,veg,rice,medium,low,room,28.6,closed,32.6,0.0
gulab_jamun,dairy,sweet,high,medium,fridge,3.9,open,19.8,52.8
halwa,veg,sweet,medium,high,fridge,2.2,open,12.2,39.5
halwa,veg,sweet,medium,high,fridge,5.7,closed,31.8,31.32
gulab_jamun,dairy,sweet,high,medium,fridge,6.0,open,15.8,58.67
curd,dairy,liquid,high,low,room,30.6,open,20.3,0.0
dal_tadka,veg,curry,high,low,fridge,2.2,open,8.4,20.71
chicken_curry,nonveg,curry,high,medium,fridge,7.9,closed,45.6,0.0
gulab_jamun,dairy,sweet,high,medium,fridge,3.2,open,22.8,51.06
paratha,veg,bread,low,high,room,34.2,open,1.0,18.23
gulab_jamun,dairy,sweet,high,medium,room,28.4,closed,2.7,17.3
roti,veg,bread,low,low,fridge,7.9,open,47.3,8.32
chicken_curry,nonveg,curry,high,medium,room,36.7,open,42.8,0.0
idli,veg,breakfast,medium,low,fridge,6.8,closed,47.3,0.0
fish_curry,nonveg,curry,high,low,fridge,7.9,open,35.1,0.0
jeera_rice,veg,rice,medium,low,fridge,7.8,closed,38.5,0.39
veg_pulao,veg,rice,medium,medium,room,24.3,open,5.5,1.98
dosa,veg,breakfast,medium,low,fridge,5.1,closed,33.6,0.0
jeera_rice,veg,rice,medium,low,room,24.3,open,24.3,0.0
naan,veg,bread,low,medium,fridge,4.3,closed,43.3,0.0
chicken_biryani,nonveg,rice,medium,medium,fridge,5.1,open,6.9,16.76
jeera_rice,veg,rice,medium,low,fridge,6.4,open,1.2,41.54
dosa,veg,breakfast,medium,low,room,31.3,closed,2.6,6.12
pakora,veg,fried,low,high,room,24.1,open,43.7,0.0
chicken_curry,nonveg,curry,high,medium,room,24.1,closed,47.4,0.0
naan,veg,bread,low,medium,fridge,5.6,closed,20.2,30.43
chicken_biryani,nonveg,rice,medium,medium,fridge,7.7,closed,27.7,4.29
veg_pulao,veg,rice,medium,medium,fridge,4.0,closed,31.1,0.0
roti,veg,bread,low,low,room,36.4,open,1.1,10.1
pakora,veg,fried,low,high,fridge,2.9,closed,26.0,12.22
milk,dairy,liquid,high,low,room,26.8,open,21.3,0.0
paratha,veg,bread,low,high,fridge,7.8,closed,14.3,38.43
pakora,veg,fried,low,high,fridge,2.9,closed,32.1,7.62
roti,veg,bread,low,low,fridge,4.7,open,10.0,49.38
dal_tadka,veg,curry,high,low,fridge,3.5,open,28.7,12.71
pakora,veg,fried,low,high,fridge,6.7,open,34.4,7.39
roti,veg,bread,low,low,fridge,6.7,open,36.2,20.98
idli,veg,breakfast,medium,low,room,37.7,open,34.7,0.0
curd,dairy,liquid,high,low,room,29.5,open,25.3,0.0
chicken_biryani,nonveg,rice,medium,medium,room,27.5,open,2.8,7.5
samosa,veg,fried,low,high,room,25.0,closed,10.6,12.9
dal_tadka,veg,curry,high,low,room,29.7,open,6.0,5.16
halwa,veg,sweet,medium,high,room,35.5,open,40.0,0.0
dosa,veg,breakfast,medium,low,fridge,6.9,closed,18.9,12.64
veg_pulao,veg,rice,medium,medium,room,32.7,closed,33.5,0.0
dal_tadka,veg,curry,high,low,fridge,3.2,open,12.9,24.18
halwa,veg,sweet,medium,high,fridge,3.5,closed,27.0,28.4
chicken_biryani,nonveg,rice,medium,medium,room,35.0,open,21.0,0.0
dal_tadka,veg,curry,high,low,room,32.2,open,16.7,0.0
chicken_biryani,nonveg,rice,medium,medium,fridge,4.4,closed,36.8,0.0
fish_curry,nonveg,curry,high,low,fridge,3.4,closed,30.8,0.0
roti,veg,bread,low,low,room,28.8,closed,21.1,0.0
gulab_jamun,dairy,sweet,high,medium,fridge,3.8,open,21.1,34.57
roti,veg,bread,low,low,room,25.5,open,28.3,0.0
idli,veg,breakfast,medium,low,fridge,2.3,open,37.5,0.0
milk,dairy,liquid,high,low,room,24.8,open,16.6,0.0
dosa,veg,breakfast,medium,low,fridge,5.5,closed,27.4,1.61
dal_tadka,veg,curry,high,low,room,36.2,closed,16.4,0.0
paratha,veg,bread,low,high,fridge,3.3,open,17.2,45.96
plain_rice,veg,rice,medium,low,fridge,2.3,open,3.5,37.22
paneer_butter_masala,dairy,curry,high,medium,fridge,3.8,open,15.4,6.83
paneer_butter_masala,dairy,curry,high,medium,fridge,2.2,open,33.9,0.0
fish_curry,nonveg,curry,high,low,room,28.3,open,40.3,0.0
paneer_butter_masala,dairy,curry,high,medium,fridge,3.6,open,21.7,1.7
chicken_biryani,nonveg,rice,medium,medium,room,27.7,open,44.4,0.0
samosa,veg,fried,low,high,fridge,6.7,closed,42.0,8.92
idli,veg,breakfast,medium,low,fridge,2.2,open,45.8,0.0
paratha,veg,bread,low,high,room,30.6,closed,14.1,13.14
naan,veg,bread,low,medium,fridge,4.8,open,4.9,30.38
dosa,veg,breakfast,medium,low,fridge,5.2,open,47.8,0.0
jeera_rice,veg,rice,medium,low,room,35.7,closed,42.2,0.0
milk,dairy,liquid,high,low,room,31.1,open,37.0,0.0
roti,veg,bread,low,low,fridge,6.1,closed,41.8,25.99
pakora,veg,fried,low,high,room,33.2,closed,39.7,0.0
samosa,veg,fried,low,high,fridge,7.2,closed,14.8,42.44
chicken_curry,nonveg,curry,high,medium,fridge,3.2,closed,1.9,33.93
dal_tadka,veg,curry,high,low,fridge,2.8,closed,32.6,12.75
veg_pulao,veg,rice,medium,medium,fridge,6.0,open,16.7,16.82
veg_pulao,veg,rice,medium,medium,fridge,5.8,closed,12.2,26.17
jeera_rice,veg,rice,medium,low,room,24.2,closed,31.4,0.0
veg_pulao,veg,rice,medium,medium,room,31.0,closed,8.0,1.18
idli,veg,breakfast,medium,low,room,29.4,open,46.4,0.0
halwa,veg,sweet,medium,high,fridge,3.1,open,18.9,54.39
naan,veg,bread,low,medium,fridge,4.5,closed,44.6,0.0
gulab_jamun,dairy,sweet,high,medium,room,36.9,open,1.4,17.21
dal_tadka,veg,curry,high,low,room,27.0,closed,7.9,8.91
milk,dairy,liquid,high,low,room,36.2,closed,11.8,0.0
roti,veg,bread,low,low,room,24.0,closed,3.9,19.71
veg_pulao,veg,rice,medium,medium,fridge,7.1,closed,9.7,26.77
curd,dairy,liquid,high,low,fridge,2.6,open,11.9,28.31
curd,dairy,liquid,high,low,room,32.5,open,47.7,0.0
chicken_biryani,nonveg,rice,medium,medium,fridge,6.7,open,18.1,9.65
jeera_rice,veg,rice,medium,low,fridge,4.9,closed,34.8,14.19
curd,dairy,liquid,high,low,fridge,4.5,closed,44.6,7.7
pakora,veg,fried,low,high,fridge,2.7,closed,46.3,0.0
curd,dairy,liquid,high,low,fridge,6.5,open,29.6,32.47
paratha,veg,bread,low,high,fridge,7.2,closed,8.6,63.93
curd,dairy,liquid,high,low,fridge,5.2,closed,44.0,25.76
milk,dairy,liquid,high,low,room,35.4,closed,4.2,2.32
chicken_biryani,nonveg,rice,medium,medium,fridge,5.3,open,30.7,0.0
dosa,veg,breakfast,medium,low,fridge,4.3,closed,33.4,0.11
chicken_curry,nonveg,curry,high,medium,fridge,4.4,closed,38.2,0.0
halwa,veg,sweet,medium,high,room,33.8,open,14.5,2.26
halwa,veg,sweet,medium,high,room,35.7,open,14.0,5.21
dosa,veg,breakfast,medium,low,fridge,3.6,closed,17.5,12.73
roti,veg,bread,low,low,room,28.6,open,26.0,0.0
paratha,veg,bread,low,high,fridge,2.1,open,11.6,33.64
samosa,veg,fried,low,high,fridge,4.2,open,35.5,0.0
dosa,veg,breakfast,medium,low,fridge,2.9,closed,25.7,7.26
pakora,veg,fried,low,high,room,25.9,open,20.6,0.0
veg_pulao,veg,rice,medium,medium,fridge,7.8,open,10.7,16.15
jeera_rice,veg,rice,medium,low,room,26.6,open,19.8,0.0
plain_rice,veg,rice,medium,low,fridge,6.2,open,41.2,0.0
paneer_butter_masala,dairy,curry,high,medium,room,25.2,open,41.8,0.0
jeera_rice,veg,rice,medium,low,fridge,2.4,open,28.9,5.73
chicken_biryani,nonveg,rice,medium,medium,fridge,4.3,closed,10.6,18.1
gulab_jamun,dairy,sweet,high,medium,room,36.5,closed,9.3,10.4
jeera_rice,veg,rice,medium,low,fridge,3.9,closed,21.6,16.74
milk,dairy,liquid,high,low,fridge,5.5,open,21.7,26.8
naan,veg,bread,low,medium,fridge,4.9,closed,22.7,24.78
paratha,veg,bread,low,high,fridge,3.0,closed,43.5,15.75
samosa,veg,fried,low,high,room,35.6,open,41.7,0.0
dosa,veg,breakfast,medium,low,room,37.8,open,4.2,2.03
gulab_jamun,dairy,sweet,high,medium,fridge,2.0,open,35.7,15.61
jeera_rice,veg,rice,medium,low,fridge,7.8,open,5.1,28.13
chicken_biryani,nonveg,rice,medium,medium,room,35.9,closed,18.5,0.0
naan,veg,bread,low,medium,room,25.8,open,12.6,2.09
gulab_jamun,dairy,sweet,high,medium,fridge,5.6,open,7.8,52.63
fish_curry,nonveg,curry,high,low,room,28.1,closed,16.5,0.0
samosa,veg,fried,low,high,room,37.0,open,18.1,0.0
dal_tadka,veg,curry,high,low,room,34.4,closed,45.5,0.0
samosa,veg,fried,low,high,room,28.7,closed,37.6,0.0
curd,dairy,liquid,high,low,fridge,7.5,open,2.3,37.78
jeera_rice,veg,rice,medium,low,fridge,3.9,closed,14.0,33.33
dal_tadka,veg,curry,high,low,room,29.5,open,20.1,0.0
plain_rice,veg,rice,medium,low,room,28.8,open,32.8,0.0
idli,veg,breakfast,medium,low,room,32.3,open,31.4,0.0
paratha,veg,bread,low,high,room,26.1,open,0.7,26.08
paratha,veg,bread,low,high,fridge,2.2,open,46.5,8.77
roti,veg,bread,low,low,fridge,3.4,closed,40.7,10.41
paneer_butter_masala,dairy,curry,high,medium,room,24.9,closed,15.5,0.0
plain_rice,veg,rice,medium,low,fridge,2.9,open,26.7,10.24
milk,dairy,liquid,high,low,fridge,4.6,closed,27.2,15.13
fish_curry,nonveg,curry,high,low,room,32.5,open,1.2,5.23
chicken_curry,nonveg,curry,high,medium,room,34.3,open,14.1,0.0
dosa,veg,breakfast,medium,low,fridge,3.1,open,41.3,0.0
curd,dairy,liquid,high,low,fridge,3.3,open,43.1,11.08
jeera_rice,veg,rice,medium,low,room,37.1,open,36.1,0.0
roti,veg,bread,low,low,room,29.9,closed,47.1,0.0
plain_rice,veg,rice,medium,low,fridge,6.7,open,38.0,0.0
chicken_curry,nonveg,curry,high,medium,fridge,5.1,closed,32.5,0.0
curd,dairy,liquid,high,low,room,27.3,closed,24.0,0.0
samosa,veg,fried,low,high,room,27.6,closed,29.2,0.0
roti,veg,bread,low,low,room,24.1,open,32.4,0.0
veg_pulao,veg,rice,medium,medium,fridge,6.2,closed,42.8,0.0
halwa,veg,sweet,medium,high,room,27.1,closed,31.1,4.38
chicken_biryani,nonveg,rice,medium,medium,room,25.8,closed,5.3,4.09
jeera_rice,veg,rice,medium,low,fridge,6.2,open,16.9,9.19
halwa,veg,sweet,medium,high,room,32.0,open,13.9,6.75
pakora,veg,fried,low,high,room,32.0,open,9.4,2.43
roti,veg,bread,low,low,room,29.5,closed,6.2,20.6
idli,veg,breakfast,medium,low,room,37.8,open,46.5,0.0
naan,veg,bread,low,medium,room,32.6,open,8.5,3.51
fish_curry,nonveg,curry,high,low,room,27.0,open,8.7,0.0
dosa,veg,breakfast,medium,low,fridge,6.1,closed,11.1,23.73
fish_curry,nonveg,curry,high,low,fridge,2.9,closed,33.2,0.0
milk,dairy,liquid,high,low,room,31.0,closed,24.4,0.0
gulab_jamun,dairy,sweet,high,medium,fridge,5.3,open,14.8,52.14
gulab_jamun,dairy,sweet,high,medium,fridge,7.2,open,3.6,61.68
fish_curry,nonveg,curry,high,low,fridge,3.3,closed,33.2,0.0
naan,veg,bread,low,medium,room,36.9,open,13.1,0.0
fish_curry,nonveg,curry,high,low,fridge,5.4,closed,17.0,7.42
halwa,veg,sweet,medium,high,fridge,5.8,closed,0.1,67.0
halwa,veg,sweet,medium,high,fridge,4.4,open,34.4,36.48
milk,dairy,liquid,high,low,fridge,6.8,closed,9.3,39.01
pakora,veg,fried,low,high,room,24.2,closed,38.2,0.0
roti,veg,bread,low,low,room,24.3,open,23.5,0.0
halwa,veg,sweet,medium,high,fridge,5.9,open,18.1,36.75
samosa,veg,fried,low,high,fridge,3.4,closed,14.8,29.1
naan,veg,bread,low,medium,room,37.5,closed,15.2,0.0
chicken_curry,nonveg,curry,high,medium,fridge,2.5,open,43.1,0.0
idli,veg,breakfast,medium,low,room,36.5,closed,31.5,0.0
veg_pulao,veg,rice,medium,medium,room,25.8,open,41.7,0.0
milk,dairy,liquid,high,low,room,33.0,closed,14.1,0.0
fish_curry,nonveg,curry,high,low,room,33.7,open,25.7,0.0
jeera_rice,veg,rice,medium,low,room,30.2,open,47.7,0.0
halwa,veg,sweet,medium,high,room,36.0,open,16.8,0.0
paratha,veg,bread,low,high,room,28.0,open,7.8,14.9
chicken_curry,nonveg,curry,high,medium,room,27.3,closed,14.5,0.0
milk,dairy,liquid,high,low,fridge,6.2,closed,41.7,10.57
chicken_curry,nonveg,curry,high,medium,fridge,4.4,closed,47.6,0.0
paneer_butter_masala,dairy,curry,high,medium,room,27.1,open,33.1,0.0
curd,dairy,liquid,high,low,fridge,7.7,closed,45.6,12.45
gulab_jamun,dairy,sweet,high,medium,room,28.6,closed,43.8,0.0
samosa,veg,fried,low,high,fridge,3.5,closed,22.0,14.09
pakora,veg,fried,low,high,room,29.2,open,47.7,0.0
gulab_jamun,dairy,sweet,high,medium,fridge,3.4,closed,39.9,43.07
gulab_jamun,dairy,sweet,high,medium,fridge,7.9,open,11.4,45.05
chicken_curry,nonveg,curry,high,medium,room,29.0,open,27.1,0.0
roti,veg,bread,low,low,fridge,2.1,open,34.8,22.14
plain_rice,veg,rice,medium,low,fridge,6.7,open,9.7,27.97
paratha,veg,bread,low,high,room,27.1,open,6.5,17.65
halwa,veg,sweet,medium,high,room,24.1,open,17.6,12.87
idli,veg,breakfast,medium,low,fridge,5.8,open,25.0,17.74
halwa,veg,sweet,medium,high,fridge,7.8,closed,37.4,19.84
dal_tadka,veg,curry,high,low,room,31.6,open,17.5,0.0
naan,veg,bread,low,medium,fridge,5.2,closed,19.2,29.24
dosa,veg,breakfast,medium,low,room,34.4,open,25.8,0.0
roti,veg,bread,low,low,fridge,7.0,open,28.6,12.32
paneer_butter_masala,dairy,curry,high,medium,room,29.6,open,28.8,0.0
paratha,veg,bread,low,high,fridge,4.0,open,41.4,9.75
samosa,veg,fried,low,high,fridge,6.8,open,37.7,7.0
chicken_curry,nonveg,curry,high,medium,fridge,2.5,closed,7.1,17.33
milk,dairy,liquid,high,low,fridge,7.8,closed,16.1,36.72
roti,veg,bread,low,low,room,36.6,closed,32.7,0.0
samosa,veg,fried,low,high,fridge,7.9,open,9.7,32.15
naan,veg,bread,low,medium,fridge,2.8,closed,20.2,28.64
veg_pulao,veg,rice,medium,medium,fridge,2.8,closed,21.9,17.61
dosa,veg,breakfast,medium,low,room,32.8,closed,36.6,0.0
samosa,veg,fried,low,high,fridge,2.2,closed,17.9,38.28
dosa,veg,breakfast,medium,low,fridge,5.4,open,3.6,20.19
milk,dairy,liquid,high,low,room,25.3,open,21.6,0.0
dosa,veg,breakfast,medium,low,fridge,2.9,open,29.8,4.57
paratha,veg,bread,low,high,fridge,2.0,closed,31.3,35.07
idli,veg,breakfast,medium,low,fridge,2.4,open,45.1,0.0
samosa,veg,fried,low,high,room,27.3,closed,11.3,4.91
veg_pulao,veg,rice,medium,medium,room,36.4,closed,41.7,0.0
curd,dairy,liquid,high,low,room,25.2,closed,23.0,0.0
chicken_curry,nonveg,curry,high,medium,room,28.9,closed,11.9,0.0
milk,dairy,liquid,high,low,room,28.4,open,2.9,4.13
dal_tadka,veg,curry,high,low,room,37.7,open,27.9,0.0
chicken_curry,nonveg,curry,high,medium,fridge,5.6,open,45.8,0.0
fish_curry,nonveg,curry,high,low,fridge,5.2,open,8.4,12.58
dosa,veg,breakfast,medium,low,fridge,4.7,open,22.4,3.76
chicken_curry,nonveg,curry,high,medium,room,37.2,closed,47.6,0.0
samosa,veg,fried,low,high,fridge,3.6,closed,18.1,39.57
roti,veg,bread,low,low,fridge,3.3,open,7.6,48.59
milk,dairy,liquid,high,low,room,29.1,open,10.5,0.0
paratha,veg,bread,low,high,room,30.3,closed,24.5,0.0
halwa,veg,sweet,medium,high,room,37.5,closed,14.9,11.33
roti,veg,bread,low,low,room,29.2,closed,36.0,0.0
curd,dairy,liquid,high,low,fridge,3.4,open,23.4,34.49
fish_curry,nonveg,curry,high,low,room,28.8,closed,6.2,2.3
plain_rice,veg,rice,medium,low,room,36.3,closed,25.3,0.0
jeera_rice,veg,rice,medium,low,fridge,3.0,closed,45.0,0.0
chicken_biryani,nonveg,rice,medium,medium,fridge,5.8,closed,17.1,9.65
chicken_curry,nonveg,curry,high,medium,room,30.0,closed,29.1,0.0
roti,veg,bread,low,low,room,37.9,open,36.1,0.0
paratha,veg,bread,low,high,fridge,4.0,open,18.5,42.81
plain_rice,veg,rice,medium,low,fridge,6.0,open,5.1,29.43
naan,veg,bread,low,medium,fridge,3.6,closed,11.5,43.34
gulab_jamun,dairy,sweet,high,medium,fridge,3.9,closed,25.3,52.37
chicken_curry,nonveg,curry,high,medium,room,36.4,open,19.4,0.0
roti,veg,bread,low,low,room,31.9,closed,25.9,0.0
curd,dairy,liquid,high,low,fridge,4.2,open,35.7,19.7
veg_pulao,veg,rice,medium,medium,room,37.0,closed,42.3,0.0
jeera_rice,veg,rice,medium,low,fridge,5.1,open,23.2,15.96
gulab_jamun,dairy,sweet,high,medium,fridge,6.4,open,34.7,30.0
milk,dairy,liquid,high,low,fridge,5.9,closed,37.6,15.37
pakora,veg,fried,low,high,room,36.6,closed,37.7,0.0
veg_pulao,veg,rice,medium,medium,fridge,3.2,closed,4.2,25.32
milk,dairy,liquid,high,low,fridge,5.1,open,44.3,0.0
naan,veg,bread,low,medium,fridge,7.2,closed,17.9,35.43
pakora,veg,fried,low,high,room,35.8,closed,46.8,0.0
chicken_biryani,nonveg,rice,medium,medium,fridge,2.5,closed,38.1,0.0
paneer_butter_masala,dairy,curry,high,medium,fridge,2.4,closed,33.1,0.46
pakora,veg,fried,low,high,room,37.6,open,30.6,0.0
fish_curry,nonveg,curry,high,low,fridge,3.6,open,5.0,20.22
curd,dairy,liquid,high,low,room,27.7,open,35.5,0.0
paneer_butter_masala,dairy,curry,high,medium,room,36.0,open,27.1,0.0
naan,veg,bread,low,medium,room,24.3,open,9.9,4.18
fish_curry,nonveg,curry,high,low,room,33.8,open,23.6,0.0
curd,dairy,liquid,high,low,room,32.7,open,43.5,0.0
samosa,veg,fried,low,high,room,36.1,open,36.3,0.0
fish_curry,nonveg,curry,high,low,fridge,5.1,closed,42.0,0.0
paneer_butter_masala,dairy,curry,high,medium,fridge,5.2,closed,30.7,0.0
paneer_butter_masala,dairy,curry,high,medium,room,24.4,closed,3.4,8.7
idli,veg,breakfast,medium,low,fridge,3.8,open,42.3,0.0
pakora,veg,fried,low,high,room,35.3,closed,35.7,0.0
roti,veg,bread,low,low,room,30.4,closed,33.3,0.0
plain_rice,veg,rice,medium,low,fridge,7.7,closed,0.6,46.5
chicken_biryani,nonveg,rice,medium,medium,fridge,3.2,closed,18.3,14.66
jeera_rice,veg,rice,medium,low,room,29.8,closed,27.1,0.0
milk,dairy,liquid,high,low,fridge,5.5,open,3.7,45.32
milk,dairy,liquid,high,low,fridge,2.0,closed,32.0,14.05
chicken_biryani,nonveg,rice,medium,medium,fridge,4.8,closed,15.6,21.85
dal_tadka,veg,curry,high,low,room,25.0,closed,21.4,0.0
idli,veg,breakfast,medium,low,room,27.7,open,19.2,0.0
paratha,veg,bread,low,high,room,24.1,closed,34.7,0.0
curd,dairy,liquid,high,low,room,32.1,closed,18.3,0.0
gulab_jamun,dairy,sweet,high,medium,room,31.0,closed,20.0,0.0
chicken_curry,nonveg,curry,high,medium,room,37.2,open,34.2,0.0
veg_pulao,veg,rice,medium,medium,fridge,4.7,open,23.3,9.78
curd,dairy,liquid,high,low,fridge,3.3,open,33.6,23.42
naan,veg,bread,low,medium,fridge,6.8,open,2.5,35.44
gulab_jamun,dairy,sweet,high,medium,fridge,7.3,open,3.5,50.41
veg_pulao,veg,rice,medium,medium,fridge,4.0,closed,40.4,0.0
chicken_curry,nonveg,curry,high,medium,room,30.8,open,0.7,5.52
naan,veg,bread,low,medium,fridge,3.7,open,13.4,25.11
veg_pulao,veg,rice,medium,medium,room,35.0,open,38.3,0.0
veg_pulao,veg,rice,medium,medium,room,37.6,closed,43.7,0.0
milk,dairy,liquid,high,low,fridge,3.5,closed,41.8,0.0
fish_curry,nonveg,curry,high,low,room,24.0,open,23.6,0.0
dosa,veg,breakfast,medium,low,fridge,5.3,open,23.4,8.19
dosa,veg,breakfast,medium,low,fridge,5.5,closed,7.7,20.63
jeera_rice,veg,rice,medium,low,fridge,3.3,closed,19.5,12.97
dal_tadka,veg,curry,high,low,fridge,3.3,closed,20.1,18.32
milk,dairy,liquid,high,low,fridge,3.2,open,47.0,0.0
idli,veg,breakfast,medium,low,fridge,6.1,closed,34.0,11.38
idli,veg,breakfast,medium,low,room,34.2,open,19.2,0.0
gulab_jamun,dairy,sweet,high,medium,fridge,5.1,closed,11.0,70.98
dal_tadka,veg,curry,high,low,room,28.5,open,28.6,0.0
plain_rice,veg,rice,medium,low,room,27.6,closed,7.0,7.85
jeera_rice,veg,rice,medium,low,fridge,2.7,open,27.0,0.92
curd,dairy,liquid,high,low,fridge,7.8,closed,36.6,31.61
dosa,veg,breakfast,medium,low,fridge,2.2,open,14.8,8.89
jeera_rice,veg,rice,medium,low,room,25.6,closed,40.6,0.0
paneer_butter_masala,dairy,curry,high,medium,room,32.3,closed,30.8,0.0
veg_pulao,veg,rice,medium,medium,room,26.5,closed,36.7,0.0
fish_curry,nonveg,curry,high,low,fridge,7.9,closed,11.0,10.48
plain_rice,veg,rice,medium,low,room,37.8,closed,3.7,5.13
plain_rice,veg,rice,medium,low,room,36.3,closed,44.1,0.0
paratha,veg,bread,low,high,fridge,6.3,open,35.3,21.4
veg_pulao,veg,rice,medium,medium,room,24.9,open,9.0,2.82
idli,veg,breakfast,medium,low,fridge,6.1,closed,38.7,0.0
curd,dairy,liquid,high,low,fridge,6.3,closed,39.7,26.44
dosa,veg,breakfast,medium,low,room,31.6,open,6.5,0.0
paratha,veg,bread,low,high,fridge,4.7,closed,43.8,25.57
pakora,veg,fried,low,high,fridge,6.9,closed,4.7,44.3
curd,dairy,liquid,high,low,room,24.4,closed,8.7,6.04
plain_rice,veg,rice,medium,low,fridge,2.6,open,15.8,16.78
pakora,veg,fried,low,high,fridge,4.4,closed,40.6,6.79
idli,veg,breakfast,medium,low,room,27.9,open,28.4,0.0
fish_curry,nonveg,curry,high,low,fridge,2.8,closed,5.5,16.38
idli,veg,breakfast,medium,low,fridge,6.9,open,32.8,1.85
plain_rice,veg,rice,medium,low,fridge,2.1,closed,29.6,3.59
curd,dairy,liquid,high,low,fridge,7.9,open,14.1,35.28
naan,veg,bread,low,medium,room,29.6,open,7.9,4.89
dosa,veg,breakfast,medium,low,room,29.6,closed,46.4,0.0
plain_rice,veg,rice,medium,low,room,34.9,open,1.0,6.4
paratha,veg,bread,low,high,fridge,2.6,closed,31.5,28.5
samosa,veg,fried,low,high,fridge,3.5,closed,34.7,3.85
dal_tadka,veg,curry,high,low,fridge,4.0,open,41.7,0.0
chicken_curry,nonveg,curry,high,medium,fridge,7.0,closed,24.1,7.08
paratha,veg,bread,low,high,fridge,6.9,open,20.5,28.71
gulab_jamun,dairy,sweet,high,medium,room,24.5,closed,36.4,0.0
gulab_jamun,dairy,sweet,high,medium,room,37.4,open,30.6,0.0
samosa,veg,fried,low,high,room,36.4,closed,0.8,17.9
samosa,veg,fried,low,high,room,34.9,closed,11.1,7.06
jeera_rice,veg,rice,medium,low,fridge,3.4,closed,39.9,0.0
naan,veg,bread,low,medium,room,33.5,open,37.0,0.0
dal_tadka,veg,curry,high,low,fridge,6.0,closed,29.2,9.11
paratha,veg,bread,low,high,fridge,4.3,open,33.8,25.62
roti,veg,bread,low,low,room,27.5,open,3.6,19.4
jeera_rice,veg,rice,medium,low,fridge,4.5,open,42.7,0.0
gulab_jamun,dairy,sweet,high,medium,fridge,7.7,closed,13.7,59.88
plain_rice,veg,rice,medium,low,fridge,7.2,closed,32.8,10.04
chicken_curry,nonveg,curry,high,medium,fridge,5.3,open,43.2,0.0
paneer_butter_masala,dairy,curry,high,medium,fridge,5.8,open,21.7,6.03
halwa,veg,sweet,medium,high,fridge,7.4,open,37.7,34.23
samosa,veg,fried,low,high,room,35.2,closed,28.8,0.0
paratha,veg,bread,low,high,room,37.0,open,2.7,15.27
paneer_butter_masala,dairy,curry,high,medium,room,30.0,open,2.2,6.89
milk,dairy,liquid,high,low,fridge,3.1,open,3.3,28.2
gulab_jamun,dairy,sweet,high,medium,fridge,3.5,open,10.9,55.78
dosa,veg,breakfast,medium,low,room,26.8,closed,27.5,0.0
chicken_curry,nonveg,curry,high,medium,room,28.2,closed,17.5,0.0
paneer_butter_masala,dairy,curry,high,medium,room,30.7,closed,30.4,0.0
chicken_biryani,nonveg,rice,medium,medium,fridge,6.8,open,31.0,0.0
dal_tadka,veg,curry,high,low,room,26.2,closed,2.1,10.38
gulab_jamun,dairy,sweet,high,medium,room,36.9,open,29.0,0.0
idli,veg,breakfast,medium,low,fridge,5.6,open,0.2,33.77
halwa,veg,sweet,medium,high,room,25.2,open,2.6,26.5
idli,veg,breakfast,medium,low,fridge,7.1,open,10.7,27.18
chicken_biryani,nonveg,rice,medium,medium,fridge,3.2,closed,29.8,0.0
chicken_biryani,nonveg,rice,medium,medium,room,34.8,open,31.1,0.0
dal_tadka,veg,curry,high,low,fridge,7.3,open,35.5,0.0
plain_rice,veg,rice,medium,low,fridge,6.9,closed,10.0,39.15
paratha,veg,bread,low,high,room,25.0,open,32.1,0.0
naan,veg,bread,low,medium,fridge,6.8,open,8.3,29.82
samosa,veg,fried,low,high,fridge,7.4,open,10.4,38.9
dal_tadka,veg,curry,high,low,room,26.2,closed,9.7,6.9
milk,dairy,liquid,high,low,room,33.3,closed,9.8,0.0
idli,veg,breakfast,medium,low,fridge,4.0,closed,25.3,12.15
plain_rice,veg,rice,medium,low,fridge,5.1,closed,28.4,2.45
paneer_butter_masala,dairy,curry,high,medium,fridge,2.5,closed,12.5,11.69
pakora,veg,fried,low,high,fridge,5.9,open,25.6,8.38
chicken_curry,nonveg,curry,high,medium,fridge,5.7,closed,16.8,9.72
plain_rice,veg,rice,medium,low,room,35.2,open,25.3,0.0
roti,veg,bread,low,low,fridge,3.1,closed,6.0,65.07
gulab_jamun,dairy,sweet,high,medium,fridge,5.5,closed,36.4,18.49
milk,dairy,liquid,high,low,room,31.1,open,44.7,0.0
chicken_biryani,nonveg,rice,medium,medium,fridge,3.2,closed,2.3,23.06
dal_tadka,veg,curry,high,low,room,25.8,closed,2.1,14.66
roti,veg,bread,low,low,room,26.1,closed,22.9,0.0
chicken_curry,nonveg,curry,high,medium,fridge,5.8,open,38.0,0.0
curd,dairy,liquid,high,low,fridge,6.5,closed,3.9,67.07
dal_tadka,veg,curry,high,low,fridge,7.2,open,39.1,0.0
paratha,veg,bread,low,high,room,24.4,open,39.9,0.0
dal_tadka,veg,curry,high,low,fridge,3.8,open,39.8,0.0
paneer_butter_masala,dairy,curry,high,medium,fridge,7.2,closed,39.3,0.0
pakora,veg,fried,low,high,room,35.7,closed,19.4,0.0
dal_tadka,veg,curry,high,low,room,27.3,closed,34.5,0.0
veg_pulao,veg,rice,medium,medium,fridge,7.1,open,39.3,0.0
pakora,veg,fried,low,high,fridge,3.4,open,42.0,0.0
roti,veg,bread,low,low,room,37.8,closed,4.8,10.21
dal_tadka,veg,curry,high,low,room,32.0,closed,25.8,0.0
dal_tadka,veg,curry,high,low,fridge,6.1,closed,36.2,8.09
dosa,veg,breakfast,medium,low,fridge,4.7,open,13.8,14.39
samosa,veg,fried,low,high,fridge,6.8,closed,32.6,13.09
idli,veg,breakfast,medium,low,fridge,6.1,closed,46.9,0.0
jeera_rice,veg,rice,medium,low,fridge,2.5,closed,6.0,31.62
paratha,veg,bread,low,high,fridge,7.1,open,7.6,47.73
samosa,veg,fried,low,high,fridge,7.6,open,38.1,2.14
plain_rice,veg,rice,medium,low,room,34.9,open,36.9,0.0
pakora,veg,fried,low,high,room,34.2,open,41.6,0.0
dosa,veg,breakfast,medium,low,room,25.1,closed,37.9,0.0
dal_tadka,veg,curry,high,low,room,35.8,open,12.8,0.0
naan,veg,bread,low,medium,room,30.5,open,10.3,6.45
samosa,veg,fried,low,high,room,28.2,closed,10.8,6.76
dal_tadka,veg,curry,high,low,room,35.3,closed,36.3,0.0
veg_pulao,veg,rice,medium,medium,room,32.9,open,28.1,0.0
milk,dairy,liquid,high,low,room,24.4,closed,5.3,1.19
curd,dairy,liquid,high,low,room,33.2,open,19.7,0.0
plain_rice,veg,rice,medium,low,fridge,6.1,open,42.2,0.0
curd,dairy,liquid,high,low,fridge,4.5,closed,10.8,48.19
milk,dairy,liquid,high,low,fridge,4.2,open,38.2,8.82
paneer_butter_masala,dairy,curry,high,medium,room,25.8,closed,28.8,0.0
plain_rice,veg,rice,medium,low,room,32.2,closed,24.6,0.0
chicken_biryani,nonveg,rice,medium,medium,fridge,2.3,closed,11.7,20.08
jeera_rice,veg,rice,medium,low,fridge,5.2,open,34.1,0.0
dosa,veg,breakfast,medium,low,room,24.9,open,15.8,0.0
halwa,veg,sweet,medium,high,fridge,6.9,closed,8.6,75.44
idli,veg,breakfast,medium,low,fridge,3.4,open,40.5,0.0
veg_pulao,veg,rice,medium,medium,room,28.0,open,37.2,0.0
curd,dairy,liquid,high,low,fridge,4.9,open,35.1,3.57
paneer_butter_masala,dairy,curry,high,medium,fridge,4.5,open,29.4,1.52
plain_rice,veg,rice,medium,low,fridge,5.0,open,15.5,20.71
gulab_jamun,dairy,sweet,high,medium,fridge,6.6,open,37.1,15.04
jeera_rice,veg,rice,medium,low,fridge,3.1,closed,41.5,0.0
fish_curry,nonveg,curry,high,low,room,32.2,closed,13.5,0.0
plain_rice,veg,rice,medium,low,fridge,3.4,open,46.9,0.0
fish_curry,nonveg,curry,high,low,fridge,7.9,closed,0.9,25.32
veg_pulao,veg,rice,medium,medium,room,34.6,closed,19.4,0.0
pakora,veg,fried,low,high,fridge,6.5,open,24.2,7.83
halwa,veg,sweet,medium,high,room,34.6,open,23.9,0.3
gulab_jamun,dairy,sweet,high,medium,room,35.1,open,25.2,0.0
milk,dairy,liquid,high,low,room,29.6,closed,45.2,0.0
gulab_jamun,dairy,sweet,high,medium,room,36.1,closed,27.4,0.0
jeera_rice,veg,rice,medium,low,fridge,2.9,closed,0.5,39.6
halwa,veg,sweet,medium,high,fridge,7.6,closed,27.2,32.17
gulab_jamun,dairy,sweet,high,medium,room,37.4,open,30.6,0.0
plain_rice,veg,rice,medium,low,fridge,3.8,closed,8.3,26.19
veg_pulao,veg,rice,medium,medium,fridge,5.6,closed,24.4,4.79
naan,veg,bread,low,medium,room,32.4,closed,38.2,0.0
idli,veg,breakfast,medium,low,room,36.3,closed,29.9,0.0
pakora,veg,fried,low,high,fridge,6.0,open,28.0,9.56
pakora,veg,fried,low,high,room,27.0,closed,13.8,0.0
chicken_curry,nonveg,curry,high,medium,fridge,4.6,closed,25.2,0.0
idli,veg,breakfast,medium,low,fridge,5.2,open,30.4,1.29
plain_rice,veg,rice,medium,low,room,33.4,open,46.5,0.0
idli,veg,breakfast,medium,low,fridge,2.5,open,19.0,20.25
naan,veg,bread,low,medium,fridge,7.1,closed,38.8,20.93
samosa,veg,fried,low,high,fridge,7.2,closed,45.9,6.39
fish_curry,nonveg,curry,high,low,fridge,5.1,closed,47.2,0.0
roti,veg,bread,low,low,room,25.2,open,5.3,11.26
milk,dairy,liquid,high,low,room,37.3,closed,5.7,0.0
naan,veg,bread,low,medium,room,29.7,closed,19.8,0.27
plain_rice,veg,rice,medium,low,room,27.3,closed,16.3,0.0
gulab_jamun,dairy,sweet,high,medium,room,26.4,open,23.9,0.0
paratha,veg,bread,low,high,fridge,5.3,open,33.6,13.42
curd,dairy,liquid,high,low,fridge,7.1,closed,4.1,50.96
pakora,veg,fried,low,high,fridge,7.8,closed,41.1,7.31
jeera_rice,veg,rice,medium,low,room,26.0,open,8.0,1.75
curd,dairy,liquid,high,low,fridge,6.3,closed,1.0,58.8
fish_curry,nonveg,curry,high,low,room,33.5,closed,11.5,0.0
gulab_jamun,dairy,sweet,high,medium,room,27.9,closed,36.1,0.0
curd,dairy,liquid,high,low,room,24.2,closed,23.1,0.0
chicken_biryani,nonveg,rice,medium,medium,fridge,4.3,closed,6.1,33.45
jeera_rice,veg,rice,medium,low,fridge,2.7,closed,47.8,0.0
chicken_biryani,nonveg,rice,medium,medium,room,37.0,open,13.2,0.0
idli,veg,breakfast,medium,low,room,32.1,closed,45.6,0.0
roti,veg,bread,low,low,room,35.4,open,30.7,0.0
naan,veg,bread,low,medium,room,34.1,open,30.9,0.0
veg_pulao,veg,rice,medium,medium,room,29.7,closed,23.0,0.0
samosa,veg,fried,low,high,room,28.4,open,36.3,0.0
paratha,veg,bread,low,high,fridge,3.4,closed,34.0,31.69
chicken_curry,nonveg,curry,high,medium,room,37.3,closed,37.3,0.0
veg_pulao,veg,rice,medium,medium,fridge,3.5,closed,23.6,8.07
jeera_rice,veg,rice,medium,low,fridge,4.2,closed,6.8,23.99
roti,veg,bread,low,low,room,24.9,open,1.9,14.49
dosa,veg,breakfast,medium,low,room,32.3,open,46.9,0.0
jeera_rice,veg,rice,medium,low,fridge,6.9,open,2.8,28.76
pakora,veg,fried,low,high,room,25.4,open,9.2,3.64
veg_pulao,veg,rice,medium,medium,fridge,3.0,open,2.5,31.44
jeera_rice,veg,rice,medium,low,fridge,2.4,open,19.7,13.04
roti,veg,bread,low,low,room,37.7,closed,42.7,0.0
paratha,veg,bread,low,high,fridge,3.8,open,27.3,35.02
paratha,veg,bread,low,high,room,30.6,open,28.2,0.0
pakora,veg,fried,low,high,room,27.3,closed,3.6,14.85
roti,veg,bread,low,low,room,30.4,closed,39.2,0.0
fish_curry,nonveg,curry,high,low,room,32.6,open,27.4,0.0
dosa,veg,breakfast,medium,low,room,34.4,closed,39.4,0.0
naan,veg,bread,low,medium,fridge,3.5,closed,14.0,41.93
gulab_jamun,dairy,sweet,high,medium,room,30.8,open,41.3,0.0
roti,veg,bread,low,low,room,31.5,closed,30.2,0.0
plain_rice,veg,rice,medium,low,room,30.4,open,40.4,0.0
idli,veg,breakfast,medium,low,room,29.5,open,41.7,0.0
curd,dairy,liquid,high,low,fridge,5.7,closed,47.0,5.3
samosa,veg,fried,low,high,fridge,5.1,open,30.1,13.41
chicken_curry,nonveg,curry,high,medium,room,28.6,closed,46.4,0.0
chicken_biryani,nonveg,rice,medium,medium,fridge,2.7,closed,10.2,18.57
curd,dairy,liquid,high,low,room,35.5,open,31.0,0.0
jeera_rice,veg,rice,medium,low,fridge,2.9,open,9.2,24.87
pakora,veg,fried,low,high,room,34.4,closed,44.2,0.0
chicken_biryani,nonveg,rice,medium,medium,fridge,4.9,closed,13.7,14.06
paratha,veg,bread,low,high,fridge,2.1,closed,32.7,26.55
naan,veg,bread,low,medium,room,35.0,open,0.2,12.65
naan,veg,bread,low,medium,room,25.8,open,14.6,4.67
roti,veg,bread,low,low,fridge,4.1,closed,10.7,55.03
halwa,veg,sweet,medium,high,fridge,6.8,open,38.6,21.42
pakora,veg,fried,low,high,room,24.4,open,11.0,0.55
jeera_rice,veg,rice,medium,low,fridge,2.9,closed,16.5,32.18
jeera_rice,veg,rice,medium,low,room,24.0,open,43.7,0.0
idli,veg,breakfast,medium,low,fridge,3.3,closed,32.4,12.27
paneer_butter_masala,dairy,curry,high,medium,room,37.3,open,17.4,0.0
dosa,veg,breakfast,medium,low,room,34.3,closed,4.3,5.26
paratha,veg,bread,low,high,room,35.0,closed,31.1,0.0
naan,veg,bread,low,medium,fridge,7.0,closed,19.5,21.27
chicken_curry,nonveg,curry,high,medium,fridge,3.7,closed,37.3,0.0
roti,veg,bread,low,low,fridge,5.6,closed,37.5,14.39
paneer_butter_masala,dairy,curry,high,medium,fridge,7.9,closed,28.0,0.0
curd,dairy,liquid,high,low,room,37.0,open,32.7,0.0
pakora,veg,fried,low,high,room,31.5,open,12.0,1.67
dal_tadka,veg,curry,high,low,fridge,4.2,open,26.2,5.31
veg_pulao,veg,rice,medium,medium,fridge,6.3,closed,41.8,0.0
gulab_jamun,dairy,sweet,high,medium,fridge,2.8,open,17.1,57.96
curd,dairy,liquid,high,low,room,37.6,closed,45.2,0.0
milk,dairy,liquid,high,low,fridge,4.5,open,39.2,0.0
veg_pulao,veg,rice,medium,medium,fridge,4.9,closed,29.0,0.0
plain_rice,veg,rice,medium,low,fridge,7.7,closed,0.7,40.55
naan,veg,bread,low,medium,room,31.1,open,2.3,10.22
dal_tadka,veg,curry,high,low,fridge,7.4,closed,27.6,15.65
samosa,veg,fried,low,high,room,33.4,closed,10.0,7.27
naan,veg,bread,low,medium,room,31.5,open,28.7,0.0
naan,veg,bread,low,medium,fridge,7.2,closed,28.7,20.94
pakora,veg,fried,low,high,fridge,2.9,closed,26.0,5.68
idli,veg,breakfast,medium,low,room,37.2,open,32.6,0.0
chicken_biryani,nonveg,rice,medium,medium,fridge,7.2,open,31.2,0.0
plain_rice,veg,rice,medium,low,fridge,4.0,closed,12.7,33.11
fish_curry,nonveg,curry,high,low,room,33.1,closed,44.0,0.0
fish_curry,nonveg,curry,high,low,room,33.3,closed,6.2,1.53
idli,veg,breakfast,medium,low,fridge,3.8,open,20.4,5.36
naan,veg,bread,low,medium,room,33.1,open,7.2,3.55
paratha,veg,bread,low,high,room,24.7,closed,1.8,28.31
pakora,veg,fried,low,high,room,28.4,closed,36.3,0.0
plain_rice,veg,rice,medium,low,room,29.5,open,26.2,0.0
samosa,veg,fried,low,high,fridge,3.2,open,39.9,0.0
dal_tadka,veg,curry,high,low,room,38.0,closed,23.6,0.0
dosa,veg,breakfast,medium,low,fridge,7.2,closed,17.5,9.85
curd,dairy,liquid,high,low,room,33.0,open,13.2,0.0
jeera_rice,veg,rice,medium,low,room,37.1,open,25.5,0.0
naan,veg,bread,low,medium,fridge,3.6,closed,38.7,4.72
gulab_jamun,dairy,sweet,high,medium,room,34.0,open,37.5,0.0
chicken_curry,nonveg,curry,high,medium,fridge,4.5,open,2.6,27.78
gulab_jamun,dairy,sweet,high,medium,room,31.2,open,29.4,0.0
halwa,veg,sweet,medium,high,fridge,3.3,closed,39.9,40.22
chicken_curry,nonveg,curry,high,medium,room,25.5,closed,8.5,2.44
veg_pulao,veg,rice,medium,medium,room,37.0,closed,22.4,0.0
plain_rice,veg,rice,medium,low,room,35.7,closed,15.0,0.0
idli,veg,breakfast,medium,low,room,36.3,open,32.1,0.0
veg_pulao,veg,rice,medium,medium,room,24.5,open,1.2,6.8
roti,veg,bread,low,low,room,31.4,closed,19.3,2.35
dosa,veg,breakfast,medium,low,fridge,2.8,open,6.2,20.5
fish_curry,nonveg,curry,high,low,fridge,6.3,closed,29.3,0.0
chicken_biryani,nonveg,rice,medium,medium,room,27.3,closed,32.9,0.0
idli,veg,breakfast,medium,low,fridge,5.4,closed,28.2,17.62
paratha,veg,bread,low,high,fridge,7.8,closed,7.8,61.63
paneer_butter_masala,dairy,curry,high,medium,room,27.1,closed,21.2,0.0
samosa,veg,fried,low,high,fridge,6.9,open,2.7,32.36
curd,dairy,liquid,high,low,room,37.9,open,20.1,0.0
paneer_butter_masala,dairy,curry,high,medium,room,28.6,closed,14.2,0.0
veg_pulao,veg,rice,medium,medium,fridge,2.5,open,24.5,0.0
halwa,veg,sweet,medium,high,room,34.4,closed,24.2,1.21
veg_pulao,veg,rice,medium,medium,room,35.3,closed,47.7,0.0
dosa,veg,breakfast,medium,low,room,29.5,closed,32.0,0.0
milk,dairy,liquid,high,low,room,28.4,closed,0.3,8.41
samosa,veg,fried,low,high,room,35.9,open,15.6,0.26
naan,veg,bread,low,medium,fridge,6.8,open,42.3,0.0
roti,veg,bread,low,low,fridge,5.0,closed,47.0,0.52
pakora,veg,fried,low,high,fridge,5.7,closed,7.1,35.32
halwa,veg,sweet,medium,high,fridge,5.0,closed,42.7,23.47
plain_rice,veg,rice,medium,low,fridge,3.4,open,26.2,3.18
veg_pulao,veg,rice,medium,medium,fridge,4.8,open,34.3,0.0
milk,dairy,liquid,high,low,room,36.4,closed,21.9,0.0
dosa,veg,breakfast,medium,low,room,36.4,open,25.4,0.0
jeera_rice,veg,rice,medium,low,room,36.8,open,42.9,0.0
jeera_rice,veg,rice,medium,low,room,28.2,open,29.4,0.0
milk,dairy,liquid,high,low,fridge,6.6,open,37.5,0.0
fish_curry,nonveg,curry,high,low,room,37.9,open,21.8,0.0
paratha,veg,bread,low,high,fridge,8.0,closed,26.8,20.77
plain_rice,veg,rice,medium,low,fridge,4.1,closed,2.9,38.93
idli,veg,breakfast,medium,low,fridge,6.8,closed,12.3,18.25
milk,dairy,liquid,high,low,fridge,7.1,open,33.4,1.89
jeera_rice,veg,rice,medium,low,room,24.8,open,11.9,0.0
chicken_curry,nonveg,curry,high,medium,fridge,5.0,closed,45.8,0.0
paneer_butter_masala,dairy,curry,high,medium,room,24.2,open,33.2,0.0
paneer_butter_masala,dairy,curry,high,medium,fridge,5.2,closed,32.3,0.59
dal_tadka,veg,curry,high,low,room,25.8,open,5.5,7.97
naan,veg,bread,low,medium,fridge,2.2,closed,31.3,13.47
gulab_jamun,dairy,sweet,high,medium,room,35.1,open,2.7,14.56
halwa,veg,sweet,medium,high,fridge,7.1,closed,33.3,38.01
paneer_butter_masala,dairy,curry,high,medium,fridge,4.3,closed,36.3,0.0
roti,veg,bread,low,low,fridge,2.9,closed,19.1,50.47
jeera_rice,veg,rice,medium,low,room,30.2,open,15.2,0.0
gulab_jamun,dairy,sweet,high,medium,room,35.9,open,10.5,3.37
curd,dairy,liquid,high,low,fridge,4.2,open,5.7,33.88
chicken_biryani,nonveg,rice,medium,medium,room,25.8,open,14.2,0.0
naan,veg,bread,low,medium,fridge,5.3,closed,14.8,29.1
chicken_biryani,nonveg,rice,medium,medium,room,35.8,open,17.7,0.0
dal_tadka,veg,curry,high,low,fridge,2.2,closed,7.6,23.87
chicken_curry,nonveg,curry,high,medium,room,36.4,closed,13.8,0.0
veg_pulao,veg,rice,medium,medium,room,36.7,closed,16.1,0.0
jeera_rice,veg,rice,medium,low,fridge,2.2,open,9.7,20.25
samosa,veg,fried,low,high,room,26.9,closed,7.2,14.5
dosa,veg,breakfast,medium,low,room,29.5,open,46.4,0.0
chicken_curry,nonveg,curry,high,medium,fridge,7.0,closed,3.1,25.02
naan,veg,bread,low,medium,room,25.0,open,27.1,0.0
paratha,veg,bread,low,high,fridge,4.4,closed,7.6,68.43
curd,dairy,liquid,high,low,room,24.9,open,39.7,0.0
paneer_butter_masala,dairy,curry,high,medium,room,24.4,closed,34.3,0.0
fish_curry,nonveg,curry,high,low,room,27.0,open,35.1,0.0
naan,veg,bread,low,medium,fridge,5.4,closed,14.1,39.32
paneer_butter_masala,dairy,curry,high,medium,fridge,3.7,closed,9.1,27.33
samosa,veg,fried,low,high,fridge,3.1,open,18.4,21.23
chicken_biryani,nonveg,rice,medium,medium,fridge,2.9,closed,18.3,17.27
veg_pulao,veg,rice,medium,medium,fridge,4.0,closed,33.1,0.0
dal_tadka,veg,curry,high,low,room,34.8,closed,6.0,6.59
gulab_jamun,dairy,sweet,high,medium,fridge,2.9,open,46.1,1.64
chicken_curry,nonveg,curry,high,medium,fridge,6.6,open,30.4,0.0
naan,veg,bread,low,medium,fridge,5.4,open,11.2,33.47
paratha,veg,bread,low,high,fridge,2.8,closed,22.8,34.5
paratha,veg,bread,low,high,fridge,6.1,open,9.4,50.12
milk,dairy,liquid,high,low,fridge,6.2,closed,26.4,11.11
curd,dairy,liquid,high,low,fridge,4.4,open,24.2,38.68
fish_curry,nonveg,curry,high,low,room,27.9,closed,26.2,0.0
chicken_biryani,nonveg,rice,medium,medium,room,36.3,open,29.9,0.0
dal_tadka,veg,curry,high,low,fridge,6.6,closed,6.6,39.37
dosa,veg,breakfast,medium,low,room,37.2,closed,9.7,0.0
plain_rice,veg,rice,medium,low,room,31.9,closed,8.9,4.69
plain_rice,veg,rice,medium,low,fridge,2.2,open,13.1,24.19
idli,veg,breakfast,medium,low,room,31.3,closed,38.8,0.0
pakora,veg,fried,low,high,room,28.3,open,43.0,0.0
fish_curry,nonveg,curry,high,low,fridge,6.5,open,6.3,18.08
paneer_butter_masala,dairy,curry,high,medium,fridge,7.3,open,30.3,0.0
samosa,veg,fried,low,high,fridge,5.5,open,34.8,10.71
halwa,veg,sweet,medium,high,room,31.5,open,44.3,0.0
chicken_biryani,nonveg,rice,medium,medium,fridge,8.0,open,36.2,0.0
curd,dairy,liquid,high,low,fridge,3.1,closed,35.4,12.12
samosa,veg,fried,low,high,room,31.8,open,29.9,0.0
samosa,veg,fried,low,high,fridge,5.5,closed,18.9,18.79
dal_tadka,veg,curry,high,low,fridge,7.6,open,4.7,22.94
plain_rice,veg,rice,medium,low,room,36.6,closed,42.2,0.0
veg_pulao,veg,rice,medium,medium,room,34.1,closed,44.3,0.0
chicken_curry,nonveg,curry,high,medium,room,30.0,open,23.0,0.0
roti,veg,bread,low,low,room,34.8,open,27.1,0.0
naan,veg,bread,low,medium,room,25.5,closed,5.1,17.63
dosa,veg,breakfast,medium,low,room,27.2,open,43.3,0.0
dosa,veg,breakfast,medium,low,fridge,2.0,closed,24.5,6.65
dosa,veg,breakfast,medium,low,room,29.7,closed,2.2,7.15
fish_curry,nonveg,curry,high,low,fridge,4.3,open,32.3,0.0
roti,veg,bread,low,low,room,26.4,open,37.4,0.0
veg_pulao,veg,rice,medium,medium,fridge,5.6,open,41.3,0.0
chicken_biryani,nonveg,rice,medium,medium,fridge,7.9,closed,30.0,3.92
dosa,veg,breakfast,medium,low,fridge,6.7,closed,10.6,18.61
fish_curry,nonveg,curry,high,low,fridge,4.8,open,16.6,3.32
gulab_jamun,dairy,sweet,high,medium,room,27.9,open,6.2,18.68
pakora,veg,fried,low,high,fridge,2.2,closed,26.1,17.33
naan,veg,bread,low,medium,fridge,7.1,open,23.0,17.62
plain_rice,veg,rice,medium,low,fridge,7.4,open,47.8,0.0
pakora,veg,fried,low,high,room,36.2,closed,33.0,0.0
jeera_rice,veg,rice,medium,low,room,25.2,closed,4.9,9.78
halwa,veg,sweet,medium,high,fridge,2.2,open,16.5,39.25
samosa,veg,fried,low,high,fridge,6.3,open,13.8,34.45
dal_tadka,veg,curry,high,low,fridge,3.9,closed,45.8,3.2
halwa,veg,sweet,medium,high,room,29.5,closed,43.8,0.0
veg_pulao,veg,rice,medium,medium,room,28.4,closed,44.0,0.0
halwa,veg,sweet,medium,high,fridge,7.0,closed,20.1,59.32
paratha,veg,bread,low,high,room,30.4,closed,7.8,16.33
paratha,veg,bread,low,high,fridge,2.7,closed,3.6,64.88
idli,veg,breakfast,medium,low,fridge,6.8,open,28.2,3.22
dosa,veg,breakfast,medium,low,room,26.3,open,11.8,0.0
pakora,veg,fried,low,high,fridge,3.8,open,0.4,25.88
samosa,veg,fried,low,high,room,36.5,open,14.8,0.0
paneer_butter_masala,dairy,curry,high,medium,room,26.1,open,35.9,0.0
milk,dairy,liquid,high,low,fridge,6.0,closed,8.6,32.28
jeera_rice,veg,rice,medium,low,room,34.5,closed,28.6,0.0
dosa,veg,breakfast,medium,low,room,31.2,open,3.3,4.07
pakora,veg,fried,low,high,room,31.3,closed,29.9,0.0
chicken_curry,nonveg,curry,high,medium,fridge,3.6,open,24.2,0.0
pakora,veg,fried,low,high,fridge,6.3,open,9.3,20.3
samosa,veg,fried,low,high,room,35.5,open,6.2,4.55
plain_rice,veg,rice,medium,low,fridge,3.0,open,36.8,2.95
veg_pulao,veg,rice,medium,medium,room,29.3,open,41.4,0.0
milk,dairy,liquid,high,low,fridge,6.9,closed,16.0,32.6
veg_pulao,veg,rice,medium,medium,room,36.8,closed,33.5,0.0
dosa,veg,breakfast,medium,low,room,34.8,open,3.9,3.21
naan,veg,bread,low,medium,fridge,3.3,open,36.5,0.04
chicken_curry,nonveg,curry,high,medium,fridge,5.0,closed,20.1,2.2
pakora,veg,fried,low,high,fridge,4.4,open,13.4,21.52
plain_rice,veg,rice,medium,low,fridge,2.1,open,41.6,0.0
chicken_curry,nonveg,curry,high,medium,fridge,3.4,closed,47.2,0.0
chicken_biryani,nonveg,rice,medium,medium,room,26.8,closed,47.5,0.0
fish_curry,nonveg,curry,high,low,room,26.6,closed,45.2,0.0
plain_rice,veg,rice,medium,low,room,36.1,closed,15.6,0.0
dosa,veg,breakfast,medium,low,fridge,4.0,closed,18.6,13.58
plain_rice,veg,rice,medium,low,fridge,2.3,closed,20.6,20.13
curd,dairy,liquid,high,low,room,24.0,open,23.0,0.0
fish_curry,nonveg,curry,high,low,fridge,6.8,closed,2.8,20.34
jeera_rice,veg,rice,medium,low,room,34.6,open,0.1,11.32
chicken_curry,nonveg,curry,high,medium,room,34.4,closed,31.8,0.0
chicken_biryani,nonveg,rice,medium,medium,fridge,7.9,closed,32.1,0.0
dosa,veg,breakfast,medium,low,room,38.0,closed,22.9,0.0
paratha,veg,bread,low,high,room,31.2,open,46.0,0.0
pakora,veg,fried,low,high,room,27.3,closed,25.7,0.0
dosa,veg,breakfast,medium,low,room,34.3,closed,20.7,0.0
roti,veg,bread,low,low,room,30.0,closed,15.0,10.93
milk,dairy,liquid,high,low,fridge,5.4,closed,45.4,2.03
paneer_butter_masala,dairy,curry,high,medium,room,28.4,closed,7.4,2.37
naan,veg,bread,low,medium,fridge,5.5,closed,28.2,23.87
paneer_butter_masala,dairy,curry,high,medium,fridge,7.2,closed,33.7,0.0
paneer_butter_masala,dairy,curry,high,medium,room,37.8,open,44.5,0.0
paneer_butter_masala,dairy,curry,high,medium,room,31.2,closed,39.9,0.0
fish_curry,nonveg,curry,high,low,fridge,2.4,open,33.8,0.0
naan,veg,bread,low,medium,fridge,5.0,open,19.0,15.7
paratha,veg,bread,low,high,fridge,5.2,closed,14.3,39.59
chicken_curry,nonveg,curry,high,medium,room,25.3,open,41.2,0.0
chicken_curry,nonveg,curry,high,medium,fridge,5.5,open,25.4,2.09
roti,veg,bread,low,low,fridge,6.7,closed,5.0,44.09
chicken_curry,nonveg,curry,high,medium,room,30.1,closed,7.3,2.42
chicken_curry,nonveg,curry,high,medium,room,26.8,open,19.9,0.0
gulab_jamun,dairy,sweet,high,medium,room,31.0,open,4.1,13.93
samosa,veg,fried,low,high,room,35.0,open,38.9,0.0
dal_tadka,veg,curry,high,low,room,31.5,open,16.9,0.0
gulab_jamun,dairy,sweet,high,medium,fridge,7.0,closed,37.3,26.92
fish_curry,nonveg,curry,high,low,room,37.3,closed,31.1,0.0
milk,dairy,liquid,high,low,fridge,2.8,closed,21.6,25.79
plain_rice,veg,rice,medium,low,room,37.9,closed,44.5,0.0
paratha,veg,bread,low,high,fridge,5.0,open,37.7,26.25
samosa,veg,fried,low,high,fridge,6.9,closed,4.1,46.62
jeera_rice,veg,rice,medium,low,fridge,3.3,closed,6.0,28.42
chicken_curry,nonveg,curry,high,medium,room,26.8,open,9.4,0.0
pakora,veg,fried,low,high,room,37.1,closed,43.4,0.0
paratha,veg,bread,low,high,fridge,5.8,open,14.4,39.27
halwa,veg,sweet,medium,high,fridge,4.5,open,22.2,51.14
veg_pulao,veg,rice,medium,medium,fridge,2.2,open,23.2,0.0
roti,veg,bread,low,low,fridge,5.2,closed,20.6,34.25
roti,veg,bread,low,low,room,35.4,closed,29.0,0.0
naan,veg,bread,low,medium,fridge,2.6,open,47.3,0.0
samosa,veg,fried,low,high,fridge,3.2,closed,32.3,23.82
gulab_jamun,dairy,sweet,high,medium,room,34.1,open,16.0,0.0
idli,veg,breakfast,medium,low,fridge,4.3,open,17.3,22.67
dosa,veg,breakfast,medium,low,room,32.0,closed,4.6,2.97
milk,dairy,liquid,high,low,room,25.5,open,44.8,0.0
paratha,veg,bread,low,high,room,33.2,open,23.4,0.0
milk,dairy,liquid,high,low,room,35.7,open,38.6,0.0
naan,veg,bread,low,medium,fridge,5.2,open,9.6,37.55
jeera_rice,veg,rice,medium,low,room,26.6,closed,28.8,0.0
chicken_curry,nonveg,curry,high,medium,room,30.6,open,19.5,0.0
pakora,veg,fried,low,high,fridge,3.0,open,1.1,36.69
naan,veg,bread,low,medium,fridge,3.7,open,13.3,32.1
dosa,veg,breakfast,medium,low,fridge,5.8,closed,19.4,12.89
fish_curry,nonveg,curry,high,low,fridge,7.8,open,44.3,0.0
jeera_rice,veg,rice,medium,low,fridge,7.1,closed,41.0,6.99
paratha,veg,bread,low,high,room,30.2,closed,35.1,0.0
fish_curry,nonveg,curry,high,low,room,24.3,closed,38.9,0.0
paneer_butter_masala,dairy,curry,high,medium,fridge,5.8,closed,37.6,0.0
paneer_butter_masala,dairy,curry,high,medium,room,37.8,closed,29.3,0.0
idli,veg,breakfast,medium,low,fridge,7.4,closed,3.8,38.58
fish_curry,nonveg,curry,high,low,fridge,3.8,open,30.6,0.0
curd,dairy,liquid,high,low,fridge,5.9,closed,28.7,30.33
samosa,veg,fried,low,high,fridge,3.2,closed,14.5,40.62
dal_tadka,veg,curry,high,low,room,29.5,closed,41.5,0.0
roti,veg,bread,low,low,room,24.2,open,5.5,15.21
plain_rice,veg,rice,medium,low,fridge,5.0,open,27.6,8.64
gulab_jamun,dairy,sweet,high,medium,room,29.8,open,28.8,0.0
fish_curry,nonveg,curry,high,low,fridge,5.5,closed,48.0,0.0
samosa,veg,fried,low,high,fridge,3.3,closed,40.4,3.84
idli,veg,breakfast,medium,low,room,28.7,closed,35.6,0.0
roti,veg,bread,low,low,room,32.3,open,23.7,0.0
roti,veg,bread,low,low,room,37.4,closed,2.4,16.67
plain_rice,veg,rice,medium,low,fridge,2.3,open,43.6,0.0
chicken_curry,nonveg,curry,high,medium,room,28.0,closed,44.3,0.0
idli,veg,breakfast,medium,low,fridge,7.4,open,11.5,21.18
paratha,veg,bread,low,high,fridge,6.6,open,10.4,33.35
dal_tadka,veg,curry,high,low,room,37.1,closed,41.5,0.0
chicken_biryani,nonveg,rice,medium,medium,fridge,7.7,closed,42.3,0.0
veg_pulao,veg,rice,medium,medium,fridge,4.3,closed,32.4,0.0
roti,veg,bread,low,low,room,31.7,closed,24.4,0.0
chicken_biryani,nonveg,rice,medium,medium,room,35.5,closed,17.5,0.0
halwa,veg,sweet,medium,high,room,28.4,open,17.1,4.69
fish_curry,nonveg,curry,high,low,fridge,4.4,closed,43.6,0.0
fish_curry,nonveg,curry,high,low,fridge,2.5,closed,2.3,25.08
dal_tadka,veg,curry,high,low,room,32.7,closed,22.3,0.0
fish_curry,nonveg,curry,high,low,room,35.9,open,42.1,0.0
gulab_jamun,dairy,sweet,high,medium,fridge,4.9,open,23.1,36.93
curd,dairy,liquid,high,low,room,38.0,closed,27.4,0.0
curd,dairy,liquid,high,low,room,28.7,open,45.2,0.0
idli,veg,breakfast,medium,low,room,31.3,closed,1.5,11.03
gulab_jamun,dairy,sweet,high,medium,room,35.8,closed,13.3,1.62
plain_rice,veg,rice,medium,low,room,35.1,closed,14.7,0.0
paneer_butter_masala,dairy,curry,high,medium,room,26.9,open,4.2,6.2
paratha,veg,bread,low,high,room,29.6,closed,7.7,21.11
naan,veg,bread,low,medium,room,28.4,open,36.7,0.0
plain_rice,veg,rice,medium,low,room,32.0,open,7.3,2.65
dosa,veg,breakfast,medium,low,room,35.5,open,38.2,0.0
paneer_butter_masala,dairy,curry,high,medium,room,31.9,closed,40.5,0.0
paratha,veg,bread,low,high,room,27.8,open,39.7,0.0
dal_tadka,veg,curry,high,low,fridge,2.6,open,8.1,27.08
halwa,veg,sweet,medium,high,room,37.9,open,3.8,12.82
veg_pulao,veg,rice,medium,medium,fridge,6.8,closed,40.2,0.0
dosa,veg,breakfast,medium,low,fridge,3.8,open,26.9,8.64
fish_curry,nonveg,curry,high,low,fridge,7.1,open,30.7,0.0
idli,veg,breakfast,medium,low,room,25.9,open,40.4,0.0
milk,dairy,liquid,high,low,room,29.9,open,26.5,0.0
roti,veg,bread,low,low,fridge,2.0,closed,11.7,40.08
dosa,veg,breakfast,medium,low,fridge,3.0,open,36.3,0.0
paneer_butter_masala,dairy,curry,high,medium,room,32.4,closed,33.2,0.0
roti,veg,bread,low,low,room,24.1,closed,41.7,0.0
dal_tadka,veg,curry,high,low,room,27.2,closed,47.6,0.0
chicken_curry,nonveg,curry,high,medium,room,33.5,open,15.7,0.0
fish_curry,nonveg,curry,high,low,fridge,3.5,closed,29.0,0.0
veg_pulao,veg,rice,medium,medium,fridge,6.7,open,4.1,27.63
pakora,veg,fried,low,high,fridge,6.9,open,2.0,25.05
gulab_jamun,dairy,sweet,high,medium,room,27.9,closed,17.5,10.05
gulab_jamun,dairy,sweet,high,medium,fridge,4.8,open,5.9,45.76
pakora,veg,fried,low,high,room,33.1,open,40.6,0.0
dal_tadka,veg,curry,high,low,room,25.9,open,39.3,0.0
paratha,veg,bread,low,high,fridge,3.0,open,45.9,10.18
veg_pulao,veg,rice,medium,medium,fridge,5.1,closed,10.0,23.74
halwa,veg,sweet,medium,high,room,28.2,open,17.6,3.59
pakora,veg,fried,low,high,room,34.2,open,36.5,0.0
milk,dairy,liquid,high,low,fridge,4.7,closed,27.1,27.84
fish_curry,nonveg,curry,high,low,room,29.9,closed,5.3,1.84
dosa,veg,breakfast,medium,low,room,35.9,open,23.2,0.0
gulab_jamun,dairy,sweet,high,medium,room,33.1,closed,15.5,8.14
milk,dairy,liquid,high,low,fridge,5.1,closed,42.3,0.65
jeera_rice,veg,rice,medium,low,room,29.2,open,43.1,0.0
fish_curry,nonveg,curry,high,low,room,24.5,open,34.3,0.0
dal_tadka,veg,curry,high,low,fridge,6.3,open,33.7,7.41
milk,dairy,liquid,high,low,room,28.5,closed,33.5,0.0
pakora,veg,fried,low,high,fridge,4.9,closed,21.1,16.26
paratha,veg,bread,low,high,room,32.6,open,18.5,2.8
dal_tadka,veg,curry,high,low,fridge,3.3,closed,25.6,10.6
chicken_biryani,nonveg,rice,medium,medium,room,36.9,closed,29.5,0.0
roti,veg,bread,low,low,fridge,4.0,closed,2.6,59.91
gulab_jamun,dairy,sweet,high,medium,room,27.5,open,26.7,0.0
plain_rice,veg,rice,medium,low,fridge,5.4,closed,9.7,30.96
roti,veg,bread,low,low,room,36.7,open,41.4,0.0
paneer_butter_masala,dairy,curry,high,medium,fridge,3.3,open,27.0,2.85
roti,veg,bread,low,low,fridge,7.1,closed,47.3,22.68
paneer_butter_masala,dairy,curry,high,medium,fridge,7.8,open,31.3,0.0
samosa,veg,fried,low,high,room,32.0,closed,16.5,4.81
dal_tadka,veg,curry,high,low,fridge,7.6,closed,43.2,0.82
chicken_curry,nonveg,curry,high,medium,room,35.8,closed,39.6,0.0
paratha,veg,bread,low,high,room,28.7,open,12.0,8.23
jeera_rice,veg,rice,medium,low,fridge,4.2,open,22.7,13.81
chicken_curry,nonveg,curry,high,medium,room,27.4,open,16.6,0.0
jeera_rice,veg,rice,medium,low,fridge,3.2,open,15.1,13.09
curd,dairy,liquid,high,low,room,27.0,closed,17.9,0.0
veg_pulao,veg,rice,medium,medium,fridge,3.8,closed,18.6,20.28
milk,dairy,liquid,high,low,fridge,7.9,closed,0.9,38.75
pakora,veg,fried,low,high,room,37.5,open,25.9,0.0
veg_pulao,veg,rice,medium,medium,room,24.8,open,28.6,0.0
chicken_biryani,nonveg,rice,medium,medium,fridge,6.4,open,15.7,16.85
halwa,veg,sweet,medium,high,fridge,2.7,closed,35.5,31.66
dosa,veg,breakfast,medium,low,fridge,5.8,open,18.3,7.08
milk,dairy,liquid,high,low,fridge,4.7,open,13.3,21.47
chicken_curry,nonveg,curry,high,medium,room,37.3,closed,42.1,0.0
paratha,veg,bread,low,high,fridge,2.8,closed,25.0,41.0
dal_tadka,veg,curry,high,low,fridge,6.8,closed,1.1,32.65
dosa,veg,breakfast,medium,low,fridge,7.1,closed,38.7,1.71
idli,veg,breakfast,medium,low,room,34.8,closed,28.1,0.0
pakora,veg,fried,low,high,room,30.5,closed,31.9,0.0
chicken_curry,nonveg,curry,high,medium,fridge,2.9,closed,3.7,22.5
samosa,veg,fried,low,high,room,30.7,closed,31.4,0.0
jeera_rice,veg,rice,medium,low,room,25.6,closed,23.1,0.0
curd,dairy,liquid,high,low,room,25.5,closed,8.9,0.22
pakora,veg,fried,low,high,room,26.7,open,32.0,0.0
jeera_rice,veg,rice,medium,low,fridge,5.1,open,36.7,0.0
paneer_butter_masala,dairy,curry,high,medium,fridge,5.2,open,29.7,0.0
gulab_jamun,dairy,sweet,high,medium,room,31.8,open,10.5,4.63
dal_tadka,veg,curry,high,low,room,35.3,open,42.7,0.0
plain_rice,veg,rice,medium,low,room,33.2,open,36.0,0.0
jeera_rice,veg,rice,medium,low,room,26.3,closed,44.1,0.0
fish_curry,nonveg,curry,high,low,fridge,4.4,open,43.6,0.0
paratha,veg,bread,low,high,room,31.2,closed,32.3,0.0
dal_tadka,veg,curry,high,low,room,32.2,open,27.8,0.0
halwa,veg,sweet,medium,high,room,25.3,open,41.4,0.0
naan,veg,bread,low,medium,room,37.5,closed,0.4,17.74
dal_tadka,veg,curry,high,low,room,29.9,closed,40.6,0.0
samosa,veg,fried,low,high,room,35.8,closed,35.3,0.0
chicken_biryani,nonveg,rice,medium,medium,room,24.0,closed,5.6,8.01
paratha,veg,bread,low,high,fridge,7.9,open,1.5,63.75
chicken_curry,nonveg,curry,high,medium,fridge,6.9,closed,43.5,0.0
paratha,veg,bread,low,high,fridge,5.3,closed,22.3,54.25
chicken_curry,nonveg,curry,high,medium,room,29.7,open,3.5,5.32
plain_rice,veg,rice,medium,low,fridge,4.2,open,41.2,0.0
jeera_rice,veg,rice,medium,low,fridge,5.2,closed,33.6,0.42
dosa,veg,breakfast,medium,low,fridge,3.9,closed,25.0,12.59
pakora,veg,fried,low,high,room,36.7,closed,37.3,0.0
gulab_jamun,dairy,sweet,high,medium,room,31.5,closed,6.2,13.56
fish_curry,nonveg,curry,high,low,room,33.0,closed,19.4,0.0
paratha,veg,bread,low,high,fridge,7.8,closed,24.6,28.98
jeera_rice,veg,rice,medium,low,room,28.0,closed,0.4,14.3
curd,dairy,liquid,high,low,room,29.6,closed,7.0,5.39
naan,veg,bread,low,medium,room,26.2,closed,17.1,0.0
milk,dairy,liquid,high,low,fridge,6.4,open,7.1,39.46
curd,dairy,liquid,high,low,fridge,3.3,closed,28.7,19.84
halwa,veg,sweet,medium,high,fridge,7.3,closed,37.5,27.18
fish_curry,nonveg,curry,high,low,room,31.5,closed,18.2,0.0
fish_curry,nonveg,curry,high,low,room,36.9,closed,37.0,0.0
fish_curry,nonveg,curry,high,low,fridge,5.6,open,14.9,10.24
chicken_curry,nonveg,curry,high,medium,room,36.5,open,36.5,0.0
idli,veg,breakfast,medium,low,room,26.0,closed,24.2,0.0
fish_curry,nonveg,curry,high,low,room,25.7,open,44.5,0.0
naan,veg,bread,low,medium,room,28.8,open,23.2,0.0
veg_pulao,veg,rice,medium,medium,fridge,7.7,open,38.7,0.0
jeera_rice,veg,rice,medium,low,room,35.5,open,36.6,0.0
pakora,veg,fried,low,high,fridge,5.5,closed,3.8,40.38
dosa,veg,breakfast,medium,low,fridge,7.8,open,20.5,11.67
dosa,veg,breakfast,medium,low,room,28.4,open,15.8,0.0
samosa,veg,fried,low,high,fridge,5.6,closed,44.2,0.0
gulab_jamun,dairy,sweet,high,medium,fridge,5.5,open,15.1,59.23
roti,veg,bread,low,low,room,25.6,open,35.6,0.0
pakora,veg,fried,low,high,fridge,6.6,open,15.2,19.02
idli,veg,breakfast,medium,low,fridge,5.0,open,10.4,22.52
roti,veg,bread,low,low,room,33.2,open,35.3,0.0
naan,veg,bread,low,medium,fridge,6.4,open,11.5,37.93
idli,veg,breakfast,medium,low,room,32.9,open,4.6,6.62
naan,veg,bread,low,medium,room,36.0,open,38.4,0.0
halwa,veg,sweet,medium,high,fridge,2.8,closed,36.4,20.8
dal_tadka,veg,curry,high,low,fridge,7.5,closed,34.0,12.66
paneer_butter_masala,dairy,curry,high,medium,room,30.2,open,11.7,0.0
pakora,veg,fried,low,high,room,26.5,open,4.4,6.25
idli,veg,breakfast,medium,low,fridge,7.9,closed,7.8,22.58
idli,veg,breakfast,medium,low,fridge,5.6,closed,22.9,26.21
dal_tadka,veg,curry,high,low,room,28.4,closed,24.3,0.0
paneer_butter_masala,dairy,curry,high,medium,fridge,7.3,open,28.9,1.73
halwa,veg,sweet,medium,high,fridge,3.9,closed,5.9,71.74
chicken_curry,nonveg,curry,high,medium,room,27.4,closed,2.2,9.91
paratha,veg,bread,low,high,fridge,4.5,open,12.1,49.59
paratha,veg,bread,low,high,fridge,5.3,closed,41.4,36.01
chicken_curry,nonveg,curry,high,medium,fridge,7.5,open,47.5,0.0
pakora,veg,fried,low,high,fridge,5.6,closed,44.6,0.0
jeera_rice,veg,rice,medium,low,room,26.3,open,10.3,0.0
chicken_biryani,nonveg,rice,medium,medium,room,32.7,closed,21.9,0.0
naan,veg,bread,low,medium,room,24.3,open,24.6,0.0
veg_pulao,veg,rice,medium,medium,fridge,7.0,open,14.6,13.3
dal_tadka,veg,curry,high,low,fridge,7.5,closed,4.7,40.75
milk,dairy,liquid,high,low,room,29.0,open,6.2,1.02
paneer_butter_masala,dairy,curry,high,medium,room,34.9,open,41.8,0.0
dosa,veg,breakfast,medium,low,room,30.0,closed,8.7,4.23
paneer_butter_masala,dairy,curry,high,medium,fridge,4.6,closed,6.3,18.38
dosa,veg,breakfast,medium,low,room,26.5,open,11.4,0.0
milk,dairy,liquid,high,low,room,32.3,closed,27.7,0.0
fish_curry,nonveg,curry,high,low,room,28.4,closed,6.3,1.61
paneer_butter_masala,dairy,curry,high,medium,fridge,5.8,open,15.0,8.96
chicken_curry,nonveg,curry,high,medium,room,30.6,closed,40.3,0.0
dal_tadka,veg,curry,high,low,fridge,7.1,closed,9.3,32.25
paneer_butter_masala,dairy,curry,high,medium,room,32.3,closed,20.1,0.0
veg_pulao,veg,rice,medium,medium,room,30.8,open,43.1,0.0
paneer_butter_masala,dairy,curry,high,medium,fridge,5.7,closed,47.1,0.0
fish_curry,nonveg,curry,high,low,room,24.5,open,36.6,0.0
roti,veg,bread,low,low,room,37.6,open,42.6,0.0
jeera_rice,veg,rice,medium,low,fridge,6.0,closed,41.8,6.7
paratha,veg,bread,low,high,fridge,3.6,closed,17.9,58.56
gulab_jamun,dairy,sweet,high,medium,fridge,3.7,closed,14.3,59.86
dal_tadka,veg,curry,high,low,fridge,6.2,closed,24.6,15.97
curd,dairy,liquid,high,low,room,27.1,closed,35.6,0.0
gulab_jamun,dairy,sweet,high,medium,room,36.3,open,12.6,1.04
chicken_biryani,nonveg,rice,medium,medium,fridge,6.5,closed,8.7,27.96
paneer_butter_masala,dairy,curry,high,medium,fridge,6.4,open,2.0,25.37
fish_curry,nonveg,curry,high,low,fridge,4.3,open,32.8,0.0
chicken_biryani,nonveg,rice,medium,medium,room,32.3,closed,17.8,0.0
chicken_biryani,nonveg,rice,medium,medium,fridge,3.2,closed,0.6,26.81
chicken_biryani,nonveg,rice,medium,medium,fridge,3.8,open,44.2,0.0
dal_tadka,veg,curry,high,low,fridge,2.4,closed,3.0,41.27
paratha,veg,bread,low,high,fridge,7.1,closed,40.8,10.08
paratha,veg,bread,low,high,fridge,3.4,closed,2.3,64.98
milk,dairy,liquid,high,low,fridge,3.7,closed,33.0,10.73
jeera_rice,veg,rice,medium,low,room,36.2,closed,12.2,0.0
chicken_curry,nonveg,curry,high,medium,fridge,3.5,closed,33.9,1.22
gulab_jamun,dairy,sweet,high,medium,room,25.1,open,43.7,0.0
curd,dairy,liquid,high,low,room,37.6,open,9.5,0.0
jeera_rice,veg,rice,medium,low,fridge,5.4,open,29.1,2.43
fish_curry,nonveg,curry,high,low,fridge,5.3,open,24.4,0.0
chicken_biryani,nonveg,rice,medium,medium,fridge,2.3,closed,13.2,17.55
idli,veg,breakfast,medium,low,fridge,4.3,open,11.8,14.54
dosa,veg,breakfast,medium,low,fridge,4.9,open,35.2,0.0
pakora,veg,fried,low,high,room,36.2,open,15.9,0.0
chicken_curry,nonveg,curry,high,medium,room,34.4,closed,8.6,0.0
jeera_rice,veg,rice,medium,low,room,29.0,open,29.3,0.0
veg_pulao,veg,rice,medium,medium,fridge,2.7,open,4.3,21.58
gulab_jamun,dairy,sweet,high,medium,fridge,3.5,open,1.0,61.41
curd,dairy,liquid,high,low,room,36.9,open,16.0,0.0
paratha,veg,bread,low,high,fridge,2.1,closed,6.0,70.11
naan,veg,bread,low,medium,fridge,5.9,closed,22.8,40.61
veg_pulao,veg,rice,medium,medium,room,32.9,closed,20.3,0.0
pakora,veg,fried,low,high,fridge,7.6,closed,39.8,0.0
halwa,veg,sweet,medium,high,room,26.3,open,41.7,0.0
veg_pulao,veg,rice,medium,medium,room,26.2,closed,35.1,0.0
idli,veg,breakfast,medium,low,room,24.7,closed,23.5,0.0
naan,veg,bread,low,medium,room,26.9,open,43.5,0.0
fish_curry,nonveg,curry,high,low,room,24.8,closed,0.7,7.61
chicken_biryani,nonveg,rice,medium,medium,room,25.9,closed,2.9,7.38
samosa,veg,fried,low,high,room,37.8,closed,29.9,0.0
paneer_butter_masala,dairy,curry,high,medium,room,27.1,open,7.7,2.94
gulab_jamun,dairy,sweet,high,medium,fridge,4.2,closed,24.0,47.8
chicken_curry,nonveg,curry,high,medium,fridge,6.8,closed,37.6,0.0
paratha,veg,bread,low,high,fridge,5.7,open,0.1,55.35
paneer_butter_masala,dairy,curry,high,medium,fridge,5.6,open,22.1,6.93
jeera_rice,veg,rice,medium,low,room,24.5,closed,15.3,0.0
milk,dairy,liquid,high,low,fridge,7.9,closed,4.6,41.97
gulab_jamun,dairy,sweet,high,medium,room,26.4,open,30.0,0.0
paneer_butter_masala,dairy,curry,high,medium,fridge,6.4,closed,43.2,0.0
pakora,veg,fried,low,high,fridge,6.3,open,43.4,0.0
halwa,veg,sweet,medium,high,fridge,5.2,closed,7.5,54.08
idli,veg,breakfast,medium,low,fridge,5.8,closed,32.3,9.14
roti,veg,bread,low,low,fridge,5.9,open,43.2,2.32
curd,dairy,liquid,high,low,fridge,6.7,open,3.3,38.73
curd,dairy,liquid,high,low,fridge,2.5,closed,2.7,42.11
pakora,veg,fried,low,high,room,37.0,open,40.2,0.0
samosa,veg,fried,low,high,fridge,3.9,closed,23.9,24.59
naan,veg,bread,low,medium,room,35.0,open,30.3,0.0
plain_rice,veg,rice,medium,low,room,32.3,closed,9.6,2.86
jeera_rice,veg,rice,medium,low,room,31.3,closed,41.6,0.0
fish_curry,nonveg,curry,high,low,fridge,3.1,closed,33.5,0.0
paneer_butter_masala,dairy,curry,high,medium,room,24.0,closed,24.6,0.0
dal_tadka,veg,curry,high,low,room,28.2,open,40.4,0.0
idli,veg,breakfast,medium,low,room,37.1,open,13.4,0.0
roti,veg,bread,low,low,fridge,6.8,open,17.5,37.04
idli,veg,breakfast,medium,low,room,28.0,open,14.2,0.0
jeera_rice,veg,rice,medium,low,room,36.9,open,6.2,1.07
milk,dairy,liquid,high,low,room,34.0,open,30.0,0.0
pakora,veg,fried,low,high,fridge,6.0,closed,40.1,4.03
dosa,veg,breakfast,medium,low,room,29.4,closed,30.2,0.0
plain_rice,veg,rice,medium,low,fridge,2.5,closed,3.3,41.32
gulab_jamun,dairy,sweet,high,medium,room,35.0,closed,37.0,0.0
jeera_rice,veg,rice,medium,low,fridge,3.2,closed,14.1,17.15
fish_curry,nonveg,curry,high,low,fridge,6.4,closed,6.7,22.51
plain_rice,veg,rice,medium,low,room,32.6,open,41.6,0.0
curd,dairy,liquid,high,low,fridge,4.2,open,1.8,46.55
dal_tadka,veg,curry,high,low,fridge,2.1,closed,42.1,0.0
jeera_rice,veg,rice,medium,low,fridge,4.6,open,14.1,23.69
dosa,veg,breakfast,medium,low,room,26.8,closed,37.6,0.0
paratha,veg,bread,low,high,room,25.6,open,14.3,13.91
paratha,veg,bread,low,high,room,28.2,open,36.1,0.0
idli,veg,breakfast,medium,low,room,30.4,closed,38.3,0.0
dosa,veg,breakfast,medium,low,fridge,3.5,open,0.2,30.34
idli,veg,breakfast,medium,low,room,36.0,closed,6.0,5.16
chicken_biryani,nonveg,rice,medium,medium,room,35.4,open,24.2,0.0
veg_pulao,veg,rice,medium,medium,room,25.3,open,38.9,0.0
veg_pulao,veg,rice,medium,medium,room,27.6,closed,11.9,0.82
naan,veg,bread,low,medium,fridge,2.0,open,30.8,20.28
fish_curry,nonveg,curry,high,low,room,30.1,open,38.4,0.0
milk,dairy,liquid,high,low,fridge,5.4,closed,19.0,38.4
plain_rice,veg,rice,medium,low,fridge,5.2,open,27.6,0.0
dosa,veg,breakfast,medium,low,fridge,2.7,closed,33.6,0.0
jeera_rice,veg,rice,medium,low,fridge,6.3,open,43.7,0.0
paneer_butter_masala,dairy,curry,high,medium,room,33.9,closed,40.3,0.0
fish_curry,nonveg,curry,high,low,room,28.3,closed,16.7,0.0
fish_curry,nonveg,curry,high,low,room,29.0,closed,32.0,0.0
veg_pulao,veg,rice,medium,medium,fridge,5.8,open,13.1,18.95
roti,veg,bread,low,low,fridge,5.9,open,5.3,49.86
fish_curry,nonveg,curry,high,low,fridge,5.7,open,27.6,0.0
dal_tadka,veg,curry,high,low,fridge,4.5,closed,28.3,17.14
chicken_biryani,nonveg,rice,medium,medium,fridge,7.3,open,5.5,17.78
gulab_jamun,dairy,sweet,high,medium,room,28.4,open,10.8,9.15
naan,veg,bread,low,medium,fridge,3.2,open,39.6,14.33
samosa,veg,fried,low,high,fridge,7.9,closed,9.5,35.44
veg_pulao,veg,rice,medium,medium,fridge,3.8,open,11.9,12.0
samosa,veg,fried,low,high,room,33.5,open,46.9,0.0
veg_pulao,veg,rice,medium,medium,room,25.4,closed,41.2,0.0
dal_tadka,veg,curry,high,low,room,29.2,open,37.9,0.0
plain_rice,veg,rice,medium,low,fridge,7.7,open,17.0,9.55
halwa,veg,sweet,medium,high,fridge,4.3,open,1.3,47.61
milk,dairy,liquid,high,low,fridge,2.0,open,12.8,30.46
paratha,veg,bread,low,high,room,27.7,closed,18.6,1.2
roti,veg,bread,low,low,room,37.2,closed,35.0,0.0
dal_tadka,veg,curry,high,low,fridge,7.1,open,32.4,7.59
dal_tadka,veg,curry,high,low,fridge,7.4,open,0.4,29.74
pakora,veg,fried,low,high,fridge,5.1,closed,26.0,16.38
dal_tadka,veg,curry,high,low,room,35.0,open,33.9,0.0
jeera_rice,veg,rice,medium,low,fridge,4.7,closed,24.2,22.07
pakora,veg,fried,low,high,fridge,6.6,open,0.8,33.24
roti,veg,bread,low,low,room,25.3,closed,15.4,8.57
veg_pulao,veg,rice,medium,medium,fridge,7.0,open,36.3,0.0
chicken_biryani,nonveg,rice,medium,medium,fridge,4.0,open,22.0,11.5
jeera_rice,veg,rice,medium,low,fridge,3.9,closed,41.3,7.82
idli,veg,breakfast,medium,low,fridge,7.1,closed,3.3,45.75
samosa,veg,fried,low,high,room,32.7,closed,5.5,16.16
fish_curry,nonveg,curry,high,low,fridge,7.8,closed,4.6,20.12
plain_rice,veg,rice,medium,low,fridge,5.9,open,17.1,14.73
idli,veg,breakfast,medium,low,room,37.7,closed,38.0,0.0
paneer_butter_masala,dairy,curry,high,medium,fridge,2.5,open,20.3,9.06
chicken_curry,nonveg,curry,high,medium,fridge,6.8,open,46.0,0.0
dal_tadka,veg,curry,high,low,fridge,6.2,closed,22.6,15.91
milk,dairy,liquid,high,low,fridge,3.6,closed,9.6,43.03
fish_curry,nonveg,curry,high,low,fridge,4.2,closed,16.8,9.14
chicken_biryani,nonveg,rice,medium,medium,room,26.3,open,23.2,0.0
naan,veg,bread,low,medium,room,25.2,closed,1.0,16.99
dosa,veg,breakfast,medium,low,room,35.7,closed,14.6,0.0
chicken_biryani,nonveg,rice,medium,medium,room,28.8,open,1.9,7.27
fish_curry,nonveg,curry,high,low,fridge,5.5,open,5.9,18.85
milk,dairy,liquid,high,low,fridge,7.4,closed,19.9,18.33
naan,veg,bread,low,medium,room,35.9,closed,2.6,8.55
curd,dairy,liquid,high,low,fridge,4.4,closed,29.1,22.87
gulab_jamun,dairy,sweet,high,medium,room,29.0,open,26.4,0.0
gulab_jamun,dairy,sweet,high,medium,room,24.6,closed,5.5,13.02
pakora,veg,fried,low,high,room,27.2,closed,36.4,0.0
jeera_rice,veg,rice,medium,low,room,26.8,open,39.1,0.0
halwa,veg,sweet,medium,high,room,32.0,open,46.1,0.0
halwa,veg,sweet,medium,high,fridge,6.3,open,7.5,50.18
naan,veg,bread,low,medium,room,31.8,open,45.6,0.0
dosa,veg,breakfast,medium,low,room,26.2,closed,23.8,0.0
paratha,veg,bread,low,high,room,34.1,closed,9.5,10.85
idli,veg,breakfast,medium,low,fridge,6.6,open,24.7,3.28
plain_rice,veg,rice,medium,low,fridge,4.8,closed,11.8,21.15
milk,dairy,liquid,high,low,fridge,7.7,open,6.5,36.74
dosa,veg,breakfast,medium,low,fridge,7.9,closed,17.3,7.87
idli,veg,breakfast,medium,low,room,31.3,open,31.6,0.0
chicken_curry,nonveg,curry,high,medium,fridge,6.1,closed,33.4,0.0
paratha,veg,bread,low,high,room,29.1,open,38.2,0.0
dal_tadka,veg,curry,high,low,fridge,3.0,open,46.0,0.0
samosa,veg,fried,low,high,fridge,2.1,open,44.5,0.0
pakora,veg,fried,low,high,room,35.1,open,14.4,0.0
dosa,veg,breakfast,medium,low,room,37.6,open,34.3,0.0
paneer_butter_masala,dairy,curry,high,medium,fridge,6.5,closed,45.7,0.0
pakora,veg,fried,low,high,room,34.7,closed,36.1,0.0
pakora,veg,fried,low,high,room,33.9,closed,27.5,0.0
jeera_rice,veg,rice,medium,low,room,31.6,open,9.8,0.0
chicken_biryani,nonveg,rice,medium,medium,room,32.2,closed,42.0,0.0
paneer_butter_masala,dairy,curry,high,medium,fridge,6.1,closed,42.3,0.0
plain_rice,veg,rice,medium,low,fridge,6.2,closed,26.6,20.82
chicken_biryani,nonveg,rice,medium,medium,fridge,4.4,closed,28.7,0.0
jeera_rice,veg,rice,medium,low,fridge,3.5,closed,4.5,32.5
chicken_biryani,nonveg,rice,medium,medium,fridge,7.2,open,2.5,26.56
jeera_rice,veg,rice,medium,low,room,25.7,open,33.7,0.0
naan,veg,bread,low,medium,room,33.5,open,22.7,0.0
paneer_butter_masala,dairy,curry,high,medium,room,35.4,closed,45.0,0.0
fish_curry,nonveg,curry,high,low,fridge,2.7,open,42.1,0.0
jeera_rice,veg,rice,medium,low,room,33.2,closed,22.9,0.0
samosa,veg,fried,low,high,room,32.4,closed,28.3,0.0
gulab_jamun,dairy,sweet,high,medium,room,26.8,open,30.0,0.0
jeera_rice,veg,rice,medium,low,room,28.5,open,30.3,0.0
gulab_jamun,dairy,sweet,high,medium,fridge,6.4,closed,20.7,43.05
roti,veg,bread,low,low,room,37.6,closed,1.9,17.68
plain_rice,veg,rice,medium,low,fridge,2.5,closed,42.1,1.71
samosa,veg,fried,low,high,room,31.8,open,21.9,0.0
dal_tadka,veg,curry,high,low,fridge,3.9,open,0.8,31.33
paratha,veg,bread,low,high,fridge,7.0,open,43.2,21.74
gulab_jamun,dairy,sweet,high,medium,room,29.6,open,9.7,15.54
halwa,veg,sweet,medium,high,room,29.1,closed,31.3,0.0
roti,veg,bread,low,low,room,31.4,open,43.4,0.0
samosa,veg,fried,low,high,fridge,3.0,open,17.9,23.33
dosa,veg,breakfast,medium,low,fridge,6.5,open,35.9,0.0
plain_rice,veg,rice,medium,low,fridge,4.1,closed,9.5,36.04
chicken_curry,nonveg,curry,high,medium,room,31.4,closed,11.0,0.0
chicken_curry,nonveg,curry,high,medium,room,29.3,open,29.2,0.0
naan,veg,bread,low,medium,fridge,4.1,open,45.1,0.0
dal_tadka,veg,curry,high,low,room,36.3,open,9.7,0.0
paratha,veg,bread,low,high,fridge,6.5,open,46.8,6.47
curd,dairy,liquid,high,low,fridge,2.1,closed,44.5,16.42
jeera_rice,veg,rice,medium,low,fridge,5.7,closed,26.3,17.83
chicken_curry,nonveg,curry,high,medium,fridge,4.8,open,35.6,0.0
veg_pulao,veg,rice,medium,medium,fridge,2.4,closed,4.6,21.21
halwa,veg,sweet,medium,high,room,33.7,closed,24.1,0.0
samosa,veg,fried,low,high,room,31.6,closed,29.4,0.0
plain_rice,veg,rice,medium,low,room,33.2,closed,45.9,0.0
halwa,veg,sweet,medium,high,fridge,6.2,open,15.3,31.99
veg_pulao,veg,rice,medium,medium,fridge,7.7,closed,31.1,9.11
veg_pulao,veg,rice,medium,medium,fridge,3.1,closed,34.0,0.0
naan,veg,bread,low,medium,fridge,2.8,open,40.8,0.0
idli,veg,breakfast,medium,low,fridge,2.3,closed,26.6,6.49
paneer_butter_masala,dairy,curry,high,medium,room,36.5,closed,24.0,0.0
roti,veg,bread,low,low,room,37.1,open,2.8,12.48
fish_curry,nonveg,curry,high,low,room,37.6,closed,28.6,0.0
paneer_butter_masala,dairy,curry,high,medium,room,31.3,closed,40.9,0.0
dosa,veg,breakfast,medium,low,room,35.3,closed,34.8,0.0
fish_curry,nonveg,curry,high,low,fridge,6.7,open,45.2,0.0
paratha,veg,bread,low,high,room,34.5,closed,27.3,0.0
paratha,veg,bread,low,high,fridge,6.9,closed,37.4,36.4
halwa,veg,sweet,medium,high,room,37.2,closed,37.5,0.0
veg_pulao,veg,rice,medium,medium,fridge,7.3,open,44.8,0.0
fish_curry,nonveg,curry,high,low,room,36.8,open,41.3,0.0
plain_rice,veg,rice,medium,low,fridge,7.0,open,16.4,19.67
chicken_biryani,nonveg,rice,medium,medium,fridge,3.5,closed,19.5,12.98
curd,dairy,liquid,high,low,fridge,3.4,open,12.4,36.67
dosa,veg,breakfast,medium,low,room,25.4,open,31.7,0.0
idli,veg,breakfast,medium,low,fridge,3.5,open,39.3,0.0
paratha,veg,bread,low,high,fridge,5.3,closed,33.8,31.89
dal_tadka,veg,curry,high,low,fridge,3.0,open,41.8,0.0
halwa,veg,sweet,medium,high,room,34.9,closed,17.3,6.07
milk,dairy,liquid,high,low,fridge,7.4,closed,26.3,10.42
jeera_rice,veg,rice,medium,low,fridge,6.6,open,38.3,0.0
curd,dairy,liquid,high,low,fridge,7.4,closed,9.3,60.79
paneer_butter_masala,dairy,curry,high,medium,room,34.5,open,10.0,0.0
chicken_curry,nonveg,curry,high,medium,fridge,2.6,closed,12.2,13.27
idli,veg,breakfast,medium,low,room,28.8,open,1.5,12.57
fish_curry,nonveg,curry,high,low,fridge,6.1,closed,40.7,0.0
plain_rice,veg,rice,medium,low,fridge,7.2,open,8.0,17.66
paratha,veg,bread,low,high,fridge,2.0,closed,15.4,56.95
fish_curry,nonveg,curry,high,low,room,35.0,open,0.8,6.3
samosa,veg,fried,low,high,fridge,3.5,closed,5.7,37.23
milk,dairy,liquid,high,low,room,36.2,open,4.1,0.34
paratha,veg,bread,low,high,room,32.5,open,36.5,0.0
naan,veg,bread,low,medium,fridge,7.9,closed,1.8,38.09
halwa,veg,sweet,medium,high,room,33.1,closed,0.3,26.27
paratha,veg,bread,low,high,fridge,2.8,open,8.7,45.42
curd,dairy,liquid,high,low,fridge,3.8,closed,39.4,34.33
dosa,veg,breakfast,medium,low,fridge,3.8,open,25.3,0.0
fish_curry,nonveg,curry,high,low,room,29.1,closed,12.5,0.0
paneer_butter_masala,dairy,curry,high,medium,room,29.3,open,44.9,0.0
fish_curry,nonveg,curry,high,low,room,34.8,closed,32.3,0.0
chicken_biryani,nonveg,rice,medium,medium,room,31.3,closed,20.8,0.0
samosa,veg,fried,low,high,fridge,4.9,closed,20.5,29.63
paneer_butter_masala,dairy,curry,high,medium,fridge,3.4,open,19.3,4.47
dosa,veg,breakfast,medium,low,fridge,4.7,open,44.9,0.0
jeera_rice,veg,rice,medium,low,fridge,4.3,open,3.8,22.04
jeera_rice,veg,rice,medium,low,room,30.7,closed,28.6,0.0
curd,dairy,liquid,high,low,fridge,7.9,closed,21.1,29.94
veg_pulao,veg,rice,medium,medium,fridge,5.1,open,30.4,3.38
chicken_curry,nonveg,curry,high,medium,fridge,6.2,open,47.8,0.0
fish_curry,nonveg,curry,high,low,fridge,7.6,open,4.2,20.55
roti,veg,bread,low,low,room,34.0,closed,1.2,20.2
gulab_jamun,dairy,sweet,high,medium,fridge,4.4,open,5.0,63.9
pakora,veg,fried,low,high,room,29.4,open,41.5,0.0
milk,dairy,liquid,high,low,fridge,7.5,closed,38.7,9.65
halwa,veg,sweet,medium,high,room,36.6,open,2.3,17.94
roti,veg,bread,low,low,room,26.2,open,33.8,0.0
samosa,veg,fried,low,high,fridge,2.4,closed,8.4,27.55
curd,dairy,liquid,high,low,fridge,5.2,open,47.1,0.0
dal_tadka,veg,curry,high,low,room,30.8,closed,5.0,7.68
dosa,veg,breakfast,medium,low,fridge,5.5,closed,8.0,25.48
idli,veg,breakfast,medium,low,room,37.9,closed,32.7,0.0
curd,dairy,liquid,high,low,room,29.1,open,43.7,0.0
chicken_biryani,nonveg,rice,medium,medium,fridge,6.5,closed,5.3,32.26
dosa,veg,breakfast,medium,low,fridge,2.6,open,32.3,0.0
fish_curry,nonveg,curry,high,low,room,31.2,open,33.9,0.0
curd,dairy,liquid,high,low,fridge,2.1,closed,27.3,41.87
naan,veg,bread,low,medium,fridge,5.1,closed,0.0,60.01
pakora,veg,fried,low,high,fridge,2.5,closed,43.8,0.0
chicken_biryani,nonveg,rice,medium,medium,room,35.7,closed,1.1,6.75
samosa,veg,fried,low,high,fridge,2.9,open,9.9,30.88
dosa,veg,breakfast,medium,low,fridge,2.0,closed,31.2,0.0
chicken_biryani,nonveg,rice,medium,medium,room,28.8,open,41.0,0.0
plain_rice,veg,rice,medium,low,fridge,3.5,closed,43.7,0.6
dosa,veg,breakfast,medium,low,room,28.2,open,19.5,0.0
dosa,veg,breakfast,medium,low,room,32.1,closed,24.4,0.0
chicken_curry,nonveg,curry,high,medium,room,36.2,closed,46.4,0.0
jeera_rice,veg,rice,medium,low,room,29.6,closed,24.9,0.0
paneer_butter_masala,dairy,curry,high,medium,fridge,3.2,open,28.6,0.76
curd,dairy,liquid,high,low,room,24.3,open,15.1,0.0
paneer_butter_masala,dairy,curry,high,medium,room,30.4,open,16.7,0.0
dal_tadka,veg,curry,high,low,room,32.6,closed,14.2,0.0
fish_curry,nonveg,curry,high,low,room,34.0,open,5.3,1.53
veg_pulao,veg,rice,medium,medium,room,25.2,open,41.0,0.0
dal_tadka,veg,curry,high,low,fridge,7.5,closed,24.3,10.0
jeera_rice,veg,rice,medium,low,room,36.9,open,18.7,0.0
gulab_jamun,dairy,sweet,high,medium,room,30.7,open,7.4,10.68
chicken_biryani,nonveg,rice,medium,medium,room,27.8,closed,44.6,0.0
dosa,veg,breakfast,medium,low,fridge,7.8,open,32.5,0.0
paratha,veg,bread,low,high,room,26.2,open,47.8,0.0
curd,dairy,liquid,high,low,room,34.0,open,13.0,0.0
fish_curry,nonveg,curry,high,low,fridge,5.7,open,16.1,1.88
curd,dairy,liquid,high,low,room,28.9,open,1.2,11.03
paratha,veg,bread,low,high,room,35.8,open,6.1,12.99
paratha,veg,bread,low,high,fridge,7.1,open,38.2,25.55
plain_rice,veg,rice,medium,low,room,25.0,open,27.1,0.0
naan,veg,bread,low,medium,fridge,2.4,closed,1.2,43.84
dal_tadka,veg,curry,high,low,room,31.9,closed,5.6,5.54
curd,dairy,liquid,high,low,room,26.2,open,9.6,0.0
chicken_curry,nonveg,curry,high,medium,fridge,5.0,closed,43.0,0.0
paneer_butter_masala,dairy,curry,high,medium,fridge,2.5,open,13.5,7.2
milk,dairy,liquid,high,low,fridge,7.8,closed,24.0,27.22
plain_rice,veg,rice,medium,low,fridge,6.0,closed,24.0,7.64
halwa,veg,sweet,medium,high,room,36.9,closed,18.3,1.82
roti,veg,bread,low,low,fridge,5.9,closed,0.6,48.67
veg_pulao,veg,rice,medium,medium,room,28.3,open,41.7,0.0
dal_tadka,veg,curry,high,low,fridge,2.5,closed,26.5,15.3
dosa,veg,breakfast,medium,low,fridge,4.3,closed,17.7,13.92
plain_rice,veg,rice,medium,low,room,27.0,closed,3.6,9.09
plain_rice,veg,rice,medium,low,room,33.2,closed,47.4,0.0
fish_curry,nonveg,curry,high,low,room,26.8,closed,8.8,0.0
roti,veg,bread,low,low,room,28.5,open,40.5,0.0
dosa,veg,breakfast,medium,low,room,28.7,open,8.5,1.94
curd,dairy,liquid,high,low,room,37.7,open,17.5,0.0
milk,dairy,liquid,high,low,room,32.0,open,25.7,0.0
chicken_biryani,nonveg,rice,medium,medium,fridge,4.8,closed,34.0,0.0
fish_curry,nonveg,curry,high,low,room,26.3,open,20.2,0.0
jeera_rice,veg,rice,medium,low,fridge,4.3,open,11.0,27.46
milk,dairy,liquid,high,low,fridge,3.6,closed,7.4,34.43
dal_tadka,veg,curry,high,low,room,26.6,closed,2.5,8.42
milk,dairy,liquid,high,low,room,33.3,open,22.4,0.0
veg_pulao,veg,rice,medium,medium,room,33.9,open,10.5,0.0
plain_rice,veg,rice,medium,low,fridge,7.9,closed,36.5,6.38
halwa,veg,sweet,medium,high,room,24.4,open,14.9,12.37
dosa,veg,breakfast,medium,low,fridge,3.0,closed,17.3,22.57
plain_rice,veg,rice,medium,low,fridge,3.8,open,27.6,0.0
fish_curry,nonveg,curry,high,low,fridge,3.9,open,5.7,16.43
naan,veg,bread,low,medium,fridge,5.3,open,31.4,12.0
paneer_butter_masala,dairy,curry,high,medium,fridge,7.8,closed,14.0,16.18
jeera_rice,veg,rice,medium,low,room,27.4,closed,32.6,0.0
plain_rice,veg,rice,medium,low,room,37.3,closed,12.8,0.0
samosa,veg,fried,low,high,room,26.0,closed,9.9,9.2
curd,dairy,liquid,high,low,fridge,7.4,closed,45.1,14.46
halwa,veg,sweet,medium,high,fridge,7.1,open,30.4,31.8
jeera_rice,veg,rice,medium,low,fridge,7.3,open,15.3,12.92
plain_rice,veg,rice,medium,low,room,32.4,open,23.9,0.0
paratha,veg,bread,low,high,room,29.6,closed,7.4,16.28
fish_curry,nonveg,curry,high,low,fridge,7.0,closed,35.3,0.0
dal_tadka,veg,curry,high,low,room,25.9,closed,11.6,5.11
dosa,veg,breakfast,medium,low,fridge,2.2,open,18.4,7.72
naan,veg,bread,low,medium,fridge,3.4,closed,47.2,0.0
pakora,veg,fried,low,high,room,28.7,closed,10.6,3.64
roti,veg,bread,low,low,room,34.7,open,44.6,0.0
naan,veg,bread,low,medium,fridge,7.2,closed,10.2,36.44
fish_curry,nonveg,curry,high,low,room,32.3,closed,5.4,1.38
paratha,veg,bread,low,high,room,32.9,closed,41.5,0.0
chicken_biryani,nonveg,rice,medium,medium,room,30.3,closed,2.0,9.54
milk,dairy,liquid,high,low,fridge,2.6,open,11.2,31.38
paneer_butter_masala,dairy,curry,high,medium,fridge,7.5,closed,1.3,33.7
plain_rice,veg,rice,medium,low,room,31.0,closed,22.6,0.0
dal_tadka,veg,curry,high,low,room,35.9,closed,29.8,0.0
curd,dairy,liquid,high,low,room,31.5,open,28.4,0.0
milk,dairy,liquid,high,low,room,24.0,closed,7.3,1.6
halwa,veg,sweet,medium,high,room,32.8,open,6.6,10.87
curd,dairy,liquid,high,low,fridge,4.9,open,31.5,15.92
fish_curry,nonveg,curry,high,low,room,33.7,closed,4.2,1.51
pakora,veg,fried,low,high,fridge,7.2,closed,20.0,23.03
chicken_curry,nonveg,curry,high,medium,room,28.2,open,32.8,0.0
veg_pulao,veg,rice,medium,medium,fridge,7.3,open,5.1,19.25
gulab_jamun,dairy,sweet,high,medium,fridge,2.3,open,8.0,65.11
chicken_biryani,nonveg,rice,medium,medium,fridge,2.1,closed,27.2,9.17
jeera_rice,veg,rice,medium,low,fridge,7.4,closed,6.4,25.12
dosa,veg,breakfast,medium,low,room,30.7,open,38.8,0.0
idli,veg,breakfast,medium,low,room,31.4,open,36.8,0.0
jeera_rice,veg,rice,medium,low,room,25.2,open,23.1,0.0
chicken_curry,nonveg,curry,high,medium,room,26.7,closed,31.1,0.0
fish_curry,nonveg,curry,high,low,room,24.8,closed,2.4,6.41
plain_rice,veg,rice,medium,low,room,24.9,open,27.1,0.0
samosa,veg,fried,low,high,fridge,8.0,closed,33.9,12.17
chicken_biryani,nonveg,rice,medium,medium,room,36.2,open,11.3,0.0
milk,dairy,liquid,high,low,room,30.7,open,47.3,0.0
milk,dairy,liquid,high,low,room,29.9,closed,0.2,8.02
chicken_biryani,nonveg,rice,medium,medium,room,31.7,closed,12.1,0.0
naan,veg,bread,low,medium,room,33.6,open,3.2,12.56
gulab_jamun,dairy,sweet,high,medium,room,28.7,closed,10.2,15.79
dal_tadka,veg,curry,high,low,room,27.9,open,8.4,3.35
paneer_butter_masala,dairy,curry,high,medium,fridge,5.9,closed,33.0,3.24
idli,veg,breakfast,medium,low,room,36.4,open,5.2,5.23
milk,dairy,liquid,high,low,room,30.0,open,20.3,0.0
dosa,veg,breakfast,medium,low,room,24.9,open,45.9,0.0
fish_curry,nonveg,curry,high,low,room,33.4,closed,7.7,0.1
plain_rice,veg,rice,medium,low,room,29.3,open,32.6,0.0
milk,dairy,liquid,high,low,fridge,4.2,closed,8.4,44.4
paneer_butter_masala,dairy,curry,high,medium,room,24.3,closed,7.6,1.62
dosa,veg,breakfast,medium,low,room,35.9,open,16.7,0.0
dal_tadka,veg,curry,high,low,room,35.1,open,13.6,0.0
chicken_curry,nonveg,curry,high,medium,room,29.0,open,16.8,0.0
pakora,veg,fried,low,high,room,30.3,closed,44.7,0.0
jeera_rice,veg,rice,medium,low,fridge,7.5,open,10.7,15.67
paratha,veg,bread,low,high,fridge,7.1,closed,30.9,23.97
paneer_butter_masala,dairy,curry,high,medium,room,28.5,closed,19.0,0.0
chicken_curry,nonveg,curry,high,medium,room,33.7,open,46.0,0.0
dosa,veg,breakfast,medium,low,room,27.9,closed,33.1,0.0
dosa,veg,breakfast,medium,low,room,25.4,open,32.3,0.0
idli,veg,breakfast,medium,low,room,35.4,closed,31.1,0.0
naan,veg,bread,low,medium,fridge,2.9,open,34.4,18.44
halwa,veg,sweet,medium,high,fridge,2.8,open,26.7,41.76
dosa,veg,breakfast,medium,low,room,34.5,open,9.4,0.46
paratha,veg,bread,low,high,fridge,4.7,closed,36.4,33.52
plain_rice,veg,rice,medium,low,fridge,3.2,open,40.4,0.0
dosa,veg,breakfast,medium,low,room,26.9,open,16.2,0.0
pakora,veg,fried,low,high,room,26.3,closed,2.4,15.06
pakora,veg,fried,low,high,room,24.4,open,27.8,0.0
dosa,veg,breakfast,medium,low,room,30.4,open,18.6,0.0
dal_tadka,veg,curry,high,low,room,25.3,closed,38.8,0.0
gulab_jamun,dairy,sweet,high,medium,fridge,4.0,open,15.4,34.91
curd,dairy,liquid,high,low,room,29.2,closed,13.7,0.0
pakora,veg,fried,low,high,room,33.5,open,42.3,0.0
paratha,veg,bread,low,high,fridge,6.6,open,27.2,38.18
naan,veg,bread,low,medium,fridge,3.4,open,2.6,37.35
pakora,veg,fried,low,high,fridge,5.2,open,26.5,11.28
fish_curry,nonveg,curry,high,low,fridge,6.3,closed,29.4,0.0
gulab_jamun,dairy,sweet,high,medium,room,25.0,closed,41.5,0.0
chicken_biryani,nonveg,rice,medium,medium,room,30.6,open,4.2,2.55
curd,dairy,liquid,high,low,fridge,4.4,closed,4.4,50.4
dal_tadka,veg,curry,high,low,room,29.8,closed,41.9,0.0
curd,dairy,liquid,high,low,fridge,6.1,closed,11.7,45.14
gulab_jamun,dairy,sweet,high,medium,room,27.6,closed,30.7,0.0
veg_pulao,veg,rice,medium,medium,fridge,6.5,open,32.3,0.45
idli,veg,breakfast,medium,low,room,31.4,closed,33.3,0.0
pakora,veg,fried,low,high,room,33.9,closed,31.5,0.0
halwa,veg,sweet,medium,high,room,36.9,closed,7.5,11.94
gulab_jamun,dairy,sweet,high,medium,fridge,3.6,open,42.7,18.09
pakora,veg,fried,low,high,room,36.4,open,45.2,0.0
idli,veg,breakfast,medium,low,room,33.3,open,13.9,0.0
halwa,veg,sweet,medium,high,fridge,2.6,closed,0.4,77.15
paneer_butter_masala,dairy,curry,high,medium,fridge,8.0,closed,38.6,0.0
idli,veg,breakfast,medium,low,room,26.0,closed,14.3,4.75
chicken_biryani,nonveg,rice,medium,medium,room,37.0,closed,28.7,0.0
paneer_butter_masala,dairy,curry,high,medium,room,27.2,open,9.5,0.32
idli,veg,breakfast,medium,low,room,30.3,open,47.1,0.0
milk,dairy,liquid,high,low,fridge,4.3,open,42.6,0.0
paratha,veg,bread,low,high,room,25.2,open,27.9,0.0
veg_pulao,veg,rice,medium,medium,room,29.3,open,11.4,0.0
paneer_butter_masala,dairy,curry,high,medium,room,36.1,closed,4.3,1.27
naan,veg,bread,low,medium,fridge,5.5,closed,40.5,9.54
naan,veg,bread,low,medium,fridge,6.8,open,10.7,27.12
paratha,veg,bread,low,high,room,27.4,closed,45.3,0.0
milk,dairy,liquid,high,low,fridge,5.8,closed,2.9,47.17
paneer_butter_masala,dairy,curry,high,medium,fridge,6.1,closed,19.6,12.6
paratha,veg,bread,low,high,room,29.2,open,40.9,0.0
chicken_curry,nonveg,curry,high,medium,fridge,5.3,closed,22.4,11.88
veg_pulao,veg,rice,medium,medium,fridge,2.1,closed,7.0,24.47
chicken_biryani,nonveg,rice,medium,medium,fridge,5.5,closed,26.0,2.67
jeera_rice,veg,rice,medium,low,fridge,3.0,closed,14.3,19.16
halwa,veg,sweet,medium,high,room,29.6,closed,10.6,20.81
milk,dairy,liquid,high,low,room,33.3,open,28.3,0.0
paratha,veg,bread,low,high,room,24.7,closed,5.5,22.5
samosa,veg,fried,low,high,fridge,2.8,open,37.8,0.0
chicken_curry,nonveg,curry,high,medium,fridge,4.5,open,2.8,29.16
halwa,veg,sweet,medium,high,room,27.3,closed,29.8,0.78
paratha,veg,bread,low,high,room,33.7,open,9.4,7.01
jeera_rice,veg,rice,medium,low,fridge,4.5,open,2.0,36.83
paneer_butter_masala,dairy,curry,high,medium,room,28.6,open,35.4,0.0
paneer_butter_masala,dairy,curry,high,medium,room,37.8,closed,2.5,3.84
milk,dairy,liquid,high,low,room,24.5,open,13.4,0.0
jeera_rice,veg,rice,medium,low,room,37.1,open,45.9,0.0
samosa,veg,fried,low,high,room,26.5,open,14.9,5.93
plain_rice,veg,rice,medium,low,room,24.8,closed,39.5,0.0
halwa,veg,sweet,medium,high,fridge,4.7,closed,14.7,39.33
gulab_jamun,dairy,sweet,high,medium,fridge,7.8,open,47.7,17.13
roti,veg,bread,low,low,room,33.9,open,28.3,0.0
plain_rice,veg,rice,medium,low,room,32.1,closed,8.8,0.0
roti,veg,bread,low,low,fridge,2.8,open,17.3,45.06
gulab_jamun,dairy,sweet,high,medium,room,27.2,closed,37.7,0.0
roti,veg,bread,low,low,fridge,3.4,closed,31.8,12.25
paneer_butter_masala,dairy,curry,high,medium,room,35.3,open,24.5,0.0
fish_curry,nonveg,curry,high,low,room,31.2,open,2.6,3.38
dal_tadka,veg,curry,high,low,fridge,7.6,open,40.5,0.0
curd,dairy,liquid,high,low,room,28.3,closed,41.0,0.0
samosa,veg,fried,low,high,fridge,7.8,open,33.5,3.44
curd,dairy,liquid,high,low,room,24.9,open,10.9,0.0
naan,veg,bread,low,medium,room,28.0,closed,2.5,18.65
idli,veg,breakfast,medium,low,room,34.7,open,29.2,0.0
milk,dairy,liquid,high,low,fridge,4.1,open,41.9,5.61
paneer_butter_masala,dairy,curry,high,medium,fridge,3.2,closed,11.7,15.26
dal_tadka,veg,curry,high,low,room,26.8,open,1.6,8.63
samosa,veg,fried,low,high,fridge,3.0,closed,16.9,40.6
pakora,veg,fried,low,high,fridge,5.4,closed,26.5,13.08
plain_rice,veg,rice,medium,low,room,26.4,closed,32.3,0.0
chicken_curry,nonveg,curry,high,medium,room,34.6,open,8.0,0.0
curd,dairy,liquid,high,low,fridge,4.4,open,30.3,20.82
chicken_curry,nonveg,curry,high,medium,fridge,7.5,closed,12.3,20.28
idli,veg,breakfast,medium,low,room,34.8,open,13.0,0.0
samosa,veg,fried,low,high,room,35.1,closed,21.7,0.0
dal_tadka,veg,curry,high,low,room,26.1,open,4.1,5.67
samosa,veg,fried,low,high,room,25.7,closed,47.8,0.0
chicken_biryani,nonveg,rice,medium,medium,fridge,5.7,open,39.6,0.0
fish_curry,nonveg,curry,high,low,fridge,6.7,closed,39.8,0.0
halwa,veg,sweet,medium,high,fridge,5.4,closed,22.2,60.54
curd,dairy,liquid,high,low,room,30.4,closed,5.6,3.24
milk,dairy,liquid,high,low,room,32.8,open,30.1,0.0
idli,veg,breakfast,medium,low,room,36.7,closed,20.5,0.0
chicken_biryani,nonveg,rice,medium,medium,room,24.6,open,0.4,9.86
dosa,veg,breakfast,medium,low,fridge,5.1,open,5.6,29.1
gulab_jamun,dairy,sweet,high,medium,fridge,4.1,closed,21.4,48.35
roti,veg,bread,low,low,fridge,5.2,closed,10.1,38.55
roti,veg,bread,low,low,fridge,5.1,closed,27.5,41.98
plain_rice,veg,rice,medium,low,room,34.0,open,23.5,0.0
plain_rice,veg,rice,medium,low,room,34.0,closed,18.7,0.0
veg_pulao,veg,rice,medium,medium,fridge,5.3,open,37.9,0.0
curd,dairy,liquid,high,low,room,28.9,open,3.9,4.92
roti,veg,bread,low,low,fridge,2.4,open,25.5,30.54
samosa,veg,fried,low,high,fridge,7.1,closed,21.0,25.8
plain_rice,veg,rice,medium,low,room,25.9,closed,11.8,2.09
samosa,veg,fried,low,high,fridge,2.8,open,29.8,10.48
jeera_rice,veg,rice,medium,low,room,29.1,closed,6.6,9.1
idli,veg,breakfast,medium,low,fridge,5.7,closed,23.0,16.82
veg_pulao,veg,rice,medium,medium,room,31.5,closed,35.0,0.0
plain_rice,veg,rice,medium,low,room,25.9,open,12.1,0.0
paneer_butter_masala,dairy,curry,high,medium,fridge,2.5,open,36.4,0.0
milk,dairy,liquid,high,low,room,34.9,closed,33.7,0.0
gulab_jamun,dairy,sweet,high,medium,room,29.7,open,47.9,0.0
dal_tadka,veg,curry,high,low,room,30.8,open,15.6,0.0
idli,veg,breakfast,medium,low,room,26.1,open,12.3,3.22
idli,veg,breakfast,medium,low,room,24.7,closed,37.2,0.0
chicken_biryani,nonveg,rice,medium,medium,room,28.8,open,14.5,0.0
milk,dairy,liquid,high,low,room,32.2,open,16.8,0.0
chicken_biryani,nonveg,rice,medium,medium,room,28.7,closed,24.2,0.0
curd,dairy,liquid,high,low,fridge,2.4,closed,43.6,4.78
halwa,veg,sweet,medium,high,room,37.3,open,45.9,0.0
paratha,veg,bread,low,high,room,29.1,closed,44.6,0.0
naan,veg,bread,low,medium,fridge,2.1,closed,9.9,42.53
halwa,veg,sweet,medium,high,room,36.3,closed,33.7,0.0
dal_tadka,veg,curry,high,low,fridge,2.5,closed,17.4,15.51
dal_tadka,veg,curry,high,low,room,25.8,closed,28.3,0.0
paneer_butter_masala,dairy,curry,high,medium,fridge,4.0,closed,33.2,0.0
dosa,veg,breakfast,medium,low,fridge,5.7,closed,30.3,2.24
jeera_rice,veg,rice,medium,low,room,26.0,closed,31.7,0.0
pakora,veg,fried,low,high,fridge,5.5,closed,20.9,16.58
jeera_rice,veg,rice,medium,low,fridge,2.1,open,13.1,26.31
paneer_butter_masala,dairy,curry,high,medium,room,29.0,open,19.4,0.0
milk,dairy,liquid,high,low,fridge,8.0,closed,18.2,22.06
chicken_curry,nonveg,curry,high,medium,room,37.1,closed,19.4,0.0
fish_curry,nonveg,curry,high,low,room,35.7,open,4.0,0.08
veg_pulao,veg,rice,medium,medium,fridge,4.2,closed,12.4,15.68
plain_rice,veg,rice,medium,low,room,27.4,open,45.7,0.0
dosa,veg,breakfast,medium,low,fridge,4.9,open,28.5,0.0
naan,veg,bread,low,medium,room,30.3,open,36.4,0.0
dosa,veg,breakfast,medium,low,fridge,7.9,open,28.0,7.45
dal_tadka,veg,curry,high,low,room,35.6,closed,41.0,0.0
paratha,veg,bread,low,high,room,34.3,closed,23.6,0.0
idli,veg,breakfast,medium,low,room,36.1,open,37.6,0.0
roti,veg,bread,low,low,room,37.8,closed,4.7,15.37
chicken_curry,nonveg,curry,high,medium,room,35.5,closed,42.0,0.0
chicken_biryani,nonveg,rice,medium,medium,fridge,8.0,closed,42.2,0.0
roti,veg,bread,low,low,room,37.3,open,12.3,2.04
naan,veg,bread,low,medium,fridge,6.6,closed,35.1,25.34
paneer_butter_masala,dairy,curry,high,medium,room,26.3,closed,16.1,0.0
dal_tadka,veg,curry,high,low,fridge,7.7,open,45.8,0.0
jeera_rice,veg,rice,medium,low,room,24.6,closed,17.5,0.0
paratha,veg,bread,low,high,room,25.8,open,21.0,4.6
curd,dairy,liquid,high,low,room,28.2,open,12.8,0.0
halwa,veg,sweet,medium,high,room,27.8,open,0.5,25.47
paratha,veg,bread,low,high,fridge,3.2,closed,24.8,42.83
chicken_biryani,nonveg,rice,medium,medium,fridge,6.5,closed,19.1,10.1
gulab_jamun,dairy,sweet,high,medium,room,25.9,open,22.1,0.0
roti,veg,bread,low,low,fridge,7.4,open,41.5,11.45
samosa,veg,fried,low,high,fridge,5.1,closed,23.8,14.04
gulab_jamun,dairy,sweet,high,medium,fridge,5.5,closed,29.7,27.66
jeera_rice,veg,rice,medium,low,room,31.5,closed,1.8,10.63
idli,veg,breakfast,medium,low,fridge,4.2,closed,9.9,33.64
paratha,veg,bread,low,high,room,32.3,closed,45.3,0.0
samosa,veg,fried,low,high,fridge,7.1,closed,6.6,42.11
milk,dairy,liquid,high,low,room,31.8,closed,34.1,0.0
milk,dairy,liquid,high,low,fridge,2.4,open,32.5,4.81
veg_pulao,veg,rice,medium,medium,fridge,3.6,closed,0.1,28.76
dal_tadka,veg,curry,high,low,fridge,6.8,open,6.2,27.56
dal_tadka,veg,curry,high,low,room,36.6,open,40.2,0.0
paneer_butter_masala,dairy,curry,high,medium,room,30.5,closed,13.6,0.0
chicken_curry,nonveg,curry,high,medium,fridge,7.9,closed,4.6,20.79
halwa,veg,sweet,medium,high,fridge,7.5,closed,33.3,44.44
dal_tadka,veg,curry,high,low,room,26.6,open,38.9,0.0
chicken_curry,nonveg,curry,high,medium,room,37.6,closed,14.7,0.0
plain_rice,veg,rice,medium,low,room,27.2,open,17.9,0.0
paratha,veg,bread,low,high,room,27.0,open,13.0,10.57
pakora,veg,fried,low,high,fridge,4.0,closed,33.9,1.67
halwa,veg,sweet,medium,high,fridge,5.0,open,2.6,48.24
chicken_biryani,nonveg,rice,medium,medium,fridge,7.3,closed,4.8,26.77
paratha,veg,bread,low,high,room,30.9,open,35.7,0.0
curd,dairy,liquid,high,low,room,26.6,open,6.9,3.4
plain_rice,veg,rice,medium,low,room,37.0,closed,25.8,0.0
pakora,veg,fried,low,high,room,24.4,closed,13.3,0.43
roti,veg,bread,low,low,room,25.8,open,43.9,0.0
dosa,veg,breakfast,medium,low,room,25.1,open,17.1,0.0
jeera_rice,veg,rice,medium,low,fridge,4.5,open,2.4,31.3
curd,dairy,liquid,high,low,fridge,6.7,closed,6.7,62.62
chicken_curry,nonveg,curry,high,medium,fridge,3.3,open,47.8,0.0
veg_pulao,veg,rice,medium,medium,fridge,3.6,closed,24.1,11.69
naan,veg,bread,low,medium,fridge,5.0,open,28.4,4.92
halwa,veg,sweet,medium,high,room,29.7,open,34.5,0.0
samosa,veg,fried,low,high,room,24.6,closed,31.5,0.0
dosa,veg,breakfast,medium,low,fridge,5.2,open,3.9,26.14
curd,dairy,liquid,high,low,fridge,6.7,closed,39.8,16.27
milk,dairy,liquid,high,low,room,36.2,closed,44.1,0.0
naan,veg,bread,low,medium,fridge,7.5,closed,27.4,28.82
naan,veg,bread,low,medium,room,34.1,open,30.3,0.0
chicken_biryani,nonveg,rice,medium,medium,room,26.0,closed,19.8,0.0
samosa,veg,fried,low,high,room,35.6,open,40.4,0.0
roti,veg,bread,low,low,room,35.1,open,35.1,0.0
paratha,veg,bread,low,high,room,30.3,open,37.8,0.0
pakora,veg,fried,low,high,room,28.2,closed,44.7,0.0
pakora,veg,fried,low,high,fridge,7.4,open,12.9,28.07
plain_rice,veg,rice,medium,low,fridge,3.7,open,7.0,33.13
dal_tadka,veg,curry,high,low,room,28.3,closed,3.5,6.97
samosa,veg,fried,low,high,fridge,3.7,closed,30.7,9.9
dal_tadka,veg,curry,high,low,fridge,6.1,open,33.0,0.0
milk,dairy,liquid,high,low,fridge,2.5,closed,35.2,5.46
naan,veg,bread,low,medium,room,31.1,open,12.0,3.42
idli,veg,breakfast,medium,low,fridge,7.0,open,21.9,14.55
plain_rice,veg,rice,medium,low,fridge,7.9,open,43.0,0.0
chicken_biryani,nonveg,rice,medium,medium,fridge,7.4,open,0.8,24.76
naan,veg,bread,low,medium,room,27.0,closed,19.2,4.02
roti,veg,bread,low,low,fridge,7.8,open,13.5,27.28
paneer_butter_masala,dairy,curry,high,medium,fridge,5.6,closed,33.0,2.74
naan,veg,bread,low,medium,room,32.8,closed,14.5,4.28
dosa,veg,breakfast,medium,low,room,29.0,closed,3.9,4.8
halwa,veg,sweet,medium,high,fridge,6.2,closed,11.2,52.33
chicken_biryani,nonveg,rice,medium,medium,fridge,4.2,open,27.5,0.0
chicken_biryani,nonveg,rice,medium,medium,fridge,6.0,open,37.7,0.0
dal_tadka,veg,curry,high,low,room,37.2,closed,8.5,0.45
chicken_biryani,nonveg,rice,medium,medium,fridge,7.2,open,5.9,20.15
fish_curry,nonveg,curry,high,low,fridge,5.5,closed,40.7,0.0
paratha,veg,bread,low,high,fridge,4.5,open,32.0,17.8
halwa,veg,sweet,medium,high,fridge,5.5,open,3.8,65.27
dal_tadka,veg,curry,high,low,room,29.5,closed,44.4,0.0
roti,veg,bread,low,low,fridge,6.3,open,32.7,16.65
roti,veg,bread,low,low,fridge,4.7,open,18.9,27.94
roti,veg,bread,low,low,room,28.6,closed,15.4,3.64
halwa,veg,sweet,medium,high,fridge,7.1,open,43.5,12.38
halwa,veg,sweet,medium,high,room,38.0,open,20.0,0.0
roti,veg,bread,low,low,fridge,4.1,closed,33.6,23.05
dal_tadka,veg,curry,high,low,room,27.4,open,34.0,0.0
gulab_jamun,dairy,sweet,high,medium,fridge,6.9,open,19.7,32.71
fish_curry,nonveg,curry,high,low,room,25.2,closed,36.8,0.0
chicken_biryani,nonveg,rice,medium,medium,fridge,2.7,open,7.9,22.09
samosa,veg,fried,low,high,room,27.8,open,4.5,14.52
paratha,veg,bread,low,high,room,35.2,closed,47.0,0.0
paratha,veg,bread,low,high,fridge,3.7,open,30.7,25.22
dosa,veg,breakfast,medium,low,room,25.7,closed,14.4,0.0
plain_rice,veg,rice,medium,low,room,30.5,closed,2.4,6.53
samosa,veg,fried,low,high,fridge,7.9,open,42.6,0.0
veg_pulao,veg,rice,medium,medium,room,24.9,open,0.2,8.53
dal_tadka,veg,curry,high,low,fridge,5.1,open,18.1,8.02
chicken_biryani,nonveg,rice,medium,medium,room,36.9,closed,20.7,0.0
roti,veg,bread,low,low,fridge,6.3,closed,8.6,51.78
idli,veg,breakfast,medium,low,room,29.4,open,2.8,12.76
chicken_curry,nonveg,curry,high,medium,room,30.6,closed,25.6,0.0
paneer_butter_masala,dairy,curry,high,medium,room,33.5,open,8.9,0.0
paneer_butter_masala,dairy,curry,high,medium,room,36.7,closed,14.3,0.0
paratha,veg,bread,low,high,fridge,7.1,closed,41.7,7.36
fish_curry,nonveg,curry,high,low,fridge,3.2,closed,29.6,0.0
paneer_butter_masala,dairy,curry,high,medium,fridge,5.6,open,6.4,20.3
dal_tadka,veg,curry,high,low,fridge,6.2,open,38.9,0.0
samosa,veg,fried,low,high,room,28.8,closed,0.7,15.85
roti,veg,bread,low,low,fridge,7.2,closed,4.1,66.09
dal_tadka,veg,curry,high,low,room,29.6,open,17.4,0.0
dal_tadka,veg,curry,high,low,room,31.2,open,44.8,0.0
naan,veg,bread,low,medium,room,34.7,open,44.4,0.0
gulab_jamun,dairy,sweet,high,medium,room,26.0,closed,31.5,0.0
idli,veg,breakfast,medium,low,fridge,5.9,open,31.8,4.18
paneer_butter_masala,dairy,curry,high,medium,room,24.0,closed,2.0,8.04
fish_curry,nonveg,curry,high,low,room,27.6,open,46.5,0.0
plain_rice,veg,rice,medium,low,fridge,2.3,closed,5.1,43.63
halwa,veg,sweet,medium,high,room,29.7,open,35.2,0.0
chicken_curry,nonveg,curry,high,medium,fridge,2.1,open,47.4,0.0
halwa,veg,sweet,medium,high,fridge,4.5,open,4.4,63.27
gulab_jamun,dairy,sweet,high,medium,fridge,7.5,open,4.6,42.8
paneer_butter_masala,dairy,curry,high,medium,room,27.2,closed,33.6,0.0
pakora,veg,fried,low,high,fridge,6.9,open,38.3,0.02
milk,dairy,liquid,high,low,fridge,7.6,closed,26.9,29.61
idli,veg,breakfast,medium,low,fridge,2.3,closed,1.0,34.54
pakora,veg,fried,low,high,fridge,5.0,closed,29.0,19.24
chicken_biryani,nonveg,rice,medium,medium,room,35.0,open,19.0,0.0
paratha,veg,bread,low,high,fridge,5.8,closed,11.2,61.71
curd,dairy,liquid,high,low,fridge,7.6,open,44.1,12.89
chicken_biryani,nonveg,rice,medium,medium,fridge,6.4,closed,34.9,6.02
veg_pulao,veg,rice,medium,medium,room,25.5,closed,43.9,0.0
idli,veg,breakfast,medium,low,fridge,3.0,open,12.8,28.18
chicken_curry,nonveg,curry,high,medium,room,36.5,closed,2.9,4.26
idli,veg,breakfast,medium,low,fridge,3.3,open,4.6,28.71
plain_rice,veg,rice,medium,low,fridge,4.4,open,41.5,0.0
dosa,veg,breakfast,medium,low,fridge,6.0,closed,19.2,14.01
dosa,veg,breakfast,medium,low,room,31.0,open,8.3,0.0
dal_tadka,veg,curry,high,low,room,35.3,closed,32.6,0.0
plain_rice,veg,rice,medium,low,fridge,6.7,closed,31.5,15.29
chicken_biryani,nonveg,rice,medium,medium,room,37.3,closed,7.6,1.29
chicken_curry,nonveg,curry,high,medium,room,33.3,open,12.2,0.0
paratha,veg,bread,low,high,room,28.9,open,21.4,0.0
jeera_rice,veg,rice,medium,low,room,33.0,open,10.0,0.0
curd,dairy,liquid,high,low,fridge,4.3,open,10.2,52.24
gulab_jamun,dairy,sweet,high,medium,room,31.1,closed,43.7,0.0
naan,veg,bread,low,medium,fridge,3.9,closed,23.8,26.38
halwa,veg,sweet,medium,high,room,37.8,closed,47.7,0.0
jeera_rice,veg,rice,medium,low,room,24.5,open,36.1,0.0
dosa,veg,breakfast,medium,low,room,27.7,open,3.3,6.85
veg_pulao,veg,rice,medium,medium,fridge,4.2,closed,37.2,2.4
roti,veg,bread,low,low,fridge,3.1,open,14.9,32.59
plain_rice,veg,rice,medium,low,fridge,7.4,open,31.2,10.68
dosa,veg,breakfast,medium,low,fridge,3.1,closed,17.8,12.4
halwa,veg,sweet,medium,high,fridge,3.0,closed,35.9,24.11
fish_curry,nonveg,curry,high,low,fridge,7.9,closed,2.2,24.89
fish_curry,nonveg,curry,high,low,fridge,2.9,open,33.4,0.0
halwa,veg,sweet,medium,high,room,34.7,closed,39.8,0.0
chicken_biryani,nonveg,rice,medium,medium,room,25.6,closed,41.4,0.0
veg_pulao,veg,rice,medium,medium,fridge,2.9,closed,20.1,14.59
gulab_jamun,dairy,sweet,high,medium,fridge,4.4,closed,45.8,12.22
curd,dairy,liquid,high,low,room,30.4,open,15.1,0.0
milk,dairy,liquid,high,low,room,27.1,closed,7.9,0.0
samosa,veg,fried,low,high,fridge,2.7,closed,29.1,6.27
chicken_biryani,nonveg,rice,medium,medium,room,36.9,open,33.4,0.0
dosa,veg,breakfast,medium,low,fridge,7.4,closed,7.2,25.03
paneer_butter_masala,dairy,curry,high,medium,room,33.3,closed,33.2,0.0
halwa,veg,sweet,medium,high,room,29.6,closed,25.2,1.16
chicken_biryani,nonveg,rice,medium,medium,fridge,6.8,closed,8.7,30.3
roti,veg,bread,low,low,room,26.0,open,33.9,0.0
halwa,veg,sweet,medium,high,fridge,3.5,closed,0.8,67.36
pakora,veg,fried,low,high,fridge,6.7,open,23.8,5.16
roti,veg,bread,low,low,fridge,2.8,open,12.7,25.8
dosa,veg,breakfast,medium,low,room,32.5,closed,6.0,2.58
paneer_butter_masala,dairy,curry,high,medium,fridge,5.7,closed,20.5,7.58
veg_pulao,veg,rice,medium,medium,fridge,7.8,open,18.0,12.71
curd,dairy,liquid,high,low,fridge,2.6,open,41.0,1.86
chicken_biryani,nonveg,rice,medium,medium,fridge,6.4,closed,7.7,32.8
samosa,veg,fried,low,high,room,36.6,closed,22.0,0.0
naan,veg,bread,low,medium,fridge,2.1,open,39.2,7.5
halwa,veg,sweet,medium,high,fridge,7.8,closed,19.7,59.31
halwa,veg,sweet,medium,high,fridge,5.8,closed,10.4,57.02
gulab_jamun,dairy,sweet,high,medium,fridge,7.2,open,46.0,20.52
gulab_jamun,dairy,sweet,high,medium,fridge,3.6,closed,3.6,64.09
pakora,veg,fried,low,high,room,28.9,open,30.8,0.0
jeera_rice,veg,rice,medium,low,fridge,7.9,open,16.2,19.35
naan,veg,bread,low,medium,room,30.8,closed,23.1,0.0
milk,dairy,liquid,high,low,room,32.3,closed,44.3,0.0
veg_pulao,veg,rice,medium,medium,room,37.5,closed,19.7,0.0
chicken_biryani,nonveg,rice,medium,medium,room,27.5,closed,22.8,0.0
curd,dairy,liquid,high,low,fridge,5.5,open,14.4,26.54
veg_pulao,veg,rice,medium,medium,room,24.6,open,4.4,6.04
dosa,veg,breakfast,medium,low,fridge,5.1,open,1.8,32.22
chicken_biryani,nonveg,rice,medium,medium,room,32.7,closed,40.4,0.0
paratha,veg,bread,low,high,room,33.1,closed,34.8,0.0
roti,veg,bread,low,low,fridge,6.4,closed,43.7,19.38
chicken_curry,nonveg,curry,high,medium,fridge,2.4,closed,38.6,0.0
chicken_curry,nonveg,curry,high,medium,fridge,2.9,open,42.9,0.0
dosa,veg,breakfast,medium,low,fridge,3.7,closed,29.0,4.97
fish_curry,nonveg,curry,high,low,room,27.6,closed,45.5,0.0
chicken_curry,nonveg,curry,high,medium,room,29.0,closed,27.5,0.0
idli,veg,breakfast,medium,low,room,30.9,open,25.6,0.0
curd,dairy,liquid,high,low,room,27.0,closed,20.9,0.0
milk,dairy,liquid,high,low,fridge,6.5,open,36.4,0.0
plain_rice,veg,rice,medium,low,fridge,3.9,open,27.3,13.1
milk,dairy,liquid,high,low,room,27.2,open,35.3,0.0
dosa,veg,breakfast,medium,low,room,31.7,open,34.4,0.0
plain_rice,veg,rice,medium,low,room,32.3,closed,25.0,0.0
samosa,veg,fried,low,high,fridge,3.0,open,41.2,8.9
paneer_butter_masala,dairy,curry,high,medium,fridge,6.6,closed,6.4,16.03
curd,dairy,liquid,high,low,fridge,6.4,closed,45.1,12.12
gulab_jamun,dairy,sweet,high,medium,room,27.0,open,0.0,19.55
plain_rice,veg,rice,medium,low,room,36.8,closed,29.6,0.0
paratha,veg,bread,low,high,room,31.8,closed,25.1,0.0
dosa,veg,breakfast,medium,low,room,34.5,open,12.2,0.0
jeera_rice,veg,rice,medium,low,fridge,5.0,closed,37.0,9.96
roti,veg,bread,low,low,fridge,5.4,closed,9.3,60.28
dal_tadka,veg,curry,high,low,fridge,2.1,closed,12.7,32.91
veg_pulao,veg,rice,medium,medium,fridge,6.4,open,6.1,18.77
dosa,veg,breakfast,medium,low,fridge,3.2,closed,9.1,18.38
jeera_rice,veg,rice,medium,low,fridge,6.0,closed,44.1,3.99
dal_tadka,veg,curry,high,low,room,34.5,open,31.2,0.0
gulab_jamun,dairy,sweet,high,medium,fridge,5.6,closed,5.0,50.1
fish_curry,nonveg,curry,high,low,room,27.4,closed,33.8,0.0
dosa,veg,breakfast,medium,low,room,36.3,open,25.1,0.0
dosa,veg,breakfast,medium,low,fridge,4.9,closed,30.0,5.56
halwa,veg,sweet,medium,high,room,34.5,open,1.0,23.96
dal_tadka,veg,curry,high,low,room,36.9,closed,26.8,0.0
chicken_curry,nonveg,curry,high,medium,room,35.9,closed,20.4,0.0
naan,veg,bread,low,medium,fridge,2.5,closed,21.9,40.72
chicken_curry,nonveg,curry,high,medium,fridge,5.9,open,11.8,13.29
chicken_biryani,nonveg,rice,medium,medium,room,28.5,open,44.1,0.0
roti,veg,bread,low,low,room,27.6,closed,0.0,23.49
idli,veg,breakfast,medium,low,room,36.8,open,9.3,1.05
chicken_biryani,nonveg,rice,medium,medium,fridge,4.1,open,44.7,0.0
samosa,veg,fried,low,high,fridge,3.3,open,26.1,21.01
idli,veg,breakfast,medium,low,fridge,2.4,open,29.9,0.0
paneer_butter_masala,dairy,curry,high,medium,fridge,3.6,open,44.6,0.0
curd,dairy,liquid,high,low,room,34.7,open,13.1,0.0
chicken_curry,nonveg,curry,high,medium,fridge,6.9,closed,32.6,0.0
jeera_rice,veg,rice,medium,low,room,26.5,open,35.2,0.0
dosa,veg,breakfast,medium,low,fridge,6.0,open,3.9,20.46
jeera_rice,veg,rice,medium,low,fridge,3.7,closed,22.0,16.75
paratha,veg,bread,low,high,room,35.7,closed,14.2,5.65
paratha,veg,bread,low,high,fridge,3.0,closed,41.8,30.83
jeera_rice,veg,rice,medium,low,fridge,3.9,closed,41.5,0.87
samosa,veg,fried,low,high,fridge,7.3,open,9.3,33.96
fish_curry,nonveg,curry,high,low,room,30.1,closed,29.9,0.0
veg_pulao,veg,rice,medium,medium,fridge,7.6,open,6.7,23.74
curd,dairy,liquid,high,low,room,37.2,closed,21.8,0.0
gulab_jamun,dairy,sweet,high,medium,room,31.8,closed,29.7,0.0
dal_tadka,veg,curry,high,low,fridge,4.7,open,19.0,23.68
roti,veg,bread,low,low,room,33.7,closed,1.3,20.56
paratha,veg,bread,low,high,fridge,2.1,closed,14.4,50.05
curd,dairy,liquid,high,low,fridge,3.1,closed,14.5,38.52
samosa,veg,fried,low,high,room,35.5,closed,11.6,7.02
jeera_rice,veg,rice,medium,low,fridge,7.3,open,42.0,0.0
pakora,veg,fried,low,high,fridge,7.6,open,13.1,28.16
naan,veg,bread,low,medium,fridge,3.8,open,15.6,30.36
jeera_rice,veg,rice,medium,low,room,35.3,open,8.6,0.2
chicken_curry,nonveg,curry,high,medium,room,29.7,open,8.5,0.0
fish_curry,nonveg,curry,high,low,fridge,7.2,closed,31.7,0.0
veg_pulao,veg,rice,medium,medium,fridge,6.5,closed,15.0,14.33
milk,dairy,liquid,high,low,fridge,2.9,closed,12.2,35.05
pakora,veg,fried,low,high,room,26.1,closed,10.9,1.14
roti,veg,bread,low,low,fridge,2.8,open,38.8,9.84
chicken_biryani,nonveg,rice,medium,medium,fridge,5.8,open,2.5,32.83
paratha,veg,bread,low,high,fridge,5.0,open,27.6,17.56
veg_pulao,veg,rice,medium,medium,room,32.8,open,29.0,0.0
veg_pulao,veg,rice,medium,medium,fridge,6.1,open,13.4,21.64
jeera_rice,veg,rice,medium,low,fridge,2.8,open,39.4,2.75
roti,veg,bread,low,low,fridge,7.2,open,23.2,21.99
jeera_rice,veg,rice,medium,low,fridge,2.7,open,47.0,0.0
roti,veg,bread,low,low,room,37.3,open,8.0,8.84
plain_rice,veg,rice,medium,low,fridge,6.6,open,27.6,7.81
chicken_biryani,nonveg,rice,medium,medium,fridge,5.0,open,9.4,12.61
veg_pulao,veg,rice,medium,medium,room,26.7,open,21.2,0.0
naan,veg,bread,low,medium,fridge,6.4,open,30.5,19.45
idli,veg,breakfast,medium,low,fridge,3.9,closed,39.5,0.0
roti,veg,bread,low,low,room,33.9,open,22.2,0.0
pakora,veg,fried,low,high,room,24.9,open,36.9,0.0
jeera_rice,veg,rice,medium,low,fridge,3.7,open,22.9,4.61
gulab_jamun,dairy,sweet,high,medium,fridge,7.0,closed,39.2,48.9
halwa,veg,sweet,medium,high,room,34.1,closed,30.2,0.0
paneer_butter_masala,dairy,curry,high,medium,room,29.1,closed,36.8,0.0
naan,veg,bread,low,medium,fridge,4.7,open,13.8,34.47
halwa,veg,sweet,medium,high,room,25.9,closed,46.2,0.0
gulab_jamun,dairy,sweet,high,medium,fridge,6.6,closed,0.2,80.41
curd,dairy,liquid,high,low,room,25.1,open,24.0,0.0
plain_rice,veg,rice,medium,low,fridge,7.0,closed,28.8,9.86
milk,dairy,liquid,high,low,room,32.8,open,14.0,0.0
curd,dairy,liquid,high,low,room,35.8,closed,31.4,0.0
roti,veg,bread,low,low,fridge,2.4,closed,42.1,14.18
milk,dairy,liquid,high,low,fridge,5.4,open,36.4,0.0
curd,dairy,liquid,high,low,fridge,3.7,closed,7.4,58.24
chicken_curry,nonveg,curry,high,medium,room,36.6,open,20.6,0.0
milk,dairy,liquid,high,low,fridge,3.5,open,9.0,34.98
gulab_jamun,dairy,sweet,high,medium,fridge,7.0,open,25.0,21.68
dal_tadka,veg,curry,high,low,room,31.3,open,13.3,0.0
roti,veg,bread,low,low,fridge,4.1,open,28.3,22.92
veg_pulao,veg,rice,medium,medium,fridge,7.2,open,23.7,10.09
jeera_rice,veg,rice,medium,low,room,35.6,closed,12.2,0.0
chicken_biryani,nonveg,rice,medium,medium,room,35.3,closed,15.9,0.0
samosa,veg,fried,low,high,fridge,3.5,open,41.1,7.7
gulab_jamun,dairy,sweet,high,medium,room,24.6,closed,23.6,0.0
gulab_jamun,dairy,sweet,high,medium,room,24.6,open,1.1,19.41
dal_tadka,veg,curry,high,low,room,31.2,open,11.1,0.0
roti,veg,bread,low,low,room,25.6,closed,42.5,0.0
paratha,veg,bread,low,high,fridge,4.5,open,24.8,35.75
paneer_butter_masala,dairy,curry,high,medium,fridge,2.6,closed,22.5,7.75
samosa,veg,fried,low,high,fridge,4.6,closed,41.7,2.99
naan,veg,bread,low,medium,room,31.8,closed,31.2,0.0
roti,veg,bread,low,low,fridge,4.3,open,11.8,41.39
paneer_butter_masala,dairy,curry,high,medium,fridge,7.5,open,38.2,0.0
halwa,veg,sweet,medium,high,room,34.8,closed,32.3,0.0
chicken_curry,nonveg,curry,high,medium,fridge,6.3,open,19.3,4.76
pakora,veg,fried,low,high,fridge,5.6,open,38.9,0.0
chicken_biryani,nonveg,rice,medium,medium,room,32.6,closed,44.2,0.0
paratha,veg,bread,low,high,room,32.8,open,28.9,0.0
gulab_jamun,dairy,sweet,high,medium,room,29.1,closed,41.7,0.0
curd,dairy,liquid,high,low,room,34.9,closed,46.9,0.0
paratha,veg,bread,low,high,fridge,3.6,closed,40.9,28.82
idli,veg,breakfast,medium,low,fridge,2.9,open,31.3,1.32
roti,veg,bread,low,low,fridge,3.7,open,19.2,23.01
naan,veg,bread,low,medium,room,30.9,open,41.6,0.0
pakora,veg,fried,low,high,fridge,7.5,closed,39.1,0.0
samosa,veg,fried,low,high,room,30.3,closed,11.2,7.02
paratha,veg,bread,low,high,fridge,5.0,open,11.4,29.77
curd,dairy,liquid,high,low,fridge,2.9,open,10.3,40.98
veg_pulao,veg,rice,medium,medium,room,34.4,open,39.6,0.0
pakora,veg,fried,low,high,fridge,4.4,closed,30.4,11.83
veg_pulao,veg,rice,medium,medium,room,31.1,open,40.9,0.0
plain_rice,veg,rice,medium,low,room,26.6,closed,39.9,0.0
veg_pulao,veg,rice,medium,medium,room,26.7,closed,25.6,0.0
naan,veg,bread,low,medium,room,30.2,open,30.7,0.0
veg_pulao,veg,rice,medium,medium,fridge,4.9,closed,19.9,19.37
paneer_butter_masala,dairy,curry,high,medium,room,34.6,open,2.6,6.43
dosa,veg,breakfast,medium,low,room,28.6,open,8.1,0.0
roti,veg,bread,low,low,fridge,2.3,open,24.2,13.76
paneer_butter_masala,dairy,curry,high,medium,room,25.7,closed,38.5,0.0
halwa,veg,sweet,medium,high,room,31.5,closed,22.0,3.55
idli,veg,breakfast,medium,low,room,37.6,closed,41.7,0.0
naan,veg,bread,low,medium,room,24.5,open,43.7,0.0
naan,veg,bread,low,medium,fridge,7.1,open,26.0,14.08
roti,veg,bread,low,low,fridge,4.5,open,17.9,29.04
chicken_curry,nonveg,curry,high,medium,room,30.0,closed,5.7,2.79
halwa,veg,sweet,medium,high,fridge,5.4,closed,24.8,35.51
paratha,veg,bread,low,high,room,30.3,closed,5.7,19.37
paratha,veg,bread,low,high,fridge,4.1,closed,20.1,31.42
idli,veg,breakfast,medium,low,room,29.2,closed,12.5,0.52
curd,dairy,liquid,high,low,room,35.1,closed,1.4,5.67
roti,veg,bread,low,low,room,37.6,closed,32.2,0.0
milk,dairy,liquid,high,low,room,26.3,open,33.3,0.0
gulab_jamun,dairy,sweet,high,medium,room,25.6,open,39.3,0.0
fish_curry,nonveg,curry,high,low,room,29.0,closed,3.5,2.58
plain_rice,veg,rice,medium,low,room,37.5,closed,20.8,0.0
dosa,veg,breakfast,medium,low,room,32.7,closed,36.9,0.0
halwa,veg,sweet,medium,high,fridge,3.0,closed,42.9,14.6
chicken_curry,nonveg,curry,high,medium,fridge,3.9,open,37.7,0.0
pakora,veg,fried,low,high,room,27.7,open,34.3,0.0
gulab_jamun,dairy,sweet,high,medium,room,37.5,open,19.5,0.0
veg_pulao,veg,rice,medium,medium,fridge,2.9,open,19.9,3.05
naan,veg,bread,low,medium,fridge,6.5,closed,37.0,6.82
naan,veg,bread,low,medium,fridge,5.6,closed,16.8,37.28
chicken_curry,nonveg,curry,high,medium,fridge,6.5,closed,33.7,1.4
samosa,veg,fried,low,high,fridge,2.8,open,21.1,14.0
veg_pulao,veg,rice,medium,medium,room,34.1,closed,0.4,9.33
dosa,veg,breakfast,medium,low,room,26.5,open,24.6,0.0
halwa,veg,sweet,medium,high,fridge,3.0,open,27.7,34.35
jeera_rice,veg,rice,medium,low,room,32.6,open,40.3,0.0
naan,veg,bread,low,medium,fridge,4.6,open,20.3,33.35
curd,dairy,liquid,high,low,fridge,4.0,open,20.6,36.44
pakora,veg,fried,low,high,fridge,5.7,closed,1.0,42.25
halwa,veg,sweet,medium,high,fridge,2.4,closed,34.2,51.39
gulab_jamun,dairy,sweet,high,medium,room,36.5,closed,15.8,1.17
pakora,veg,fried,low,high,room,26.6,closed,5.5,10.57
naan,veg,bread,low,medium,room,37.8,open,19.0,0.0
milk,dairy,liquid,high,low,fridge,3.0,closed,22.8,32.56
dal_tadka,veg,curry,high,low,room,24.2,closed,2.2,9.8
chicken_biryani,nonveg,rice,medium,medium,fridge,5.2,closed,29.4,4.61
chicken_curry,nonveg,curry,high,medium,fridge,4.0,closed,38.9,0.0
curd,dairy,liquid,high,low,fridge,7.6,closed,36.2,26.7
pakora,veg,fried,low,high,room,30.5,closed,38.2,0.0
pakora,veg,fried,low,high,fridge,3.8,open,4.8,22.49
paratha,veg,bread,low,high,fridge,4.3,closed,5.2,57.42
dosa,veg,breakfast,medium,low,room,26.8,closed,33.3,0.0
roti,veg,bread,low,low,fridge,7.1,open,28.1,11.03
chicken_biryani,nonveg,rice,medium,medium,fridge,3.9,open,25.8,0.4
paneer_butter_masala,dairy,curry,high,medium,fridge,2.4,closed,9.1,20.09
idli,veg,breakfast,medium,low,fridge,5.1,open,24.8,11.74
paratha,veg,bread,low,high,fridge,6.9,open,12.3,34.14
naan,veg,bread,low,medium,room,36.5,open,29.5,0.0
plain_rice,veg,rice,medium,low,fridge,7.1,open,13.7,18.39
jeera_rice,veg,rice,medium,low,fridge,4.2,open,36.2,0.0
idli,veg,breakfast,medium,low,room,33.5,closed,26.8,0.0
naan,veg,bread,low,medium,room,28.4,open,38.4,0.0
milk,dairy,liquid,high,low,fridge,3.4,closed,13.1,39.44
paratha,veg,bread,low,high,room,24.4,closed,41.5,0.0
gulab_jamun,dairy,sweet,high,medium,room,27.3,closed,27.4,0.0
plain_rice,veg,rice,medium,low,fridge,6.3,open,47.3,0.0
chicken_curry,nonveg,curry,high,medium,room,34.2,closed,32.3,0.0
idli,veg,breakfast,medium,low,room,25.2,open,11.2,5.13
pakora,veg,fried,low,high,room,30.8,open,16.0,0.0
gulab_jamun,dairy,sweet,high,medium,fridge,4.2,open,10.1,65.67
roti,veg,bread,low,low,room,36.9,open,26.9,0.0
paratha,veg,bread,low,high,room,34.3,open,13.2,10.36
milk,dairy,liquid,high,low,room,24.1,open,18.9,0.0
curd,dairy,liquid,high,low,fridge,2.1,open,19.0,42.75
naan,veg,bread,low,medium,room,27.6,open,37.5,0.0
roti,veg,bread,low,low,room,35.8,closed,37.4,0.0
jeera_rice,veg,rice,medium,low,room,25.0,open,44.8,0.0
paneer_butter_masala,dairy,curry,high,medium,fridge,5.9,open,3.5,27.34
paneer_butter_masala,dairy,curry,high,medium,fridge,2.4,open,11.9,18.43
halwa,veg,sweet,medium,high,fridge,3.3,closed,17.5,60.74
dosa,veg,breakfast,medium,low,room,29.1,closed,31.2,0.0
gulab_jamun,dairy,sweet,high,medium,room,26.5,open,43.4,0.0
paratha,veg,bread,low,high,room,27.4,open,14.0,3.86
jeera_rice,veg,rice,medium,low,fridge,5.4,closed,1.7,32.12
paneer_butter_masala,dairy,curry,high,medium,room,26.1,open,27.3,0.0
paneer_butter_masala,dairy,curry,high,medium,room,34.6,open,44.8,0.0
veg_pulao,veg,rice,medium,medium,room,35.6,open,5.0,1.7
idli,veg,breakfast,medium,low,fridge,3.8,closed,36.2,0.0
plain_rice,veg,rice,medium,low,fridge,6.7,closed,3.9,32.19
dal_tadka,veg,curry,high,low,room,36.2,closed,44.7,0.0
chicken_curry,nonveg,curry,high,medium,room,36.7,open,10.8,0.0
chicken_biryani,nonveg,rice,medium,medium,fridge,4.5,open,8.6,19.63
fish_curry,nonveg,curry,high,low,room,30.3,open,3.9,1.74
samosa,veg,fried,low,high,room,26.8,closed,14.7,6.47
fish_curry,nonveg,curry,high,low,room,31.0,open,24.4,0.0
milk,dairy,liquid,high,low,room,30.9,open,25.3,0.0
veg_pulao,veg,rice,medium,medium,fridge,6.0,open,3.2,22.16
dosa,veg,breakfast,medium,low,fridge,4.7,closed,25.6,11.34
paneer_butter_masala,dairy,curry,high,medium,room,37.0,open,5.2,0.18
samosa,veg,fried,low,high,room,34.3,closed,26.8,0.0
milk,dairy,liquid,high,low,room,34.8,open,7.3,0.0
paratha,veg,bread,low,high,fridge,3.5,open,40.7,8.15
dosa,veg,breakfast,medium,low,room,29.5,open,38.5,0.0
roti,veg,bread,low,low,room,36.9,open,10.0,1.43
dosa,veg,breakfast,medium,low,room,24.9,open,12.5,0.0
plain_rice,veg,rice,medium,low,room,37.6,closed,42.4,0.0
paneer_butter_masala,dairy,curry,high,medium,room,27.3,closed,17.1,0.0
veg_pulao,veg,rice,medium,medium,fridge,5.9,closed,41.4,0.0
gulab_jamun,dairy,sweet,high,medium,room,28.5,closed,40.2,0.0
dosa,veg,breakfast,medium,low,fridge,3.7,open,4.2,24.17
dal_tadka,veg,curry,high,low,room,25.4,open,17.0,0.0
samosa,veg,fried,low,high,room,36.3,open,29.9,0.0
veg_pulao,veg,rice,medium,medium,room,32.4,closed,19.3,0.0
roti,veg,bread,low,low,fridge,6.2,closed,27.5,37.59
halwa,veg,sweet,medium,high,fridge,6.7,closed,15.5,66.94
naan,veg,bread,low,medium,room,35.7,closed,39.0,0.0
dosa,veg,breakfast,medium,low,room,31.8,open,36.1,0.0
paratha,veg,bread,low,high,fridge,6.6,open,2.0,49.71
naan,veg,bread,low,medium,room,27.8,closed,30.3,0.0
samosa,veg,fried,low,high,fridge,3.8,open,12.2,26.21
chicken_curry,nonveg,curry,high,medium,room,35.5,closed,46.0,0.0
dal_tadka,veg,curry,high,low,fridge,6.0,closed,39.0,0.0
chicken_biryani,nonveg,rice,medium,medium,fridge,2.1,closed,35.7,0.0
halwa,veg,sweet,medium,high,room,33.7,closed,29.8,0.0
veg_pulao,veg,rice,medium,medium,room,31.6,closed,27.8,0.0
milk,dairy,liquid,high,low,fridge,7.4,open,37.8,10.3
idli,veg,breakfast,medium,low,room,31.8,open,29.8,0.0
fish_curry,nonveg,curry,high,low,fridge,4.7,closed,28.4,0.0
paratha,veg,bread,low,high,room,38.0,closed,45.2,0.0
dosa,veg,breakfast,medium,low,room,27.7,open,42.9,0.0
milk,dairy,liquid,high,low,fridge,3.0,closed,22.8,35.39
pakora,veg,fried,low,high,fridge,7.0,open,45.5,0.0
pakora,veg,fried,low,high,fridge,7.2,closed,25.5,5.73
paratha,veg,bread,low,high,room,32.9,closed,46.0,0.0
plain_rice,veg,rice,medium,low,fridge,6.5,open,7.3,19.33
samosa,veg,fried,low,high,room,33.2,open,19.7,0.0
curd,dairy,liquid,high,low,room,29.6,open,3.5,5.77
samosa,veg,fried,low,high,fridge,2.2,closed,1.8,56.51
fish_curry,nonveg,curry,high,low,room,36.3,open,3.2,1.6
pakora,veg,fried,low,high,room,36.0,open,31.5,0.0
roti,veg,bread,low,low,room,25.1,open,27.0,0.0
dal_tadka,veg,curry,high,low,room,26.2,open,18.2,0.0
idli,veg,breakfast,medium,low,fridge,3.2,open,44.2,0.0
chicken_curry,nonveg,curry,high,medium,fridge,6.7,closed,45.4,0.0
chicken_biryani,nonveg,rice,medium,medium,room,25.6,open,8.2,0.0
veg_pulao,veg,rice,medium,medium,room,32.0,open,20.6,0.0
samosa,veg,fried,low,high,fridge,5.8,open,16.0,33.79
chicken_curry,nonveg,curry,high,medium,room,27.8,closed,17.5,0.0
fish_curry,nonveg,curry,high,low,fridge,7.9,closed,32.5,0.0
gulab_jamun,dairy,sweet,high,medium,room,24.3,closed,34.3,0.0
gulab_jamun,dairy,sweet,high,medium,room,27.4,closed,36.1,0.0
jeera_rice,veg,rice,medium,low,fridge,4.3,closed,9.8,29.17
veg_pulao,veg,rice,medium,medium,room,29.1,open,6.4,1.42
fish_curry,nonveg,curry,high,low,fridge,7.2,open,36.8,0.0
idli,veg,breakfast,medium,low,fridge,3.5,closed,13.4,20.69
roti,veg,bread,low,low,room,28.9,closed,5.0,20.71
chicken_biryani,nonveg,rice,medium,medium,fridge,6.9,closed,20.9,17.65
dosa,veg,breakfast,medium,low,room,31.3,open,2.7,3.65
veg_pulao,veg,rice,medium,medium,room,25.7,open,23.5,0.0
chicken_biryani,nonveg,rice,medium,medium,fridge,7.7,open,35.1,0.0
chicken_biryani,nonveg,rice,medium,medium,fridge,2.7,open,5.8,24.67
fish_curry,nonveg,curry,high,low,room,37.9,open,34.5,0.0
paratha,veg,bread,low,high,fridge,4.5,open,8.7,52.06
roti,veg,bread,low,low,room,28.8,closed,4.4,16.02
dosa,veg,breakfast,medium,low,room,37.9,closed,38.4,0.0
dal_tadka,veg,curry,high,low,fridge,4.2,closed,28.9,19.53
paratha,veg,bread,low,high,fridge,4.8,open,19.1,26.28
dal_tadka,veg,curry,high,low,fridge,7.9,closed,24.8,20.21
chicken_curry,nonveg,curry,high,medium,room,37.4,closed,12.7,0.0
samosa,veg,fried,low,high,room,32.7,closed,30.5,0.0
paratha,veg,bread,low,high,fridge,7.4,closed,47.4,19.02
naan,veg,bread,low,medium,fridge,3.2,open,11.8,25.45
roti,veg,bread,low,low,fridge,4.2,closed,43.1,27.4
dosa,veg,breakfast,medium,low,fridge,4.0,open,31.4,3.61
gulab_jamun,dairy,sweet,high,medium,fridge,4.3,closed,7.3,79.87
halwa,veg,sweet,medium,high,room,26.4,closed,33.9,0.0
milk,dairy,liquid,high,low,fridge,7.9,closed,10.6,44.2
samosa,veg,fried,low,high,fridge,3.5,closed,21.6,36.26
jeera_rice,veg,rice,medium,low,fridge,2.5,open,17.9,10.46
milk,dairy,liquid,high,low,fridge,5.3,open,46.7,0.0
dal_tadka,veg,curry,high,low,room,26.7,open,1.4,11.41
paneer_butter_masala,dairy,curry,high,medium,fridge,7.5,closed,17.0,5.67
halwa,veg,sweet,medium,high,room,32.9,open,25.6,0.44
milk,dairy,liquid,high,low,room,32.1,closed,40.5,0.0
dosa,veg,breakfast,medium,low,room,35.6,open,39.8,0.0
halwa,veg,sweet,medium,high,fridge,4.3,open,44.1,22.77
jeera_rice,veg,rice,medium,low,room,32.5,closed,34.0,0.0
dosa,veg,breakfast,medium,low,room,37.5,closed,35.8,0.0
gulab_jamun,dairy,sweet,high,medium,fridge,5.7,closed,9.4,75.7
veg_pulao,veg,rice,medium,medium,fridge,6.9,closed,30.7,0.0
halwa,veg,sweet,medium,high,fridge,5.4,open,4.4,65.79
curd,dairy,liquid,high,low,room,25.9,open,29.6,0.0
plain_rice,veg,rice,medium,low,room,31.4,closed,46.4,0.0
samosa,veg,fried,low,high,fridge,5.1,open,25.4,11.29
dal_tadka,veg,curry,high,low,room,31.5,closed,34.6,0.0
veg_pulao,veg,rice,medium,medium,room,24.4,closed,12.4,0.0
idli,veg,breakfast,medium,low,fridge,3.8,open,4.4,36.96
naan,veg,bread,low,medium,fridge,7.6,open,19.9,17.52
curd,dairy,liquid,high,low,fridge,3.0,closed,1.7,71.69
idli,veg,breakfast,medium,low,room,26.6,closed,36.7,0.0
jeera_rice,veg,rice,medium,low,room,28.4,closed,28.1,0.0
naan,veg,bread,low,medium,fridge,7.7,closed,23.9,35.98
dosa,veg,breakfast,medium,low,room,35.5,open,24.9,0.0
idli,veg,breakfast,medium,low,fridge,6.6,open,42.2,0.0
curd,dairy,liquid,high,low,fridge,2.6,closed,42.8,5.54
paneer_butter_masala,dairy,curry,high,medium,fridge,5.1,open,21.1,0.75
paratha,veg,bread,low,high,fridge,7.6,open,12.5,35.38
pakora,veg,fried,low,high,room,24.7,open,34.5,0.0
plain_rice,veg,rice,medium,low,room,25.3,closed,29.3,0.0
halwa,veg,sweet,medium,high,fridge,7.9,open,33.3,16.55
idli,veg,breakfast,medium,low,room,25.5,closed,0.1,13.59
idli,veg,breakfast,medium,low,room,30.0,closed,15.3,0.0
curd,dairy,liquid,high,low,fridge,4.3,open,13.8,46.87
veg_pulao,veg,rice,medium,medium,room,29.3,open,12.3,0.0
jeera_rice,veg,rice,medium,low,room,31.5,closed,11.0,1.1
paneer_butter_masala,dairy,curry,high,medium,fridge,4.8,open,20.8,4.29
pakora,veg,fried,low,high,room,36.2,open,17.2,0.0
pakora,veg,fried,low,high,room,24.9,closed,44.1,0.0
paratha,veg,bread,low,high,fridge,5.4,open,37.0,16.3
veg_pulao,veg,rice,medium,medium,room,29.6,open,45.8,0.0
chicken_biryani,nonveg,rice,medium,medium,room,24.1,open,46.7,0.0
naan,veg,bread,low,medium,fridge,6.2,closed,31.1,25.34
dal_tadka,veg,curry,high,low,room,25.8,open,42.6,0.0
samosa,veg,fried,low,high,room,26.8,open,6.8,14.24
chicken_biryani,nonveg,rice,medium,medium,room,29.1,closed,9.9,0.63
dosa,veg,breakfast,medium,low,room,26.0,open,36.7,0.0
idli,veg,breakfast,medium,low,room,34.7,closed,17.8,0.0
plain_rice,veg,rice,medium,low,fridge,5.4,open,32.6,1.84
chicken_curry,nonveg,curry,high,medium,room,32.4,open,42.7,0.0
jeera_rice,veg,rice,medium,low,fridge,4.5,open,34.4,3.32
idli,veg,breakfast,medium,low,fridge,6.6,closed,5.3,34.87
idli,veg,breakfast,medium,low,room,28.5,closed,43.9,0.0
naan,veg,bread,low,medium,fridge,2.7,closed,26.4,24.93
naan,veg,bread,low,medium,room,27.9,closed,23.3,0.0
roti,veg,bread,low,low,room,32.6,open,13.2,5.24
roti,veg,bread,low,low,fridge,4.8,open,39.3,5.42
dal_tadka,veg,curry,high,low,room,36.8,open,35.5,0.0
chicken_biryani,nonveg,rice,medium,medium,room,34.1,closed,22.4,0.0
dosa,veg,breakfast,medium,low,room,37.1,open,36.0,0.0
pakora,veg,fried,low,high,room,32.9,closed,0.1,10.14
paneer_butter_masala,dairy,curry,high,medium,room,37.0,open,1.7,4.75
roti,veg,bread,low,low,room,28.3,open,22.1,0.0
samosa,veg,fried,low,high,room,24.2,closed,19.7,1.2
gulab_jamun,dairy,sweet,high,medium,room,36.3,closed,9.3,11.4
paratha,veg,bread,low,high,fridge,7.7,open,16.0,41.87
paneer_butter_masala,dairy,curry,high,medium,fridge,2.1,closed,6.7,27.09
roti,veg,bread,low,low,fridge,2.8,open,31.0,28.43
chicken_biryani,nonveg,rice,medium,medium,fridge,4.2,open,45.0,0.0
veg_pulao,veg,rice,medium,medium,room,34.0,closed,3.5,7.14
paneer_butter_masala,dairy,curry,high,medium,room,34.2,closed,35.4,0.0
pakora,veg,fried,low,high,fridge,3.8,open,20.2,17.01
plain_rice,veg,rice,medium,low,fridge,7.0,open,22.2,17.29
paratha,veg,bread,low,high,fridge,3.5,open,47.5,14.53
pakora,veg,fried,low,high,room,32.1,closed,2.4,12.42
gulab_jamun,dairy,sweet,high,medium,room,37.5,open,4.1,10.7
paneer_butter_masala,dairy,curry,high,medium,room,25.0,closed,24.2,0.0
roti,veg,bread,low,low,room,36.6,closed,15.6,0.0
idli,veg,breakfast,medium,low,room,26.8,open,47.6,0.0
roti,veg,bread,low,low,room,34.3,closed,0.3,20.07
paratha,veg,bread,low,high,room,24.8,closed,43.6,0.0
chicken_curry,nonveg,curry,high,medium,room,30.9,open,15.4,0.0
paratha,veg,bread,low,high,room,32.3,closed,19.4,6.1
chicken_biryani,nonveg,rice,medium,medium,fridge,3.9,closed,24.8,9.78
plain_rice,veg,rice,medium,low,fridge,7.2,closed,22.8,18.88
jeera_rice,veg,rice,medium,low,fridge,2.7,closed,43.3,5.58
dosa,veg,breakfast,medium,low,fridge,3.2,open,19.2,2.24
curd,dairy,liquid,high,low,fridge,3.4,open,26.3,25.52
gulab_jamun,dairy,sweet,high,medium,room,33.7,open,11.8,6.21
dosa,veg,breakfast,medium,low,fridge,6.0,closed,0.7,29.74
chicken_biryani,nonveg,rice,medium,medium,room,28.5,closed,11.4,0.0
naan,veg,bread,low,medium,fridge,7.6,open,1.7,47.81
veg_pulao,veg,rice,medium,medium,room,31.2,open,22.3,0.0
fish_curry,nonveg,curry,high,low,fridge,3.8,open,21.5,0.0
dosa,veg,breakfast,medium,low,room,37.5,open,26.2,0.0
samosa,veg,fried,low,high,room,28.0,closed,22.6,2.64
samosa,veg,fried,low,high,room,31.3,open,13.8,3.83
halwa,veg,sweet,medium,high,fridge,6.3,open,30.8,25.4
gulab_jamun,dairy,sweet,high,medium,fridge,6.5,closed,42.8,39.51
plain_rice,veg,rice,medium,low,room,37.4,open,1.9,7.29
idli,veg,breakfast,medium,low,room,29.5,open,44.5,0.0
jeera_rice,veg,rice,medium,low,fridge,5.2,open,46.6,0.0
curd,dairy,liquid,high,low,fridge,3.7,open,40.1,14.69
halwa,veg,sweet,medium,high,room,30.4,closed,10.0,18.78
chicken_curry,nonveg,curry,high,medium,fridge,4.0,closed,15.6,9.93
chicken_biryani,nonveg,rice,medium,medium,room,35.6,open,5.3,1.62
samosa,veg,fried,low,high,fridge,5.8,closed,34.9,5.48
jeera_rice,veg,rice,medium,low,fridge,5.7,closed,18.9,24.93
halwa,veg,sweet,medium,high,room,25.0,open,22.0,0.0
chicken_curry,nonveg,curry,high,medium,room,30.1,closed,10.6,0.0
plain_rice,veg,rice,medium,low,room,30.8,closed,16.4,0.0
halwa,veg,sweet,medium,high,fridge,3.6,open,11.2,49.11
jeera_rice,veg,rice,medium,low,fridge,7.5,closed,41.7,0.0
paneer_butter_masala,dairy,curry,high,medium,room,36.6,open,43.4,0.0
paneer_butter_masala,dairy,curry,high,medium,room,31.7,closed,27.0,0.0
idli,veg,breakfast,medium,low,room,30.2,closed,8.1,1.72
halwa,veg,sweet,medium,high,fridge,6.7,closed,1.5,62.8
chicken_curry,nonveg,curry,high,medium,fridge,4.0,closed,2.9,25.05
naan,veg,bread,low,medium,room,24.7,closed,17.5,4.1
paratha,veg,bread,low,high,room,36.5,closed,7.8,9.32
samosa,veg,fried,low,high,room,25.3,open,4.0,16.69
dosa,veg,breakfast,medium,low,fridge,6.9,open,32.5,0.0
halwa,veg,sweet,medium,high,room,33.3,open,2.1,20.42
dosa,veg,breakfast,medium,low,fridge,7.2,closed,3.3,32.14
milk,dairy,liquid,high,low,fridge,4.9,closed,14.6,26.14
chicken_curry,nonveg,curry,high,medium,room,28.1,open,45.3,0.0
milk,dairy,liquid,high,low,fridge,2.4,closed,33.1,14.34
milk,dairy,liquid,high,low,room,32.1,open,19.0,0.0
veg_pulao,veg,rice,medium,medium,room,29.8,closed,6.4,5.77
gulab_jamun,dairy,sweet,high,medium,fridge,7.1,closed,41.9,12.88
chicken_curry,nonveg,curry,high,medium,room,27.0,closed,21.6,0.0
pakora,veg,fried,low,high,room,27.8,open,13.9,0.0
idli,veg,breakfast,medium,low,fridge,7.7,open,9.4,22.89
dosa,veg,breakfast,medium,low,room,37.6,closed,6.0,3.85
gulab_jamun,dairy,sweet,high,medium,room,36.2,closed,31.2,0.0
naan,veg,bread,low,medium,fridge,6.9,open,12.5,37.87
naan,veg,bread,low,medium,room,35.6,closed,8.6,7.86
gulab_jamun,dairy,sweet,high,medium,room,31.2,closed,31.1,0.0
idli,veg,breakfast,medium,low,room,28.0,closed,43.5,0.0
pakora,veg,fried,low,high,fridge,4.4,open,10.6,22.15
milk,dairy,liquid,high,low,fridge,4.4,closed,12.9,26.81
chicken_curry,nonveg,curry,high,medium,fridge,3.1,open,31.6,0.0
gulab_jamun,dairy,sweet,high,medium,room,32.9,open,38.4,0.0
paratha,veg,bread,low,high,fridge,7.6,open,10.9,43.49
chicken_biryani,nonveg,rice,medium,medium,fridge,6.9,open,39.6,0.0
pakora,veg,fried,low,high,fridge,6.3,closed,29.3,1.91
roti,veg,bread,low,low,room,31.1,open,23.2,0.0
samosa,veg,fried,low,high,room,26.6,closed,44.1,0.0
chicken_biryani,nonveg,rice,medium,medium,room,37.5,open,10.6,0.0
veg_pulao,veg,rice,medium,medium,room,26.6,open,31.5,0.0
dosa,veg,breakfast,medium,low,fridge,5.8,closed,27.9,6.65
paneer_butter_masala,dairy,curry,high,medium,fridge,3.0,closed,35.4,0.0
dosa,veg,breakfast,medium,low,fridge,7.5,open,23.0,0.0
halwa,veg,sweet,medium,high,fridge,2.6,open,41.9,21.12
dosa,veg,breakfast,medium,low,fridge,2.3,closed,19.1,15.12
chicken_biryani,nonveg,rice,medium,medium,room,33.8,open,19.8,0.0
jeera_rice,veg,rice,medium,low,room,35.5,open,16.7,0.0
dosa,veg,breakfast,medium,low,room,33.3,open,20.9,0.0
paneer_butter_masala,dairy,curry,high,medium,room,28.6,open,17.1,0.0
roti,veg,bread,low,low,room,25.3,open,10.9,7.92
veg_pulao,veg,rice,medium,medium,room,32.9,closed,23.2,0.0
plain_rice,veg,rice,medium,low,fridge,2.5,open,26.7,8.27
naan,veg,bread,low,medium,fridge,6.5,closed,5.6,37.89
jeera_rice,veg,rice,medium,low,room,31.6,open,19.8,0.0
roti,veg,bread,low,low,fridge,6.5,open,23.2,14.53
roti,veg,bread,low,low,room,27.2,closed,25.4,0.0
dosa,veg,breakfast,medium,low,room,24.3,open,31.0,0.0
paneer_butter_masala,dairy,curry,high,medium,fridge,5.5,open,41.5,0.0
paratha,veg,bread,low,high,room,29.5,open,21.7,6.22
milk,dairy,liquid,high,low,room,30.4,closed,10.2,0.0
samosa,veg,fried,low,high,fridge,4.9,open,12.5,27.67
dal_tadka,veg,curry,high,low,room,26.4,open,22.2,0.0
dal_tadka,veg,curry,high,low,room,26.4,open,45.4,0.0
fish_curry,nonveg,curry,high,low,fridge,6.3,open,10.6,6.62
samosa,veg,fried,low,high,fridge,3.0,closed,26.8,19.79
paneer_butter_masala,dairy,curry,high,medium,fridge,4.3,open,11.7,13.88
pakora,veg,fried,low,high,fridge,6.7,closed,44.9,0.0
fish_curry,nonveg,curry,high,low,room,34.2,closed,29.0,0.0
naan,veg,bread,low,medium,room,34.6,closed,17.5,0.0
fish_curry,nonveg,curry,high,low,room,28.0,closed,36.7,0.0
idli,veg,breakfast,medium,low,room,33.8,open,7.2,1.81
idli,veg,breakfast,medium,low,fridge,6.2,open,21.6,9.26
curd,dairy,liquid,high,low,room,26.7,closed,2.4,12.05
chicken_curry,nonveg,curry,high,medium,fridge,2.3,closed,40.5,0.0
paratha,veg,bread,low,high,fridge,7.3,open,12.7,41.07
roti,veg,bread,low,low,fridge,3.0,closed,4.7,61.82
pakora,veg,fried,low,high,room,27.3,open,5.5,6.18
jeera_rice,veg,rice,medium,low,fridge,3.2,closed,47.8,0.0
samosa,veg,fried,low,high,fridge,7.0,open,43.6,6.0
curd,dairy,liquid,high,low,fridge,3.9,open,9.9,41.33
dosa,veg,breakfast,medium,low,room,37.1,closed,35.3,0.0
paneer_butter_masala,dairy,curry,high,medium,room,34.4,open,2.1,3.49
fish_curry,nonveg,curry,high,low,fridge,7.8,closed,6.5,22.76
samosa,veg,fried,low,high,room,25.1,open,40.1,0.0
idli,veg,breakfast,medium,low,room,25.8,closed,6.7,8.4
samosa,veg,fried,low,high,room,33.3,open,32.8,0.0
dosa,veg,breakfast,medium,low,room,25.5,open,41.5,0.0
idli,veg,breakfast,medium,low,room,28.5,open,28.5,0.0
roti,veg,bread,low,low,fridge,6.8,open,18.0,36.03
chicken_curry,nonveg,curry,high,medium,fridge,7.8,open,11.5,18.97
veg_pulao,veg,rice,medium,medium,room,33.1,closed,21.8,0.0
dal_tadka,veg,curry,high,low,room,28.5,closed,31.0,0.0
gulab_jamun,dairy,sweet,high,medium,room,33.6,closed,35.4,0.0
veg_pulao,veg,rice,medium,medium,fridge,2.3,closed,12.8,18.55
chicken_biryani,nonveg,rice,medium,medium,fridge,2.3,open,20.3,14.66
plain_rice,veg,rice,medium,low,fridge,6.8,closed,30.8,12.1
pakora,veg,fried,low,high,room,35.6,closed,22.2,0.0
curd,dairy,liquid,high,low,fridge,2.2,open,12.4,50.85
chicken_biryani,nonveg,rice,medium,medium,room,31.7,open,12.7,0.0
milk,dairy,liquid,high,low,room,36.5,closed,31.7,0.0
plain_rice,veg,rice,medium,low,fridge,6.0,open,26.0,0.0
dal_tadka,veg,curry,high,low,fridge,5.9,open,45.7,0.0
gulab_jamun,dairy,sweet,high,medium,fridge,6.9,open,28.8,29.48
roti,veg,bread,low,low,fridge,6.5,open,41.6,15.81
samosa,veg,fried,low,high,room,28.0,closed,18.5,3.18
curd,dairy,liquid,high,low,room,30.5,open,43.3,0.0
chicken_curry,nonveg,curry,high,medium,fridge,2.7,closed,23.5,0.0
halwa,veg,sweet,medium,high,fridge,6.5,open,14.3,62.46
dosa,veg,breakfast,medium,low,room,29.9,open,3.2,8.29
chicken_curry,nonveg,curry,high,medium,room,30.9,open,44.5,0.0
paratha,veg,bread,low,high,room,37.8,open,34.9,0.0
pakora,veg,fried,low,high,fridge,2.9,open,16.7,10.08
gulab_jamun,dairy,sweet,high,medium,room,27.5,closed,12.2,16.1
fish_curry,nonveg,curry,high,low,room,27.5,open,40.6,0.0
pakora,veg,fried,low,high,room,31.1,closed,36.8,0.0
milk,dairy,liquid,high,low,fridge,5.3,closed,9.4,37.28
chicken_biryani,nonveg,rice,medium,medium,room,31.6,open,18.5,0.0
milk,dairy,liquid,high,low,fridge,5.6,open,3.1,34.84
jeera_rice,veg,rice,medium,low,fridge,4.3,open,11.1,28.05
paneer_butter_masala,dairy,curry,high,medium,room,36.4,open,20.6,0.0
samosa,veg,fried,low,high,fridge,5.7,closed,40.9,0.0
chicken_biryani,nonveg,rice,medium,medium,fridge,2.2,open,18.7,15.37
milk,dairy,liquid,high,low,room,24.8,closed,5.6,2.14
pakora,veg,fried,low,high,room,28.2,closed,32.2,0.0
halwa,veg,sweet,medium,high,fridge,7.0,open,41.7,13.1
curd,dairy,liquid,high,low,fridge,5.4,closed,26.4,35.43
paneer_butter_masala,dairy,curry,high,medium,room,25.0,closed,44.2,0.0
roti,veg,bread,low,low,fridge,4.3,closed,22.4,49.16
jeera_rice,veg,rice,medium,low,room,25.7,open,3.2,6.45
dosa,veg,breakfast,medium,low,fridge,5.9,closed,2.3,29.27
gulab_jamun,dairy,sweet,high,medium,fridge,4.6,open,22.0,47.87
paratha,veg,bread,low,high,fridge,7.4,closed,13.5,34.13
pakora,veg,fried,low,high,fridge,7.7,open,24.7,3.1
samosa,veg,fried,low,high,room,32.0,open,30.7,0.0
plain_rice,veg,rice,medium,low,fridge,4.1,closed,43.9,0.0
gulab_jamun,dairy,sweet,high,medium,room,27.8,closed,40.8,0.0
dal_tadka,veg,curry,high,low,fridge,4.4,open,19.8,12.92
dosa,veg,breakfast,medium,low,fridge,2.1,closed,6.6,20.67
dal_tadka,veg,curry,high,low,room,31.4,closed,16.8,0.0
veg_pulao,veg,rice,medium,medium,room,27.6,closed,34.8,0.0
plain_rice,veg,rice,medium,low,room,36.8,open,19.5,0.0
paratha,veg,bread,low,high,fridge,7.9,closed,38.0,12.02
curd,dairy,liquid,high,low,room,26.7,open,7.3,2.84
pakora,veg,fried,low,high,room,34.0,open,24.8,0.0
samosa,veg,fried,low,high,fridge,3.1,open,24.6,16.67
dosa,veg,breakfast,medium,low,fridge,4.8,open,36.2,0.0
gulab_jamun,dairy,sweet,high,medium,room,24.1,closed,43.3,0.0
curd,dairy,liquid,high,low,fridge,6.3,open,22.6,29.7
roti,veg,bread,low,low,room,28.2,closed,35.6,0.0
idli,veg,breakfast,medium,low,fridge,7.1,open,35.1,0.97
chicken_curry,nonveg,curry,high,medium,fridge,5.1,open,27.7,0.0
idli,veg,breakfast,medium,low,fridge,2.7,closed,2.4,40.02
dal_tadka,veg,curry,high,low,fridge,2.9,open,45.2,0.0
veg_pulao,veg,rice,medium,medium,fridge,7.5,open,3.5,18.49
dal_tadka,veg,curry,high,low,fridge,7.0,open,15.4,18.62
veg_pulao,veg,rice,medium,medium,room,36.8,open,9.8,0.0
dal_tadka,veg,curry,high,low,fridge,2.7,open,34.5,0.8
milk,dairy,liquid,high,low,room,35.1,closed,29.1,0.0
gulab_jamun,dairy,sweet,high,medium,room,32.2,closed,39.4,0.0
samosa,veg,fried,low,high,room,26.7,open,16.8,0.78
naan,veg,bread,low,medium,fridge,2.8,closed,45.6,0.0
plain_rice,veg,rice,medium,low,fridge,5.7,open,19.1,10.07
veg_pulao,veg,rice,medium,medium,fridge,6.4,open,14.1,9.62
samosa,veg,fried,low,high,fridge,3.5,open,30.2,6.12
milk,dairy,liquid,high,low,room,35.8,open,43.5,0.0
veg_pulao,veg,rice,medium,medium,fridge,6.8,open,3.1,20.71
halwa,veg,sweet,medium,high,fridge,4.2,closed,47.3,35.2
milk,dairy,liquid,high,low,fridge,4.3,open,45.6,1.63
roti,veg,bread,low,low,fridge,5.1,closed,6.0,44.17
roti,veg,bread,low,low,fridge,2.8,closed,36.1,27.06
dosa,veg,breakfast,medium,low,room,27.0,open,14.8,0.0
halwa,veg,sweet,medium,high,fridge,5.5,closed,7.6,81.12
samosa,veg,fried,low,high,fridge,2.6,open,1.5,44.28
chicken_biryani,nonveg,rice,medium,medium,fridge,5.7,closed,16.3,9.56
milk,dairy,liquid,high,low,fridge,7.2,closed,9.1,39.76
fish_curry,nonveg,curry,high,low,fridge,4.1,closed,0.3,23.24
plain_rice,veg,rice,medium,low,fridge,5.3,open,21.0,8.63
milk,dairy,liquid,high,low,fridge,7.4,closed,42.5,0.0
gulab_jamun,dairy,sweet,high,medium,room,31.7,open,26.9,0.0
samosa,veg,fried,low,high,room,38.0,closed,0.1,19.38
idli,veg,breakfast,medium,low,room,33.0,closed,48.0,0.0
plain_rice,veg,rice,medium,low,fridge,4.3,open,18.1,9.85
milk,dairy,liquid,high,low,fridge,4.3,open,29.8,2.1
paratha,veg,bread,low,high,fridge,4.2,open,31.5,23.5
gulab_jamun,dairy,sweet,high,medium,room,27.9,open,5.4,17.47
milk,dairy,liquid,high,low,fridge,3.3,closed,45.9,7.05
idli,veg,breakfast,medium,low,room,26.7,closed,38.6,0.0
pakora,veg,fried,low,high,fridge,6.7,closed,10.5,23.72
dosa,veg,breakfast,medium,low,fridge,2.1,closed,3.5,28.25
paratha,veg,bread,low,high,room,33.8,closed,43.4,0.0
fish_curry,nonveg,curry,high,low,room,27.9,open,19.0,0.0
jeera_rice,veg,rice,medium,low,room,36.2,closed,47.0,0.0
fish_curry,nonveg,curry,high,low,fridge,3.4,closed,20.9,5.18
pakora,veg,fried,low,high,room,26.7,closed,22.3,0.0
roti,veg,bread,low,low,room,30.5,open,25.8,0.0
curd,dairy,liquid,high,low,fridge,2.8,open,47.9,0.0
milk,dairy,liquid,high,low,fridge,4.1,open,17.1,17.84
idli,veg,breakfast,medium,low,fridge,3.2,open,13.7,22.75
paratha,veg,bread,low,high,room,34.3,open,9.5,6.69
dosa,veg,breakfast,medium,low,room,31.7,open,3.5,5.25
dosa,veg,breakfast,medium,low,fridge,2.4,open,46.1,0.0
jeera_rice,veg,rice,medium,low,fridge,6.5,closed,10.9,25.75
paneer_butter_masala,dairy,curry,high,medium,fridge,3.0,open,11.7,12.96
idli,veg,breakfast,medium,low,room,25.8,closed,24.7,0.0
milk,dairy,liquid,high,low,fridge,4.1,closed,44.0,8.2
chicken_biryani,nonveg,rice,medium,medium,fridge,4.0,open,42.1,0.0
veg_pulao,veg,rice,medium,medium,room,34.1,closed,16.7,0.0
dal_tadka,veg,curry,high,low,fridge,2.6,open,2.8,35.44
samosa,veg,fried,low,high,room,26.8,open,39.6,0.0
paneer_butter_masala,dairy,curry,high,medium,fridge,5.3,closed,11.0,24.35
pakora,veg,fried,low,high,fridge,7.8,open,15.8,12.94
gulab_jamun,dairy,sweet,high,medium,fridge,7.1,open,1.7,52.91
chicken_biryani,nonveg,rice,medium,medium,room,33.3,open,9.6,0.0
halwa,veg,sweet,medium,high,room,27.3,open,1.3,28.31
plain_rice,veg,rice,medium,low,room,35.2,open,21.7,0.0
chicken_curry,nonveg,curry,high,medium,room,34.6,closed,7.7,0.35
dal_tadka,veg,curry,high,low,room,28.8,closed,37.9,0.0
chicken_curry,nonveg,curry,high,medium,fridge,3.1,closed,8.9,17.71
dosa,veg,breakfast,medium,low,room,28.2,open,11.8,0.0
naan,veg,bread,low,medium,room,29.7,closed,36.2,0.0
milk,dairy,liquid,high,low,room,28.0,open,3.0,2.49
pakora,veg,fried,low,high,fridge,2.8,open,35.9,0.0
halwa,veg,sweet,medium,high,fridge,6.4,closed,26.5,60.98
paratha,veg,bread,low,high,room,26.8,open,30.0,0.0
dosa,veg,breakfast,medium,low,room,26.5,open,43.3,0.0
fish_curry,nonveg,curry,high,low,room,30.6,closed,34.3,0.0
samosa,veg,fried,low,high,fridge,6.6,open,34.7,9.44
dosa,veg,breakfast,medium,low,fridge,6.3,closed,36.0,0.0
plain_rice,veg,rice,medium,low,fridge,3.3,closed,22.8,14.42
jeera_rice,veg,rice,medium,low,room,25.4,open,39.8,0.0
plain_rice,veg,rice,medium,low,room,30.4,closed,7.3,3.86
dosa,veg,breakfast,medium,low,fridge,6.7,closed,37.3,0.0
paratha,veg,bread,low,high,room,37.0,closed,0.9,14.01
fish_curry,nonveg,curry,high,low,fridge,3.2,open,13.9,7.87
dal_tadka,veg,curry,high,low,room,27.3,open,14.0,0.0
roti,veg,bread,low,low,room,24.9,open,37.2,0.0
chicken_curry,nonveg,curry,high,medium,fridge,4.6,open,15.8,10.29
paneer_butter_masala,dairy,curry,high,medium,room,37.4,closed,43.6,0.0
pakora,veg,fried,low,high,room,27.5,open,4.8,7.38
chicken_curry,nonveg,curry,high,medium,room,27.0,closed,10.4,0.0
naan,veg,bread,low,medium,room,28.0,open,24.9,0.0
dosa,veg,breakfast,medium,low,fridge,7.4,open,5.4,23.85
curd,dairy,liquid,high,low,fridge,2.8,closed,15.4,34.47
samosa,veg,fried,low,high,room,35.0,closed,0.4,12.99
plain_rice,veg,rice,medium,low,fridge,2.2,closed,19.9,22.59
curd,dairy,liquid,high,low,fridge,5.1,closed,14.7,44.61
samosa,veg,fried,low,high,room,30.6,open,29.9,0.0
samosa,veg,fried,low,high,room,26.9,open,16.1,3.58
idli,veg,breakfast,medium,low,room,27.1,closed,14.5,0.86
jeera_rice,veg,rice,medium,low,room,28.2,open,2.5,10.16
plain_rice,veg,rice,medium,low,room,24.1,open,5.0,7.91
naan,veg,bread,low,medium,fridge,4.2,open,0.5,41.53
paratha,veg,bread,low,high,room,32.4,closed,7.6,13.64
naan,veg,bread,low,medium,room,30.7,closed,1.9,10.74
idli,veg,breakfast,medium,low,room,24.4,closed,33.9,0.0
jeera_rice,veg,rice,medium,low,room,32.8,open,20.0,0.0
idli,veg,breakfast,medium,low,room,33.4,closed,32.7,0.0
milk,dairy,liquid,high,low,room,37.0,closed,26.4,0.0
dosa,veg,breakfast,medium,low,room,36.1,open,22.4,0.0
plain_rice,veg,rice,medium,low,fridge,4.4,open,41.2,0.0
pakora,veg,fried,low,high,fridge,5.2,closed,4.6,42.11
pakora,veg,fried,low,high,fridge,6.1,closed,45.2,0.0
idli,veg,breakfast,medium,low,room,24.6,closed,40.0,0.0
chicken_curry,nonveg,curry,high,medium,fridge,4.0,closed,14.3,8.46
dosa,veg,breakfast,medium,low,fridge,6.7,closed,11.6,25.26
chicken_curry,nonveg,curry,high,medium,fridge,4.6,open,3.0,18.96
dosa,veg,breakfast,medium,low,room,34.8,open,47.5,0.0
gulab_jamun,dairy,sweet,high,medium,room,26.3,closed,37.5,0.0
jeera_rice,veg,rice,medium,low,room,32.7,closed,30.9,0.0
milk,dairy,liquid,high,low,room,24.9,open,30.6,0.0
gulab_jamun,dairy,sweet,high,medium,room,35.4,closed,24.9,0.0
roti,veg,bread,low,low,fridge,6.6,open,21.1,33.03
jeera_rice,veg,rice,medium,low,fridge,3.7,open,7.4,20.75
plain_rice,veg,rice,medium,low,fridge,4.7,closed,46.0,0.0
paratha,veg,bread,low,high,fridge,2.2,open,43.8,23.04
fish_curry,nonveg,curry,high,low,room,35.0,open,7.2,0.0
dosa,veg,breakfast,medium,low,room,24.4,open,6.6,0.72
fish_curry,nonveg,curry,high,low,fridge,4.0,closed,37.3,0.0
fish_curry,nonveg,curry,high,low,fridge,6.0,closed,35.8,0.0
naan,veg,bread,low,medium,room,29.7,closed,39.8,0.0
idli,veg,breakfast,medium,low,fridge,3.6,open,23.4,2.45
dosa,veg,breakfast,medium,low,room,30.7,open,35.6,0.0
curd,dairy,liquid,high,low,fridge,7.8,open,42.2,0.0
jeera_rice,veg,rice,medium,low,room,36.3,closed,28.1,0.0
dosa,veg,breakfast,medium,low,room,37.7,closed,4.3,2.39
jeera_rice,veg,rice,medium,low,fridge,7.3,open,36.1,2.13
gulab_jamun,dairy,sweet,high,medium,room,25.8,closed,35.3,0.0
paratha,veg,bread,low,high,room,24.9,open,27.7,0.0
dal_tadka,veg,curry,high,low,fridge,5.5,open,24.6,14.01
dosa,veg,breakfast,medium,low,room,25.9,open,36.7,0.0
fish_curry,nonveg,curry,high,low,room,26.7,closed,36.6,0.0
halwa,veg,sweet,medium,high,room,25.3,open,34.0,0.0
chicken_biryani,nonveg,rice,medium,medium,fridge,3.0,closed,0.5,40.6
naan,veg,bread,low,medium,fridge,2.8,open,20.7,32.64
fish_curry,nonveg,curry,high,low,fridge,5.5,closed,34.8,0.0
samosa,veg,fried,low,high,room,35.8,open,5.2,5.51
idli,veg,breakfast,medium,low,room,24.8,open,41.8,0.0
halwa,veg,sweet,medium,high,room,28.3,open,15.5,15.22
gulab_jamun,dairy,sweet,high,medium,room,32.5,closed,39.8,0.0
idli,veg,breakfast,medium,low,fridge,4.4,open,1.4,29.31
dosa,veg,breakfast,medium,low,fridge,6.6,closed,18.5,8.05
jeera_rice,veg,rice,medium,low,room,29.3,open,28.1,0.0
gulab_jamun,dairy,sweet,high,medium,fridge,2.6,closed,14.7,48.58
curd,dairy,liquid,high,low,room,26.4,open,20.2,0.0
gulab_jamun,dairy,sweet,high,medium,fridge,3.2,closed,13.0,72.86
chicken_curry,nonveg,curry,high,medium,room,31.8,closed,26.4,0.0
veg_pulao,veg,rice,medium,medium,room,30.9,closed,8.1,3.46
pakora,veg,fried,low,high,room,25.7,open,40.6,0.0
plain_rice,veg,rice,medium,low,fridge,7.8,open,21.3,12.78
halwa,veg,sweet,medium,high,fridge,4.0,closed,0.9,53.77
roti,veg,bread,low,low,room,31.4,open,7.2,11.66
dal_tadka,veg,curry,high,low,fridge,3.0,closed,32.4,8.77
paneer_butter_masala,dairy,curry,high,medium,fridge,3.1,open,38.3,0.0
pakora,veg,fried,low,high,room,33.4,open,5.9,4.93
dosa,veg,breakfast,medium,low,room,25.8,open,13.7,0.0
curd,dairy,liquid,high,low,fridge,8.0,closed,41.4,27.37
fish_curry,nonveg,curry,high,low,fridge,6.9,open,25.6,0.0
plain_rice,veg,rice,medium,low,fridge,3.1,closed,30.9,3.0
curd,dairy,liquid,high,low,fridge,7.1,closed,38.1,30.4
plain_rice,veg,rice,medium,low,fridge,2.9,closed,36.6,2.1
pakora,veg,fried,low,high,room,29.7,closed,28.5,0.0
plain_rice,veg,rice,medium,low,fridge,6.9,closed,28.0,6.36
gulab_jamun,dairy,sweet,high,medium,room,30.3,open,30.0,0.0
plain_rice,veg,rice,medium,low,room,36.7,open,29.3,0.0
chicken_curry,nonveg,curry,high,medium,room,32.8,closed,21.7,0.0
jeera_rice,veg,rice,medium,low,room,27.1,open,35.6,0.0
samosa,veg,fried,low,high,room,31.9,closed,21.4,0.0
jeera_rice,veg,rice,medium,low,room,36.6,closed,45.5,0.0
idli,veg,breakfast,medium,low,fridge,2.9,open,42.0,0.0
naan,veg,bread,low,medium,fridge,5.8,closed,19.0,28.38
naan,veg,bread,low,medium,fridge,4.5,closed,2.5,46.94
halwa,veg,sweet,medium,high,fridge,4.6,closed,33.3,21.79
plain_rice,veg,rice,medium,low,fridge,3.9,closed,11.0,30.6
roti,veg,bread,low,low,fridge,3.2,closed,18.8,43.02
paneer_butter_masala,dairy,curry,high,medium,fridge,5.3,open,4.9,23.27
dal_tadka,veg,curry,high,low,room,34.2,closed,43.0,0.0
pakora,veg,fried,low,high,room,24.2,open,12.0,4.56
naan,veg,bread,low,medium,room,33.3,closed,36.5,0.0
dal_tadka,veg,curry,high,low,room,36.3,closed,8.9,0.09
dal_tadka,veg,curry,high,low,room,36.2,closed,44.9,0.0
roti,veg,bread,low,low,room,26.5,closed,45.6,0.0
naan,veg,bread,low,medium,room,33.7,closed,43.1,0.0
paneer_butter_masala,dairy,curry,high,medium,fridge,7.4,open,21.8,4.79
paneer_butter_masala,dairy,curry,high,medium,fridge,4.3,open,17.2,14.72
chicken_curry,nonveg,curry,high,medium,room,32.8,closed,22.7,0.0
plain_rice,veg,rice,medium,low,fridge,5.0,open,0.7,29.49
halwa,veg,sweet,medium,high,room,30.8,open,7.1,15.15
milk,dairy,liquid,high,low,room,33.8,closed,16.8,0.0
chicken_curry,nonveg,curry,high,medium,room,28.6,closed,47.7,0.0
naan,veg,bread,low,medium,fridge,4.5,open,10.3,41.98
pakora,veg,fried,low,high,room,27.8,closed,41.3,0.0
dosa,veg,breakfast,medium,low,room,27.0,open,30.6,0.0
fish_curry,nonveg,curry,high,low,room,30.7,closed,14.4,0.0
roti,veg,bread,low,low,fridge,3.7,open,2.7,37.85
paratha,veg,bread,low,high,fridge,5.8,closed,30.4,34.2
milk,dairy,liquid,high,low,room,35.4,closed,41.3,0.0
dal_tadka,veg,curry,high,low,fridge,3.5,closed,12.5,36.31
samosa,veg,fried,low,high,fridge,5.6,open,0.3,36.94
idli,veg,breakfast,medium,low,room,34.8,closed,44.2,0.0
chicken_curry,nonveg,curry,high,medium,room,35.3,closed,34.1,0.0
curd,dairy,liquid,high,low,room,25.8,open,31.6,0.0
roti,veg,bread,low,low,room,28.4,open,3.7,14.13
samosa,veg,fried,low,high,room,24.9,open,13.6,0.95
milk,dairy,liquid,high,low,fridge,3.7,open,16.9,29.69
fish_curry,nonveg,curry,high,low,room,34.5,open,47.9,0.0
pakora,veg,fried,low,high,room,25.7,closed,47.3,0.0
chicken_curry,nonveg,curry,high,medium,fridge,7.5,closed,13.5,12.69
pakora,veg,fried,low,high,fridge,3.7,open,27.7,1.61
chicken_curry,nonveg,curry,high,medium,room,36.8,open,36.9,0.0
chicken_curry,nonveg,curry,high,medium,room,35.5,closed,34.6,0.0
idli,veg,breakfast,medium,low,room,26.5,closed,12.9,4.16
curd,dairy,liquid,high,low,fridge,4.7,closed,9.1,44.53
jeera_rice,veg,rice,medium,low,room,36.3,open,32.6,0.0
dosa,veg,breakfast,medium,low,fridge,7.1,closed,12.7,12.53
veg_pulao,veg,rice,medium,medium,fridge,6.9,closed,34.8,5.66
gulab_jamun,dairy,sweet,high,medium,fridge,7.7,open,45.3,9.34
jeera_rice,veg,rice,medium,low,fridge,5.7,open,17.6,8.38
dosa,veg,breakfast,medium,low,fridge,5.7,closed,17.5,10.83
idli,veg,breakfast,medium,low,fridge,2.1,open,43.3,0.0
paratha,veg,bread,low,high,fridge,3.2,open,11.4,52.63
halwa,veg,sweet,medium,high,fridge,4.1,open,38.5,20.41
naan,veg,bread,low,medium,fridge,3.5,closed,6.2,33.18
pakora,veg,fried,low,high,room,36.0,open,48.0,0.0
chicken_biryani,nonveg,rice,medium,medium,fridge,4.2,closed,27.6,2.35
fish_curry,nonveg,curry,high,low,fridge,3.8,closed,37.6,0.0
gulab_jamun,dairy,sweet,high,medium,fridge,7.6,closed,26.7,60.75
paneer_butter_masala,dairy,curry,high,medium,fridge,7.8,open,33.2,0.0
samosa,veg,fried,low,high,room,24.4,open,22.6,0.0
chicken_curry,nonveg,curry,high,medium,room,33.3,open,8.8,0.24
gulab_jamun,dairy,sweet,high,medium,fridge,2.8,closed,21.8,38.82
chicken_biryani,nonveg,rice,medium,medium,room,24.4,closed,16.6,0.0
naan,veg,bread,low,medium,fridge,4.6,open,38.5,14.0
pakora,veg,fried,low,high,room,31.0,closed,19.9,0.0
paneer_butter_masala,dairy,curry,high,medium,fridge,2.4,open,13.0,16.54
naan,veg,bread,low,medium,fridge,7.1,closed,10.0,45.93
dosa,veg,breakfast,medium,low,room,37.8,open,24.6,0.0
veg_pulao,veg,rice,medium,medium,room,34.8,open,3.6,4.93
roti,veg,bread,low,low,room,31.0,open,12.3,2.9
dosa,veg,breakfast,medium,low,fridge,6.6,closed,45.2,0.0
pakora,veg,fried,low,high,fridge,2.7,open,5.1,24.4
samosa,veg,fried,low,high,room,27.5,closed,2.9,14.6
samosa,veg,fried,low,high,fridge,3.2,open,38.3,6.43
plain_rice,veg,rice,medium,low,fridge,2.8,open,32.3,0.0
idli,veg,breakfast,medium,low,room,37.8,closed,19.7,0.0
paratha,veg,bread,low,high,fridge,6.6,closed,32.1,24.47
samosa,veg,fried,low,high,fridge,7.1,closed,27.4,16.77
dal_tadka,veg,curry,high,low,fridge,2.5,open,2.5,24.46
dosa,veg,breakfast,medium,low,room,35.6,closed,34.3,0.0
plain_rice,veg,rice,medium,low,room,37.6,closed,21.7,0.0
chicken_curry,nonveg,curry,high,medium,room,30.8,closed,11.0,0.0
gulab_jamun,dairy,sweet,high,medium,room,35.2,closed,16.3,0.0
paneer_butter_masala,dairy,curry,high,medium,room,32.4,closed,35.1,0.0
halwa,veg,sweet,medium,high,fridge,2.6,open,3.6,47.26
naan,veg,bread,low,medium,room,25.8,open,35.2,0.0
dosa,veg,breakfast,medium,low,room,37.0,open,3.0,3.23
curd,dairy,liquid,high,low,fridge,7.6,closed,4.1,46.97
paneer_butter_masala,dairy,curry,high,medium,room,25.8,closed,41.8,0.0
idli,veg,breakfast,medium,low,room,31.3,closed,12.1,2.45
samosa,veg,fried,low,high,room,36.8,closed,17.4,0.0
milk,dairy,liquid,high,low,room,26.5,closed,18.5,0.0
samosa,veg,fried,low,high,fridge,5.6,closed,27.4,20.88
curd,dairy,liquid,high,low,fridge,8.0,open,8.6,54.19
dal_tadka,veg,curry,high,low,fridge,6.5,closed,35.3,1.25
dosa,veg,breakfast,medium,low,fridge,4.7,closed,9.5,21.43
halwa,veg,sweet,medium,high,room,28.9,open,16.9,5.07
chicken_curry,nonveg,curry,high,medium,room,26.6,open,0.4,8.05
paratha,veg,bread,low,high,room,24.5,open,42.7,0.0
idli,veg,breakfast,medium,low,fridge,4.0,closed,41.8,7.35
pakora,veg,fried,low,high,room,37.4,closed,22.8,0.0
dal_tadka,veg,curry,high,low,room,24.4,open,15.0,0.0
paneer_butter_masala,dairy,curry,high,medium,fridge,6.1,open,7.3,16.56
idli,veg,breakfast,medium,low,fridge,3.7,open,23.5,17.81
paneer_butter_masala,dairy,curry,high,medium,room,27.2,closed,24.8,0.0
dal_tadka,veg,curry,high,low,fridge,6.0,open,26.3,9.5
chicken_biryani,nonveg,rice,medium,medium,room,26.8,open,33.9,0.0
naan,veg,bread,low,medium,room,29.4,open,41.3,0.0
chicken_curry,nonveg,curry,high,medium,fridge,5.5,closed,37.1,0.0
paratha,veg,bread,low,high,fridge,4.1,closed,24.5,33.09
veg_pulao,veg,rice,medium,medium,room,35.3,closed,45.9,0.0
naan,veg,bread,low,medium,room,29.5,open,15.8,2.5
veg_pulao,veg,rice,medium,medium,room,34.8,closed,36.2,0.0
dosa,veg,breakfast,medium,low,fridge,5.6,closed,2.2,37.48
curd,dairy,liquid,high,low,fridge,4.8,open,28.2,25.31
chicken_biryani,nonveg,rice,medium,medium,room,26.4,open,29.1,0.0
pakora,veg,fried,low,high,room,27.0,closed,1.9,13.42
fish_curry,nonveg,curry,high,low,room,26.9,open,19.2,0.0
roti,veg,bread,low,low,fridge,5.2,closed,0.3,54.21
paratha,veg,bread,low,high,fridge,6.9,open,13.9,35.79
pakora,veg,fried,low,high,room,25.8,closed,7.0,9.3
paneer_butter_masala,dairy,curry,high,medium,fridge,3.3,closed,13.9,11.81
gulab_jamun,dairy,sweet,high,medium,fridge,6.4,open,47.3,4.59
idli,veg,breakfast,medium,low,room,37.2,closed,34.4,0.0
milk,dairy,liquid,high,low,fridge,4.7,closed,27.9,31.05
chicken_curry,nonveg,curry,high,medium,fridge,4.5,open,21.3,5.04
paneer_butter_masala,dairy,curry,high,medium,room,27.2,closed,8.8,0.0
pakora,veg,fried,low,high,fridge,3.1,open,12.3,27.56
paneer_butter_masala,dairy,curry,high,medium,room,28.7,open,38.8,0.0
chicken_biryani,nonveg,rice,medium,medium,fridge,3.0,open,46.7,0.0
milk,dairy,liquid,high,low,room,29.6,closed,4.3,4.18
paneer_butter_masala,dairy,curry,high,medium,room,28.2,closed,45.7,0.0
idli,veg,breakfast,medium,low,fridge,2.3,open,0.7,40.38
milk,dairy,liquid,high,low,fridge,3.5,open,25.3,19.04
fish_curry,nonveg,curry,high,low,fridge,3.7,open,8.8,15.91
milk,dairy,liquid,high,low,room,27.0,open,27.7,0.0
milk,dairy,liquid,high,low,fridge,3.6,closed,2.3,44.01
chicken_curry,nonveg,curry,high,medium,fridge,6.4,open,30.2,0.0
dosa,veg,breakfast,medium,low,fridge,2.6,closed,3.3,33.76
plain_rice,veg,rice,medium,low,room,32.0,closed,27.4,0.0
samosa,veg,fried,low,high,room,31.4,closed,18.9,0.0
veg_pulao,veg,rice,medium,medium,fridge,3.3,closed,14.5,18.41
naan,veg,bread,low,medium,room,24.2,closed,16.7,2.48
idli,veg,breakfast,medium,low,room,25.5,open,7.0,4.53
dosa,veg,breakfast,medium,low,room,34.9,open,19.6,0.0
veg_pulao,veg,rice,medium,medium,fridge,2.5,open,39.7,0.0
halwa,veg,sweet,medium,high,room,25.1,closed,12.3,10.95
chicken_curry,nonveg,curry,high,medium,fridge,7.9,closed,1.8,33.94
milk,dairy,liquid,high,low,fridge,4.3,open,20.4,17.22
samosa,veg,fried,low,high,fridge,2.9,closed,35.8,1.64
paneer_butter_masala,dairy,curry,high,medium,fridge,3.5,closed,11.3,14.49
chicken_curry,nonveg,curry,high,medium,room,35.4,closed,12.4,0.0
jeera_rice,veg,rice,medium,low,room,33.1,closed,21.8,0.0
roti,veg,bread,low,low,room,33.2,open,46.9,0.0
paneer_butter_masala,dairy,curry,high,medium,room,26.1,closed,34.5,0.0
naan,veg,bread,low,medium,room,24.7,closed,41.0,0.0
fish_curry,nonveg,curry,high,low,room,37.1,open,28.9,0.0
jeera_rice,veg,rice,medium,low,fridge,6.4,open,45.9,0.0
roti,veg,bread,low,low,fridge,4.0,open,8.0,50.83
roti,veg,bread,low,low,fridge,5.1,closed,22.0,36.57
chicken_curry,nonveg,curry,high,medium,fridge,4.0,closed,46.0,0.0
gulab_jamun,dairy,sweet,high,medium,fridge,2.3,closed,9.8,52.26
samosa,veg,fried,low,high,fridge,6.2,open,42.5,0.0
naan,veg,bread,low,medium,room,34.5,closed,2.8,16.92
veg_pulao,veg,rice,medium,medium,room,27.8,open,32.2,0.0
idli,veg,breakfast,medium,low,room,31.2,closed,21.2,0.0
dosa,veg,breakfast,medium,low,room,26.5,closed,18.8,0.0
plain_rice,veg,rice,medium,low,room,31.5,closed,35.1,0.0
halwa,veg,sweet,medium,high,fridge,2.5,open,18.4,48.05
roti,veg,bread,low,low,fridge,5.0,closed,25.8,24.51
plain_rice,veg,rice,medium,low,room,25.3,open,3.9,10.14
dal_tadka,veg,curry,high,low,fridge,7.6,closed,12.9,29.52
gulab_jamun,dairy,sweet,high,medium,fridge,2.9,open,34.4,17.37
paneer_butter_masala,dairy,curry,high,medium,fridge,4.8,open,0.7,24.84
roti,veg,bread,low,low,fridge,7.5,open,40.7,11.47
paneer_butter_masala,dairy,curry,high,medium,room,35.1,closed,30.6,0.0
dosa,veg,breakfast,medium,low,fridge,4.8,open,3.9,31.48
fish_curry,nonveg,curry,high,low,fridge,4.8,closed,9.7,11.11
dosa,veg,breakfast,medium,low,fridge,7.6,closed,44.2,0.0
pakora,veg,fried,low,high,fridge,6.5,closed,23.6,20.04
dal_tadka,veg,curry,high,low,fridge,6.3,open,19.8,16.72
naan,veg,bread,low,medium,fridge,3.8,closed,20.7,40.9
paneer_butter_masala,dairy,curry,high,medium,fridge,6.2,open,13.7,14.89
chicken_curry,nonveg,curry,high,medium,fridge,2.7,closed,39.0,0.0
roti,veg,bread,low,low,room,31.9,closed,47.8,0.0
chicken_curry,nonveg,curry,high,medium,room,24.2,closed,25.3,0.0
idli,veg,breakfast,medium,low,fridge,6.9,open,5.4,22.88
paratha,veg,bread,low,high,room,37.9,closed,43.3,0.0
paneer_butter_masala,dairy,curry,high,medium,room,32.0,open,10.7,0.0
idli,veg,breakfast,medium,low,room,30.3,open,44.1,0.0
jeera_rice,veg,rice,medium,low,room,25.1,open,34.1,0.0
paneer_butter_masala,dairy,curry,high,medium,room,31.9,closed,26.9,0.0
samosa,veg,fried,low,high,room,25.1,closed,36.7,0.0
veg_pulao,veg,rice,medium,medium,fridge,7.9,open,5.3,28.2
plain_rice,veg,rice,medium,low,room,25.4,open,10.9,0.0
dal_tadka,veg,curry,high,low,room,24.5,open,24.8,0.0
jeera_rice,veg,rice,medium,low,room,28.6,open,17.0,0.0
dosa,veg,breakfast,medium,low,fridge,4.3,closed,27.1,0.0
paneer_butter_masala,dairy,curry,high,medium,fridge,7.4,closed,11.3,16.15
halwa,veg,sweet,medium,high,fridge,3.0,open,45.8,29.66
roti,veg,bread,low,low,fridge,5.4,closed,1.7,69.65
dal_tadka,veg,curry,high,low,room,30.2,open,25.1,0.0
paratha,veg,bread,low,high,room,25.1,open,33.8,0.0
dosa,veg,breakfast,medium,low,room,30.6,closed,9.8,0.0
plain_rice,veg,rice,medium,low,room,33.7,closed,28.9,0.0
paneer_butter_masala,dairy,curry,high,medium,fridge,2.2,closed,43.2,0.0
dosa,veg,breakfast,medium,low,fridge,4.8,open,28.0,5.67
roti,veg,bread,low,low,fridge,7.9,closed,25.1,26.87
roti,veg,bread,low,low,fridge,7.6,closed,6.6,37.02
fish_curry,nonveg,curry,high,low,room,28.3,open,41.0,0.0
paratha,veg,bread,low,high,room,25.7,open,36.2,0.0
jeera_rice,veg,rice,medium,low,room,37.6,open,11.0,0.0
fish_curry,nonveg,curry,high,low,room,26.9,open,5.9,0.14
chicken_biryani,nonveg,rice,medium,medium,fridge,3.3,open,2.6,30.87
veg_pulao,veg,rice,medium,medium,room,30.3,closed,31.4,0.0
chicken_biryani,nonveg,rice,medium,medium,room,36.1,closed,43.0,0.0
roti,veg,bread,low,low,room,28.8,closed,32.1,0.0
paneer_butter_masala,dairy,curry,high,medium,room,31.3,closed,2.8,3.88
plain_rice,veg,rice,medium,low,room,37.8,open,8.9,0.0
plain_rice,veg,rice,medium,low,fridge,3.1,closed,31.0,18.48
chicken_curry,nonveg,curry,high,medium,fridge,7.8,closed,38.6,0.0
paratha,veg,bread,low,high,room,27.3,closed,11.2,21.05
chicken_curry,nonveg,curry,high,medium,fridge,2.8,closed,4.6,30.31
paneer_butter_masala,dairy,curry,high,medium,room,35.1,closed,19.0,0.0
plain_rice,veg,rice,medium,low,fridge,4.6,closed,47.1,0.0
idli,veg,breakfast,medium,low,room,31.9,open,43.3,0.0
chicken_biryani,nonveg,rice,medium,medium,room,37.8,closed,26.0,0.0
naan,veg,bread,low,medium,room,37.2,open,2.3,11.04
curd,dairy,liquid,high,low,room,27.4,closed,43.0,0.0
milk,dairy,liquid,high,low,room,34.4,open,41.1,0.0
paratha,veg,bread,low,high,room,29.4,closed,5.3,15.99
roti,veg,bread,low,low,fridge,5.7,closed,22.0,31.57
veg_pulao,veg,rice,medium,medium,room,36.1,open,11.8,0.0
dal_tadka,veg,curry,high,low,fridge,4.4,open,21.6,5.11
chicken_curry,nonveg,curry,high,medium,fridge,3.9,open,8.6,15.85
curd,dairy,liquid,high,low,fridge,3.7,open,6.2,49.63
idli,veg,breakfast,medium,low,room,34.9,open,0.0,13.48
paratha,veg,bread,low,high,fridge,2.0,open,22.8,35.98
milk,dairy,liquid,high,low,fridge,7.2,open,26.1,14.0
idli,veg,breakfast,medium,low,room,37.6,open,43.3,0.0
curd,dairy,liquid,high,low,room,30.5,open,21.8,0.0
paneer_butter_masala,dairy,curry,high,medium,fridge,3.2,open,27.9,0.0
halwa,veg,sweet,medium,high,fridge,4.1,open,17.7,41.54
chicken_curry,nonveg,curry,high,medium,room,35.5,open,14.3,0.0
dosa,veg,breakfast,medium,low,room,35.3,open,15.9,0.0
samosa,veg,fried,low,high,room,29.1,open,18.9,3.25
dal_tadka,veg,curry,high,low,room,35.2,open,12.8,0.0
dal_tadka,veg,curry,high,low,room,35.5,open,10.2,0.0
naan,veg,bread,low,medium,fridge,2.4,open,14.2,19.17
naan,veg,bread,low,medium,room,34.2,open,12.4,0.08
chicken_biryani,nonveg,rice,medium,medium,fridge,3.5,open,29.1,3.74
idli,veg,breakfast,medium,low,fridge,3.4,open,33.0,6.93
fish_curry,nonveg,curry,high,low,fridge,4.2,closed,12.6,14.09
naan,veg,bread,low,medium,room,24.9,open,41.7,0.0
chicken_curry,nonveg,curry,high,medium,room,33.2,open,36.7,0.0
plain_rice,veg,rice,medium,low,room,37.1,open,10.0,0.14
gulab_jamun,dairy,sweet,high,medium,fridge,6.4,open,9.9,54.41
roti,veg,bread,low,low,fridge,6.3,closed,27.8,32.35
fish_curry,nonveg,curry,high,low,fridge,6.0,open,13.4,5.61
veg_pulao,veg,rice,medium,medium,fridge,5.8,closed,16.7,18.72
plain_rice,veg,rice,medium,low,room,31.0,open,40.6,0.0
chicken_curry,nonveg,curry,high,medium,fridge,4.7,open,1.6,19.56
dosa,veg,breakfast,medium,low,room,37.4,open,27.0,0.0
chicken_curry,nonveg,curry,high,medium,fridge,4.0,closed,25.8,1.9
plain_rice,veg,rice,medium,low,room,30.4,closed,17.1,0.0
fish_curry,nonveg,curry,high,low,room,33.9,closed,16.3,0.0
naan,veg,bread,low,medium,room,26.2,open,15.6,0.65
roti,veg,bread,low,low,room,37.2,open,22.6,0.0
samosa,veg,fried,low,high,fridge,2.3,open,47.5,0.0
veg_pulao,veg,rice,medium,medium,room,25.9,open,29.7,0.0
chicken_biryani,nonveg,rice,medium,medium,room,27.4,closed,33.2,0.0
jeera_rice,veg,rice,medium,low,fridge,7.3,open,22.0,6.38
curd,dairy,liquid,high,low,fridge,2.2,open,35.6,16.25
veg_pulao,veg,rice,medium,medium,fridge,6.6,open,1.9,19.52
roti,veg,bread,low,low,fridge,2.9,open,28.1,11.58
jeera_rice,veg,rice,medium,low,room,24.9,open,48.0,0.0
roti,veg,bread,low,low,room,33.9,open,4.4,12.99
naan,veg,bread,low,medium,room,27.8,closed,46.6,0.0
pakora,veg,fried,low,high,room,37.1,open,19.0,0.0
plain_rice,veg,rice,medium,low,room,37.3,open,43.0,0.0
curd,dairy,liquid,high,low,room,25.4,closed,43.0,0.0
naan,veg,bread,low,medium,room,30.4,open,12.0,0.0
dosa,veg,breakfast,medium,low,room,25.8,closed,34.1,0.0
naan,veg,bread,low,medium,room,24.8,closed,24.7,0.0
paratha,veg,bread,low,high,fridge,7.9,closed,4.8,56.71
samosa,veg,fried,low,high,room,31.8,closed,17.7,0.0
milk,dairy,liquid,high,low,room,31.2,open,30.2,0.0
dal_tadka,veg,curry,high,low,fridge,6.6,open,28.1,0.0
halwa,veg,sweet,medium,high,fridge,4.0,closed,28.5,34.39
milk,dairy,liquid,high,low,room,28.8,open,44.6,0.0
gulab_jamun,dairy,sweet,high,medium,fridge,6.1,closed,14.0,63.12
curd,dairy,liquid,high,low,room,36.8,closed,6.7,2.88
halwa,veg,sweet,medium,high,room,26.5,closed,27.1,1.97
chicken_curry,nonveg,curry,high,medium,room,27.9,closed,30.7,0.0
gulab_jamun,dairy,sweet,high,medium,fridge,5.3,open,18.7,50.26
milk,dairy,liquid,high,low,room,27.6,open,36.4,0.0
paneer_butter_masala,dairy,curry,high,medium,fridge,3.8,open,35.4,0.0
dal_tadka,veg,curry,high,low,fridge,3.7,closed,20.7,23.5
dosa,veg,breakfast,medium,low,fridge,4.6,closed,26.9,8.97
naan,veg,bread,low,medium,room,26.4,closed,23.5,0.0
dosa,veg,breakfast,medium,low,room,34.0,open,11.2,0.0
plain_rice,veg,rice,medium,low,fridge,5.5,open,26.2,2.51
pakora,veg,fried,low,high,fridge,7.6,open,20.7,12.68
paneer_butter_masala,dairy,curry,high,medium,fridge,7.8,closed,2.7,28.42
milk,dairy,liquid,high,low,room,29.1,open,8.3,0.0
dosa,veg,breakfast,medium,low,room,30.3,open,22.5,0.0
chicken_curry,nonveg,curry,high,medium,fridge,5.1,open,3.8,26.36
chicken_curry,nonveg,curry,high,medium,fridge,4.5,open,36.4,0.0
plain_rice,veg,rice,medium,low,room,37.8,open,13.8,0.0
curd,dairy,liquid,high,low,fridge,7.2,closed,13.6,52.2
gulab_jamun,dairy,sweet,high,medium,room,24.9,closed,14.9,7.56
roti,veg,bread,low,low,room,34.3,open,37.5,0.0
chicken_curry,nonveg,curry,high,medium,fridge,4.7,open,32.8,0.0
dosa,veg,breakfast,medium,low,fridge,4.7,closed,14.8,11.63
paratha,veg,bread,low,high,room,24.6,open,2.7,20.44
gulab_jamun,dairy,sweet,high,medium,fridge,5.1,closed,41.8,46.99
paneer_butter_masala,dairy,curry,high,medium,fridge,2.7,closed,28.2,4.08
roti,veg,bread,low,low,room,35.5,open,27.7,0.0
milk,dairy,liquid,high,low,fridge,5.0,open,11.0,31.3
naan,veg,bread,low,medium,room,37.0,closed,2.1,12.52
samosa,veg,fried,low,high,fridge,7.3,closed,16.4,34.98
chicken_biryani,nonveg,rice,medium,medium,fridge,2.2,closed,41.0,0.0
gulab_jamun,dairy,sweet,high,medium,fridge,7.7,closed,34.6,41.42
chicken_curry,nonveg,curry,high,medium,room,33.8,closed,15.3,0.0
fish_curry,nonveg,curry,high,low,fridge,3.5,open,34.2,0.0
milk,dairy,liquid,high,low,room,33.6,open,46.1,0.0
pakora,veg,fried,low,high,room,30.8,closed,41.7,0.0
paneer_butter_masala,dairy,curry,high,medium,room,27.7,open,22.7,0.0
dosa,veg,breakfast,medium,low,room,32.8,open,7.7,0.0
gulab_jamun,dairy,sweet,high,medium,room,34.3,closed,15.0,1.27
naan,veg,bread,low,medium,room,28.0,open,5.6,14.46
fish_curry,nonveg,curry,high,low,fridge,5.5,closed,39.6,0.0
veg_pulao,veg,rice,medium,medium,room,31.9,open,33.7,0.0
paratha,veg,bread,low,high,room,24.1,closed,1.9,21.47
veg_pulao,veg,rice,medium,medium,fridge,7.4,closed,21.4,12.94
curd,dairy,liquid,high,low,fridge,6.3,closed,46.1,22.76
pakora,veg,fried,low,high,fridge,4.0,closed,36.9,1.78
chicken_biryani,nonveg,rice,medium,medium,room,35.9,open,37.5,0.0
halwa,veg,sweet,medium,high,fridge,3.3,closed,9.3,74.71
halwa,veg,sweet,medium,high,room,25.7,closed,20.8,13.55
milk,dairy,liquid,high,low,room,36.2,open,3.2,2.5
gulab_jamun,dairy,sweet,high,medium,room,27.8,open,24.5,0.0
dal_tadka,veg,curry,high,low,room,25.8,open,30.7,0.0
dal_tadka,veg,curry,high,low,fridge,4.2,closed,39.7,0.0
fish_curry,nonveg,curry,high,low,fridge,2.4,open,29.9,0.0
curd,dairy,liquid,high,low,fridge,5.1,closed,12.9,59.49
halwa,veg,sweet,medium,high,room,37.2,closed,27.3,0.0
paratha,veg,bread,low,high,room,28.1,closed,40.0,0.0
dosa,veg,breakfast,medium,low,room,27.4,open,31.5,0.0
idli,veg,breakfast,medium,low,room,33.7,closed,31.9,0.0
gulab_jamun,dairy,sweet,high,medium,room,36.2,open,46.3,0.0
chicken_biryani,nonveg,rice,medium,medium,fridge,2.5,closed,39.1,0.0
curd,dairy,liquid,high,low,fridge,7.7,closed,43.0,28.09
halwa,veg,sweet,medium,high,room,30.6,open,3.6,18.05
samosa,veg,fried,low,high,fridge,7.7,open,15.7,16.49
paratha,veg,bread,low,high,room,30.6,open,0.3,18.45
paneer_butter_masala,dairy,curry,high,medium,fridge,7.5,closed,44.0,0.0
idli,veg,breakfast,medium,low,fridge,7.1,closed,8.1,35.11
chicken_curry,nonveg,curry,high,medium,room,26.9,closed,27.0,0.0
pakora,veg,fried,low,high,room,24.0,open,20.9,0.0
fish_curry,nonveg,curry,high,low,room,25.0,closed,23.2,0.0
naan,veg,bread,low,medium,room,25.2,closed,0.4,21.77
dal_tadka,veg,curry,high,low,fridge,5.7,closed,8.8,25.04
veg_pulao,veg,rice,medium,medium,room,25.6,closed,15.1,0.0
chicken_curry,nonveg,curry,high,medium,room,26.1,closed,44.3,0.0
pakora,veg,fried,low,high,fridge,7.3,closed,7.3,30.82
dosa,veg,breakfast,medium,low,fridge,7.0,open,11.5,19.45
veg_pulao,veg,rice,medium,medium,fridge,3.1,open,5.2,30.3
dal_tadka,veg,curry,high,low,fridge,3.6,closed,16.8,14.85
curd,dairy,liquid,high,low,room,33.5,open,12.6,0.0
paratha,veg,bread,low,high,fridge,3.3,closed,41.3,22.32
roti,veg,bread,low,low,room,25.7,closed,32.5,0.0
milk,dairy,liquid,high,low,room,37.8,open,14.6,0.0
idli,veg,breakfast,medium,low,fridge,7.4,open,21.1,20.26
roti,veg,bread,low,low,room,37.7,closed,7.7,6.48
roti,veg,bread,low,low,fridge,7.3,closed,40.6,3.46
roti,veg,bread,low,low,room,28.7,closed,29.4,0.0
roti,veg,bread,low,low,room,28.0,open,9.8,6.52
dal_tadka,veg,curry,high,low,fridge,6.9,open,8.6,32.03
paneer_butter_masala,dairy,curry,high,medium,room,35.8,open,44.2,0.0
curd,dairy,liquid,high,low,room,33.4,open,47.7,0.0
fish_curry,nonveg,curry,high,low,fridge,6.6,closed,30.6,0.0
gulab_jamun,dairy,sweet,high,medium,fridge,4.4,closed,9.9,75.6
roti,veg,bread,low,low,room,29.7,closed,4.8,21.01
gulab_jamun,dairy,sweet,high,medium,fridge,3.0,closed,7.9,60.96
paratha,veg,bread,low,high,fridge,4.3,closed,10.7,64.82
paratha,veg,bread,low,high,fridge,3.8,open,34.1,32.38
gulab_jamun,dairy,sweet,high,medium,fridge,6.8,closed,38.9,44.36
dal_tadka,veg,curry,high,low,fridge,7.2,open,32.0,0.0
curd,dairy,liquid,high,low,fridge,3.9,open,23.3,30.54
samosa,veg,fried,low,high,room,25.9,open,14.9,5.98
gulab_jamun,dairy,sweet,high,medium,fridge,3.3,open,35.8,17.55
dal_tadka,veg,curry,high,low,fridge,7.6,closed,12.9,21.38
dal_tadka,veg,curry,high,low,fridge,3.6,open,13.1,28.07
dal_tadka,veg,curry,high,low,fridge,5.0,closed,23.0,10.39
naan,veg,bread,low,medium,fridge,5.4,closed,25.0,21.43
paneer_butter_masala,dairy,curry,high,medium,room,32.4,closed,42.5,0.0
chicken_curry,nonveg,curry,high,medium,fridge,3.5,open,8.9,17.84
dal_tadka,veg,curry,high,low,room,36.8,open,5.6,5.29
pakora,veg,fried,low,high,room,30.4,open,18.4,0.0
chicken_biryani,nonveg,rice,medium,medium,fridge,5.9,open,19.0,7.23
idli,veg,breakfast,medium,low,room,26.3,open,28.2,0.0
jeera_rice,veg,rice,medium,low,room,26.4,open,38.4,0.0
veg_pulao,veg,rice,medium,medium,fridge,4.9,open,45.7,0.0
gulab_jamun,dairy,sweet,high,medium,fridge,4.2,closed,27.0,56.34
idli,veg,breakfast,medium,low,fridge,6.1,closed,23.2,23.36
dal_tadka,veg,curry,high,low,fridge,5.5,open,29.8,10.83
fish_curry,nonveg,curry,high,low,fridge,7.6,open,3.8,16.23
dosa,veg,breakfast,medium,low,fridge,2.2,open,11.2,12.42
chicken_biryani,nonveg,rice,medium,medium,room,29.8,closed,9.6,1.3
dal_tadka,veg,curry,high,low,room,26.2,open,5.1,6.21
roti,veg,bread,low,low,fridge,6.7,open,3.6,42.73
naan,veg,bread,low,medium,fridge,4.6,closed,44.0,4.67
pakora,veg,fried,low,high,room,32.1,open,12.8,0.0
paneer_butter_masala,dairy,curry,high,medium,fridge,7.1,open,41.0,0.0
pakora,veg,fried,low,high,room,28.0,open,1.2,9.49
chicken_curry,nonveg,curry,high,medium,fridge,4.5,closed,41.6,0.0
dal_tadka,veg,curry,high,low,room,31.9,open,44.0,0.0
halwa,veg,sweet,medium,high,room,34.7,open,43.7,0.0
fish_curry,nonveg,curry,high,low,room,31.4,open,15.0,0.0
jeera_rice,veg,rice,medium,low,room,30.1,open,42.8,0.0
milk,dairy,liquid,high,low,room,27.5,closed,43.8,0.0
dosa,veg,breakfast,medium,low,fridge,3.6,open,24.8,0.0
dal_tadka,veg,curry,high,low,room,33.4,open,13.3,0.0
fish_curry,nonveg,curry,high,low,room,30.7,closed,45.3,0.0
halwa,veg,sweet,medium,high,fridge,2.2,open,5.8,61.25
gulab_jamun,dairy,sweet,high,medium,room,31.5,open,42.1,0.0
idli,veg,breakfast,medium,low,room,28.1,closed,16.4,2.09
pakora,veg,fried,low,high,fridge,3.7,closed,40.7,7.04
naan,veg,bread,low,medium,room,24.0,open,27.1,0.0
fish_curry,nonveg,curry,high,low,fridge,3.0,open,33.2,0.0
fish_curry,nonveg,curry,high,low,fridge,5.5,open,18.8,2.22
dal_tadka,veg,curry,high,low,room,26.1,open,14.6,0.0
dal_tadka,veg,curry,high,low,room,33.3,closed,32.8,0.0
roti,veg,bread,low,low,room,37.8,closed,22.3,0.0
gulab_jamun,dairy,sweet,high,medium,fridge,5.1,closed,7.9,79.28
dal_tadka,veg,curry,high,low,fridge,3.8,closed,45.6,2.33
naan,veg,bread,low,medium,room,37.7,open,39.0,0.0
veg_pulao,veg,rice,medium,medium,room,36.7,closed,44.4,0.0
samosa,veg,fried,low,high,fridge,4.0,closed,38.6,10.89
pakora,veg,fried,low,high,fridge,3.7,open,45.2,0.0
chicken_biryani,nonveg,rice,medium,medium,fridge,6.6,open,10.9,12.8
jeera_rice,veg,rice,medium,low,room,27.1,closed,24.9,0.0
halwa,veg,sweet,medium,high,fridge,5.5,closed,16.2,58.67
naan,veg,bread,low,medium,room,36.1,closed,1.4,15.12
chicken_biryani,nonveg,rice,medium,medium,room,32.8,closed,26.8,0.0
paneer_butter_masala,dairy,curry,high,medium,room,34.2,open,22.9,0.0
chicken_curry,nonveg,curry,high,medium,fridge,6.8,closed,27.2,9.63
paneer_butter_masala,dairy,curry,high,medium,room,37.2,closed,29.7,0.0
idli,veg,breakfast,medium,low,room,31.6,closed,20.4,0.0
roti,veg,bread,low,low,room,29.1,open,23.4,0.0
curd,dairy,liquid,high,low,room,34.4,open,43.7,0.0
chicken_curry,nonveg,curry,high,medium,room,27.6,open,4.0,4.04
chicken_biryani,nonveg,rice,medium,medium,fridge,2.9,open,13.6,20.77
roti,veg,bread,low,low,fridge,7.6,closed,7.5,60.2
chicken_biryani,nonveg,rice,medium,medium,fridge,2.3,open,30.0,0.0
roti,veg,bread,low,low,fridge,3.1,closed,30.3,24.21
idli,veg,breakfast,medium,low,room,33.9,open,13.8,0.0
curd,dairy,liquid,high,low,room,30.2,closed,20.9,0.0
pakora,veg,fried,low,high,fridge,7.7,open,36.4,2.53
dosa,veg,breakfast,medium,low,room,29.4,closed,25.9,0.0
halwa,veg,sweet,medium,high,fridge,7.0,open,24.5,30.22
naan,veg,bread,low,medium,fridge,7.9,open,26.8,27.18
pakora,veg,fried,low,high,fridge,6.6,closed,44.2,0.0
jeera_rice,veg,rice,medium,low,fridge,2.1,closed,27.5,7.42
pakora,veg,fried,low,high,fridge,3.3,closed,17.3,23.25
dosa,veg,breakfast,medium,low,fridge,5.9,open,30.8,0.0
dosa,veg,breakfast,medium,low,room,36.5,open,38.6,0.0
milk,dairy,liquid,high,low,room,34.1,closed,46.3,0.0
curd,dairy,liquid,high,low,fridge,2.3,closed,22.8,24.62
roti,veg,bread,low,low,fridge,5.1,open,21.8,16.1
veg_pulao,veg,rice,medium,medium,fridge,5.1,closed,47.4,0.0
chicken_biryani,nonveg,rice,medium,medium,fridge,2.3,open,45.0,0.0
jeera_rice,veg,rice,medium,low,fridge,7.3,open,31.9,0.0
gulab_jamun,dairy,sweet,high,medium,room,32.8,open,32.2,0.0
jeera_rice,veg,rice,medium,low,room,26.5,open,3.0,6.59
paratha,veg,bread,low,high,fridge,2.6,closed,39.0,12.13
milk,dairy,liquid,high,low,room,33.7,closed,46.9,0.0
fish_curry,nonveg,curry,high,low,fridge,3.9,open,10.2,8.31
paratha,veg,bread,low,high,fridge,2.9,open,42.4,11.52
gulab_jamun,dairy,sweet,high,medium,room,33.0,closed,35.0,0.0
roti,veg,bread,low,low,fridge,6.9,closed,36.5,32.24
gulab_jamun,dairy,sweet,high,medium,fridge,3.0,closed,3.3,70.65
veg_pulao,veg,rice,medium,medium,fridge,4.1,closed,22.1,17.43
dosa,veg,breakfast,medium,low,room,32.9,open,23.1,0.0
curd,dairy,liquid,high,low,room,26.2,closed,2.2,10.26
dal_tadka,veg,curry,high,low,room,25.4,closed,3.4,8.6
dosa,veg,breakfast,medium,low,room,37.0,open,44.8,0.0
pakora,veg,fried,low,high,room,27.0,closed,6.5,9.18
curd,dairy,liquid,high,low,fridge,6.5,closed,40.0,13.86
dal_tadka,veg,curry,high,low,room,26.8,open,3.8,9.08
roti,veg,bread,low,low,room,34.0,closed,38.8,0.0
halwa,veg,sweet,medium,high,fridge,3.2,closed,6.7,79.74
naan,veg,bread,low,medium,room,27.1,closed,31.9,0.0
gulab_jamun,dairy,sweet,high,medium,room,31.8,open,25.8,0.0
idli,veg,breakfast,medium,low,room,35.4,closed,15.3,0.0
curd,dairy,liquid,high,low,fridge,5.2,open,11.0,43.04
plain_rice,veg,rice,medium,low,fridge,3.5,open,16.6,15.01
veg_pulao,veg,rice,medium,medium,room,31.5,closed,3.2,4.4
paneer_butter_masala,dairy,curry,high,medium,room,31.4,closed,5.6,4.07
samosa,veg,fried,low,high,fridge,7.4,open,37.8,3.76
plain_rice,veg,rice,medium,low,room,37.0,closed,43.9,0.0
veg_pulao,veg,rice,medium,medium,room,31.7,open,6.9,0.05
pakora,veg,fried,low,high,room,27.6,open,24.1,0.0
paneer_butter_masala,dairy,curry,high,medium,room,31.0,closed,18.6,0.0
jeera_rice,veg,rice,medium,low,room,29.7,closed,45.3,0.0
idli,veg,breakfast,medium,low,fridge,4.0,open,41.3,0.0
chicken_curry,nonveg,curry,high,medium,room,33.8,open,12.3,0.0
plain_rice,veg,rice,medium,low,room,24.2,closed,26.8,0.0
roti,veg,bread,low,low,fridge,4.7,open,28.4,10.38
chicken_biryani,nonveg,rice,medium,medium,room,32.1,open,19.9,0.0
jeera_rice,veg,rice,medium,low,fridge,7.5,open,42.9,0.0
idli,veg,breakfast,medium,low,room,31.0,open,15.5,0.0
paneer_butter_masala,dairy,curry,high,medium,fridge,4.2,open,15.4,5.76
roti,veg,bread,low,low,fridge,2.5,closed,15.5,53.05
plain_rice,veg,rice,medium,low,fridge,7.6,open,40.6,0.0
chicken_curry,nonveg,curry,high,medium,room,32.2,open,36.3,0.0
chicken_biryani,nonveg,rice,medium,medium,fridge,3.3,open,38.1,0.0
samosa,veg,fried,low,high,fridge,5.8,closed,32.7,24.36
veg_pulao,veg,rice,medium,medium,room,26.2,open,5.5,4.65
dosa,veg,breakfast,medium,low,fridge,7.4,open,28.8,0.53
plain_rice,veg,rice,medium,low,room,31.2,open,14.7,0.0
chicken_biryani,nonveg,rice,medium,medium,room,25.8,closed,5.5,6.99
veg_pulao,veg,rice,medium,medium,room,36.9,closed,22.7,0.0
dosa,veg,breakfast,medium,low,room,27.7,open,17.8,0.0
roti,veg,bread,low,low,room,29.0,closed,12.0,12.96
dosa,veg,breakfast,medium,low,room,37.2,closed,5.8,0.64
dal_tadka,veg,curry,high,low,fridge,5.9,open,33.1,6.64
gulab_jamun,dairy,sweet,high,medium,fridge,3.6,closed,11.5,56.61
paratha,veg,bread,low,high,room,36.6,open,4.3,13.86
halwa,veg,sweet,medium,high,room,29.8,open,30.9,0.0
jeera_rice,veg,rice,medium,low,room,32.5,closed,32.2,0.0
veg_pulao,veg,rice,medium,medium,room,36.2,open,46.1,0.0
gulab_jamun,dairy,sweet,high,medium,room,28.0,open,25.7,0.0
pakora,veg,fried,low,high,fridge,5.8,open,33.1,0.0
dosa,veg,breakfast,medium,low,fridge,6.3,open,14.8,7.29
curd,dairy,liquid,high,low,room,34.8,closed,7.7,2.96
dal_tadka,veg,curry,high,low,fridge,7.3,open,9.9,18.97
dosa,veg,breakfast,medium,low,room,26.9,closed,25.0,0.0
paratha,veg,bread,low,high,fridge,4.1,open,14.3,37.12
curd,dairy,liquid,high,low,fridge,5.5,open,20.4,23.98
plain_rice,veg,rice,medium,low,fridge,5.4,open,2.5,29.74
gulab_jamun,dairy,sweet,high,medium,room,27.3,open,20.9,0.0
samosa,veg,fried,low,high,room,28.3,closed,1.1,15.23
paneer_butter_masala,dairy,curry,high,medium,room,34.8,open,3.7,3.48
jeera_rice,veg,rice,medium,low,fridge,4.3,open,21.1,14.12
pakora,veg,fried,low,high,fridge,3.7,open,20.3,21.35
chicken_biryani,nonveg,rice,medium,medium,room,32.7,closed,18.1,0.0
jeera_rice,veg,rice,medium,low,room,25.2,open,40.2,0.0
gulab_jamun,dairy,sweet,high,medium,fridge,7.8,open,24.3,38.27
idli,veg,breakfast,medium,low,fridge,4.3,closed,27.7,19.8
chicken_curry,nonveg,curry,high,medium,fridge,6.2,open,31.4,0.0
plain_rice,veg,rice,medium,low,room,36.9,open,35.1,0.0
naan,veg,bread,low,medium,fridge,4.0,open,48.0,0.0
paneer_butter_masala,dairy,curry,high,medium,fridge,6.8,closed,5.5,22.57
veg_pulao,veg,rice,medium,medium,room,27.3,open,23.9,0.0
halwa,veg,sweet,medium,high,fridge,3.6,closed,6.9,51.05
chicken_curry,nonveg,curry,high,medium,room,24.7,closed,25.4,0.0
milk,dairy,liquid,high,low,room,32.2,open,16.3,0.0
idli,veg,breakfast,medium,low,room,34.8,closed,24.8,0.0
paneer_butter_masala,dairy,curry,high,medium,room,34.8,open,12.8,0.0
plain_rice,veg,rice,medium,low,fridge,6.8,closed,29.1,0.78
chicken_curry,nonveg,curry,high,medium,fridge,6.4,open,24.4,0.0
chicken_curry,nonveg,curry,high,medium,fridge,3.3,closed,34.4,0.0
naan,veg,bread,low,medium,fridge,3.0,closed,41.3,19.92
paratha,veg,bread,low,high,room,31.5,closed,7.9,8.88
paneer_butter_masala,dairy,curry,high,medium,room,24.1,open,14.5,0.0
halwa,veg,sweet,medium,high,fridge,5.8,closed,10.5,72.94
dal_tadka,veg,curry,high,low,fridge,7.8,closed,21.6,17.29
milk,dairy,liquid,high,low,fridge,3.9,open,32.7,16.48
gulab_jamun,dairy,sweet,high,medium,room,30.9,open,43.3,0.0
jeera_rice,veg,rice,medium,low,fridge,6.7,open,42.2,0.0
naan,veg,bread,low,medium,room,36.5,open,17.6,0.0
paneer_butter_masala,dairy,curry,high,medium,fridge,2.8,closed,36.0,0.0
chicken_biryani,nonveg,rice,medium,medium,fridge,7.4,open,9.2,13.85
dal_tadka,veg,curry,high,low,fridge,6.4,closed,5.2,40.15
chicken_curry,nonveg,curry,high,medium,fridge,3.7,open,5.6,16.13
idli,veg,breakfast,medium,low,room,26.2,open,19.5,0.0
paneer_butter_masala,dairy,curry,high,medium,fridge,2.6,closed,17.5,11.97
plain_rice,veg,rice,medium,low,room,36.2,closed,16.1,0.0
paneer_butter_masala,dairy,curry,high,medium,room,34.6,closed,47.9,0.0
naan,veg,bread,low,medium,room,32.7,closed,39.2,0.0
chicken_biryani,nonveg,rice,medium,medium,fridge,3.8,closed,26.3,1.48
naan,veg,bread,low,medium,room,26.7,closed,20.6,0.0
dal_tadka,veg,curry,high,low,room,26.1,closed,14.1,0.0
pakora,veg,fried,low,high,room,29.3,closed,36.1,0.0
gulab_jamun,dairy,sweet,high,medium,fridge,7.3,open,41.2,35.39
curd,dairy,liquid,high,low,room,37.0,closed,18.2,0.0
halwa,veg,sweet,medium,high,room,26.2,closed,35.6,0.0
fish_curry,nonveg,curry,high,low,room,36.9,closed,25.8,0.0
fish_curry,nonveg,curry,high,low,fridge,7.8,open,41.8,0.0
fish_curry,nonveg,curry,high,low,fridge,2.4,open,37.5,0.0
roti,veg,bread,low,low,fridge,7.4,open,21.0,36.21
dosa,veg,breakfast,medium,low,room,26.0,closed,12.1,1.58
samosa,veg,fried,low,high,fridge,7.8,open,16.1,22.67
veg_pulao,veg,rice,medium,medium,room,34.7,open,3.9,4.84
jeera_rice,veg,rice,medium,low,fridge,3.5,open,26.5,13.87
milk,dairy,liquid,high,low,room,24.2,open,10.5,0.0
paneer_butter_masala,dairy,curry,high,medium,fridge,6.5,closed,20.0,9.14
curd,dairy,liquid,high,low,room,24.9,open,33.7,0.0
paratha,veg,bread,low,high,fridge,5.1,open,27.2,19.03
roti,veg,bread,low,low,room,25.5,closed,41.2,0.0
paneer_butter_masala,dairy,curry,high,medium,room,36.8,open,36.2,0.0
idli,veg,breakfast,medium,low,fridge,5.3,open,0.7,42.01
paneer_butter_masala,dairy,curry,high,medium,fridge,5.1,closed,10.9,19.29
plain_rice,veg,rice,medium,low,room,38.0,closed,25.0,0.0
roti,veg,bread,low,low,fridge,2.1,closed,31.1,22.94
paratha,veg,bread,low,high,fridge,4.8,closed,43.3,17.47
paneer_butter_masala,dairy,curry,high,medium,fridge,3.8,open,10.0,20.28
plain_rice,veg,rice,medium,low,fridge,7.9,open,8.3,34.21
paneer_butter_masala,dairy,curry,high,medium,fridge,2.0,open,6.8,14.05
chicken_biryani,nonveg,rice,medium,medium,fridge,4.8,closed,25.0,3.66
chicken_curry,nonveg,curry,high,medium,room,29.8,closed,9.9,0.44
naan,veg,bread,low,medium,room,37.0,closed,20.0,0.0
samosa,veg,fried,low,high,fridge,3.8,closed,37.8,3.18
curd,dairy,liquid,high,low,room,26.5,open,10.1,0.0
gulab_jamun,dairy,sweet,high,medium,fridge,5.0,open,38.2,35.32
pakora,veg,fried,low,high,fridge,6.1,open,34.6,7.59
chicken_biryani,nonveg,rice,medium,medium,room,27.4,open,5.3,2.77
paratha,veg,bread,low,high,room,33.3,closed,9.6,10.59
naan,veg,bread,low,medium,fridge,6.5,closed,33.9,15.32
plain_rice,veg,rice,medium,low,fridge,2.6,open,12.6,25.5
halwa,veg,sweet,medium,high,fridge,6.5,open,28.8,42.52
paneer_butter_masala,dairy,curry,high,medium,room,29.8,open,23.7,0.0
milk,dairy,liquid,high,low,fridge,7.4,closed,2.9,51.35
halwa,veg,sweet,medium,high,fridge,6.2,closed,15.8,40.34
dal_tadka,veg,curry,high,low,room,27.8,open,26.5,0.0
plain_rice,veg,rice,medium,low,fridge,6.2,closed,47.8,0.0
veg_pulao,veg,rice,medium,medium,room,34.7,closed,46.4,0.0
chicken_biryani,nonveg,rice,medium,medium,room,29.2,closed,25.1,0.0
plain_rice,veg,rice,medium,low,fridge,3.3,open,4.9,32.42
plain_rice,veg,rice,medium,low,fridge,6.1,closed,45.2,0.0
milk,dairy,liquid,high,low,room,37.4,closed,36.1,0.0
dal_tadka,veg,curry,high,low,room,30.0,closed,20.0,0.0
milk,dairy,liquid,high,low,room,25.1,open,39.2,0.0
naan,veg,bread,low,medium,room,28.5,closed,18.6,5.34
dal_tadka,veg,curry,high,low,room,29.5,open,45.8,0.0
samosa,veg,fried,low,high,room,37.2,closed,13.7,0.61
naan,veg,bread,low,medium,fridge,2.6,open,10.0,31.72
paneer_butter_masala,dairy,curry,high,medium,fridge,2.2,open,42.5,0.0
naan,veg,bread,low,medium,room,29.2,open,20.9,0.0
chicken_curry,nonveg,curry,high,medium,room,24.9,closed,37.6,0.0
veg_pulao,veg,rice,medium,medium,room,34.0,closed,41.1,0.0
chicken_biryani,nonveg,rice,medium,medium,room,31.9,closed,22.7,0.0
naan,veg,bread,low,medium,fridge,7.8,closed,0.7,46.34
roti,veg,bread,low,low,fridge,4.3,open,11.4,42.86
milk,dairy,liquid,high,low,room,38.0,open,47.2,0.0
halwa,veg,sweet,medium,high,fridge,5.5,closed,20.0,38.13
naan,veg,bread,low,medium,room,32.0,closed,41.2,0.0
gulab_jamun,dairy,sweet,high,medium,room,31.0,closed,31.5,0.0
gulab_jamun,dairy,sweet,high,medium,room,33.5,closed,32.3,0.0
roti,veg,bread,low,low,fridge,4.8,closed,34.5,33.59
dal_tadka,veg,curry,high,low,fridge,6.0,open,15.3,16.4
gulab_jamun,dairy,sweet,high,medium,room,24.0,closed,20.2,2.15
idli,veg,breakfast,medium,low,fridge,5.5,closed,7.9,34.27
plain_rice,veg,rice,medium,low,room,32.4,open,1.4,9.32
samosa,veg,fried,low,high,fridge,3.2,open,21.5,25.82
idli,veg,breakfast,medium,low,fridge,3.3,open,44.0,0.0
milk,dairy,liquid,high,low,room,24.4,closed,43.1,0.0
paratha,veg,bread,low,high,fridge,5.0,closed,27.9,33.53
curd,dairy,liquid,high,low,fridge,2.1,closed,3.5,43.02
idli,veg,breakfast,medium,low,room,32.0,closed,0.3,13.66
fish_curry,nonveg,curry,high,low,fridge,8.0,open,25.9,0.0
fish_curry,nonveg,curry,high,low,room,26.3,closed,46.5,0.0
milk,dairy,liquid,high,low,room,33.2,closed,32.3,0.0
roti,veg,bread,low,low,room,35.7,open,45.8,0.0
chicken_curry,nonveg,curry,high,medium,fridge,3.9,open,33.0,0.0
chicken_biryani,nonveg,rice,medium,medium,fridge,6.3,closed,21.3,10.35
milk,dairy,liquid,high,low,fridge,4.0,closed,34.9,13.84
pakora,veg,fried,low,high,room,26.5,closed,24.8,0.0
gulab_jamun,dairy,sweet,high,medium,fridge,6.2,open,25.2,31.22
naan,veg,bread,low,medium,fridge,2.1,closed,3.9,43.43
jeera_rice,veg,rice,medium,low,fridge,3.7,closed,22.1,14.23
paratha,veg,bread,low,high,room,35.0,open,41.2,0.0
paneer_butter_masala,dairy,curry,high,medium,fridge,5.6,closed,38.6,0.0
chicken_biryani,nonveg,rice,medium,medium,fridge,3.1,open,45.9,0.0
veg_pulao,veg,rice,medium,medium,room,31.5,closed,41.2,0.0
halwa,veg,sweet,medium,high,room,32.4,closed,4.0,21.97
dosa,veg,breakfast,medium,low,room,27.2,open,28.9,0.0
dal_tadka,veg,curry,high,low,room,33.1,closed,6.6,4.7
veg_pulao,veg,rice,medium,medium,fridge,6.6,closed,17.2,17.38
milk,dairy,liquid,high,low,room,26.4,closed,44.3,0.0
chicken_biryani,nonveg,rice,medium,medium,fridge,7.1,open,40.3,0.0
roti,veg,bread,low,low,room,29.0,closed,8.7,12.31
fish_curry,nonveg,curry,high,low,fridge,2.7,open,43.8,0.0
chicken_biryani,nonveg,rice,medium,medium,fridge,4.2,open,40.2,0.0
dosa,veg,breakfast,medium,low,fridge,4.1,closed,12.8,18.52
paratha,veg,bread,low,high,fridge,6.7,closed,8.5,60.73
naan,veg,bread,low,medium,room,24.0,open,47.5,0.0
milk,dairy,liquid,high,low,fridge,5.8,open,1.9,32.46
paneer_butter_masala,dairy,curry,high,medium,room,26.2,open,27.4,0.0
jeera_rice,veg,rice,medium,low,fridge,2.6,open,47.3,0.0
naan,veg,bread,low,medium,room,26.3,closed,6.9,7.64
milk,dairy,liquid,high,low,fridge,6.6,open,31.4,0.0
plain_rice,veg,rice,medium,low,fridge,2.6,closed,16.7,21.58
fish_curry,nonveg,curry,high,low,fridge,7.2,closed,5.6,18.99
paneer_butter_masala,dairy,curry,high,medium,fridge,5.9,open,34.0,0.0
dal_tadka,veg,curry,high,low,room,28.2,closed,22.9,0.0
dal_tadka,veg,curry,high,low,room,35.4,closed,31.7,0.0
fish_curry,nonveg,curry,high,low,room,32.9,closed,3.4,3.0
naan,veg,bread,low,medium,fridge,6.3,open,44.6,0.06
paneer_butter_masala,dairy,curry,high,medium,fridge,4.5,open,35.3,0.0
naan,veg,bread,low,medium,room,32.3,closed,13.5,3.93
dosa,veg,breakfast,medium,low,fridge,6.3,closed,4.7,30.98
veg_pulao,veg,rice,medium,medium,fridge,4.5,closed,29.9,0.0
pakora,veg,fried,low,high,fridge,4.6,open,9.7,16.78
gulab_jamun,dairy,sweet,high,medium,fridge,8.0,open,26.8,38.21
dal_tadka,veg,curry,high,low,fridge,4.0,closed,47.9,0.0
gulab_jamun,dairy,sweet,high,medium,room,26.7,open,30.6,0.0
dal_tadka,veg,curry,high,low,fridge,3.0,closed,25.1,14.02
curd,dairy,liquid,high,low,fridge,3.6,open,13.9,24.73
paneer_butter_masala,dairy,curry,high,medium,room,32.5,open,40.2,0.0
plain_rice,veg,rice,medium,low,room,29.2,closed,26.3,0.0
milk,dairy,liquid,high,low,room,27.9,open,20.9,0.0
dal_tadka,veg,curry,high,low,fridge,5.2,closed,45.9,0.0
naan,veg,bread,low,medium,room,35.1,open,14.4,0.0
veg_pulao,veg,rice,medium,medium,room,33.3,closed,29.6,0.0
halwa,veg,sweet,medium,high,room,26.3,open,29.5,0.0
plain_rice,veg,rice,medium,low,fridge,3.3,closed,13.6,26.18
pakora,veg,fried,low,high,room,37.0,closed,25.0,0.0
paratha,veg,bread,low,high,room,32.6,open,37.1,0.0
chicken_biryani,nonveg,rice,medium,medium,room,31.9,open,15.7,0.0
samosa,veg,fried,low,high,room,31.8,closed,34.9,0.0
halwa,veg,sweet,medium,high,fridge,7.5,closed,19.0,50.3
jeera_rice,veg,rice,medium,low,fridge,2.1,closed,37.2,0.0
gulab_jamun,dairy,sweet,high,medium,room,35.7,open,16.9,0.0
pakora,veg,fried,low,high,fridge,2.4,closed,38.3,7.59
paratha,veg,bread,low,high,fridge,3.4,open,1.3,50.44
fish_curry,nonveg,curry,high,low,fridge,7.8,open,22.3,0.0
milk,dairy,liquid,high,low,room,33.8,closed,11.2,0.0
chicken_curry,nonveg,curry,high,medium,fridge,5.7,open,2.9,29.08
jeera_rice,veg,rice,medium,low,fridge,6.2,open,9.1,21.05
gulab_jamun,dairy,sweet,high,medium,room,32.8,closed,28.5,0.0
dosa,veg,breakfast,medium,low,fridge,7.7,open,33.6,0.0
pakora,veg,fried,low,high,fridge,3.4,open,26.5,4.76
jeera_rice,veg,rice,medium,low,room,34.5,closed,41.8,0.0
halwa,veg,sweet,medium,high,fridge,3.6,open,36.8,22.91
gulab_jamun,dairy,sweet,high,medium,room,27.9,closed,32.0,0.0
paratha,veg,bread,low,high,room,27.6,closed,10.3,18.67
chicken_curry,nonveg,curry,high,medium,room,28.3,closed,20.3,0.0
dosa,veg,breakfast,medium,low,fridge,5.2,closed,30.8,0.0
idli,veg,breakfast,medium,low,room,28.6,closed,35.3,0.0
halwa,veg,sweet,medium,high,fridge,7.0,closed,36.3,51.29
dal_tadka,veg,curry,high,low,room,35.3,closed,35.3,0.0
chicken_curry,nonveg,curry,high,medium,fridge,3.4,open,15.3,13.96
gulab_jamun,dairy,sweet,high,medium,fridge,6.8,open,12.7,63.56
roti,veg,bread,low,low,room,37.7,closed,46.4,0.0
curd,dairy,liquid,high,low,fridge,5.9,closed,27.7,30.97
naan,veg,bread,low,medium,room,30.0,open,21.4,0.0
paneer_butter_masala,dairy,curry,high,medium,fridge,4.6,open,22.2,8.23
roti,veg,bread,low,low,fridge,7.4,closed,25.8,33.9
paneer_butter_masala,dairy,curry,high,medium,fridge,2.5,closed,39.3,0.0
gulab_jamun,dairy,sweet,high,medium,fridge,3.4,open,14.9,38.65
paneer_butter_masala,dairy,curry,high,medium,room,34.8,closed,32.3,0.0
naan,veg,bread,low,medium,room,34.8,closed,20.8,0.0
dosa,veg,breakfast,medium,low,room,25.9,open,46.6,0.0
milk,dairy,liquid,high,low,fridge,5.9,closed,33.4,24.18
curd,dairy,liquid,high,low,room,33.8,closed,33.2,0.0
dosa,veg,breakfast,medium,low,fridge,2.3,open,31.3,0.0
idli,veg,breakfast,medium,low,fridge,3.7,closed,40.8,0.0
dosa,veg,breakfast,medium,low,room,36.0,closed,45.7,0.0
jeera_rice,veg,rice,medium,low,room,34.2,open,32.6,0.0
plain_rice,veg,rice,medium,low,room,30.7,open,5.1,4.23
dal_tadka,veg,curry,high,low,fridge,7.0,closed,13.1,35.98
chicken_biryani,nonveg,rice,medium,medium,room,35.7,open,41.6,0.0
curd,dairy,liquid,high,low,room,35.3,closed,20.8,0.0
naan,veg,bread,low,medium,room,32.0,closed,10.9,4.35
curd,dairy,liquid,high,low,fridge,6.2,closed,34.3,36.39
gulab_jamun,dairy,sweet,high,medium,fridge,4.9,open,3.3,71.73
curd,dairy,liquid,high,low,fridge,2.9,closed,4.9,48.54
roti,veg,bread,low,low,fridge,6.8,open,6.1,40.96
veg_pulao,veg,rice,medium,medium,fridge,7.2,closed,38.3,2.1
chicken_curry,nonveg,curry,high,medium,room,33.3,closed,33.7,0.0
dal_tadka,veg,curry,high,low,fridge,3.9,closed,8.4,25.76
gulab_jamun,dairy,sweet,high,medium,fridge,2.6,closed,47.2,35.44
dal_tadka,veg,curry,high,low,room,29.3,closed,19.9,0.0
dal_tadka,veg,curry,high,low,room,35.0,open,25.4,0.0
dal_tadka,veg,curry,high,low,room,34.8,closed,39.0,0.0
halwa,veg,sweet,medium,high,room,27.0,open,12.5,15.85
samosa,veg,fried,low,high,fridge,2.0,closed,19.6,32.02
jeera_rice,veg,rice,medium,low,room,37.9,open,36.8,0.0
chicken_biryani,nonveg,rice,medium,medium,fridge,4.3,open,22.0,0.64
gulab_jamun,dairy,sweet,high,medium,room,34.8,closed,22.4,0.0
plain_rice,veg,rice,medium,low,fridge,2.6,open,1.2,35.21
halwa,veg,sweet,medium,high,room,34.8,closed,6.4,20.85
dosa,veg,breakfast,medium,low,fridge,2.8,closed,0.9,26.64
milk,dairy,liquid,high,low,fridge,6.3,closed,29.4,6.27
gulab_jamun,dairy,sweet,high,medium,fridge,2.7,open,4.5,60.03
plain_rice,veg,rice,medium,low,room,25.6,open,27.1,0.0
chicken_curry,nonveg,curry,high,medium,fridge,4.4,open,20.5,8.84
paneer_butter_masala,dairy,curry,high,medium,fridge,2.3,closed,4.0,23.52
halwa,veg,sweet,medium,high,fridge,7.1,closed,10.2,76.82
dal_tadka,veg,curry,high,low,room,31.7,open,18.3,0.0
pakora,veg,fried,low,high,room,24.1,closed,21.6,0.0
paneer_butter_masala,dairy,curry,high,medium,room,34.4,open,45.0,0.0
chicken_curry,nonveg,curry,high,medium,room,28.5,open,2.8,5.78
veg_pulao,veg,rice,medium,medium,room,36.7,closed,26.6,0.0
veg_pulao,veg,rice,medium,medium,fridge,2.9,open,14.5,16.75
chicken_curry,nonveg,curry,high,medium,room,36.6,closed,37.3,0.0
dosa,veg,breakfast,medium,low,fridge,5.9,closed,21.8,14.27
idli,veg,breakfast,medium,low,fridge,2.7,closed,43.6,0.41
fish_curry,nonveg,curry,high,low,fridge,4.5,open,13.3,3.96
plain_rice,veg,rice,medium,low,fridge,3.0,open,10.6,18.79
fish_curry,nonveg,curry,high,low,fridge,3.2,open,6.3,11.43
chicken_biryani,nonveg,rice,medium,medium,room,36.9,closed,28.3,0.0
halwa,veg,sweet,medium,high,room,30.1,open,6.0,15.42
halwa,veg,sweet,medium,high,room,26.1,open,39.2,0.0
naan,veg,bread,low,medium,room,25.4,closed,12.8,7.78
chicken_biryani,nonveg,rice,medium,medium,room,35.3,closed,45.6,0.0
chicken_curry,nonveg,curry,high,medium,room,32.4,closed,42.2,0.0
paneer_butter_masala,dairy,curry,high,medium,room,29.0,closed,19.9,0.0
plain_rice,veg,rice,medium,low,fridge,4.7,closed,4.8,31.47
curd,dairy,liquid,high,low,room,36.4,open,45.4,0.0
paratha,veg,bread,low,high,fridge,7.5,open,34.8,19.17
chicken_curry,nonveg,curry,high,medium,fridge,4.2,open,17.6,2.3
paratha,veg,bread,low,high,fridge,2.5,closed,20.5,48.81
dosa,veg,breakfast,medium,low,room,32.7,closed,34.9,0.0
paneer_butter_masala,dairy,curry,high,medium,fridge,3.5,closed,45.6,0.0
fish_curry,nonveg,curry,high,low,fridge,3.5,closed,22.9,1.57
curd,dairy,liquid,high,low,fridge,3.0,closed,37.9,7.16
milk,dairy,liquid,high,low,fridge,4.8,open,26.2,11.14
fish_curry,nonveg,curry,high,low,fridge,3.7,open,37.1,0.0
naan,veg,bread,low,medium,fridge,6.9,open,24.2,22.5
dosa,veg,breakfast,medium,low,room,29.7,open,10.2,0.0
samosa,veg,fried,low,high,fridge,4.1,closed,7.2,36.9
veg_pulao,veg,rice,medium,medium,room,34.2,open,4.4,3.12
curd,dairy,liquid,high,low,room,24.4,open,8.6,3.68
dal_tadka,veg,curry,high,low,fridge,2.4,open,11.1,23.53
jeera_rice,veg,rice,medium,low,room,33.2,closed,7.9,4.79
plain_rice,veg,rice,medium,low,room,27.0,open,42.3,0.0
halwa,veg,sweet,medium,high,fridge,5.9,closed,5.2,72.68
roti,veg,bread,low,low,room,30.3,open,46.9,0.0
pakora,veg,fried,low,high,fridge,3.7,closed,16.2,28.64
gulab_jamun,dairy,sweet,high,medium,fridge,3.4,closed,47.1,37.31
milk,dairy,liquid,high,low,room,24.1,open,31.9,0.0
gulab_jamun,dairy,sweet,high,medium,fridge,6.9,open,45.4,27.88
fish_curry,nonveg,curry,high,low,fridge,2.7,closed,6.6,16.29
idli,veg,breakfast,medium,low,fridge,3.1,open,11.4,20.35
paratha,veg,bread,low,high,fridge,3.5,closed,36.8,21.58
roti,veg,bread,low,low,fridge,4.2,open,25.0,33.41
gulab_jamun,dairy,sweet,high,medium,fridge,4.8,closed,8.2,52.2
dosa,veg,breakfast,medium,low,fridge,2.3,open,9.9,13.67
gulab_jamun,dairy,sweet,high,medium,room,27.8,open,36.0,0.0
chicken_biryani,nonveg,rice,medium,medium,fridge,3.4,closed,14.9,13.74
halwa,veg,sweet,medium,high,fridge,4.9,closed,23.1,58.44
curd,dairy,liquid,high,low,fridge,3.4,open,18.9,34.13
idli,veg,breakfast,medium,low,fridge,3.1,open,27.8,0.0
paneer_butter_masala,dairy,curry,high,medium,room,36.4,closed,41.0,0.0
curd,dairy,liquid,high,low,room,26.7,open,41.3,0.0
plain_rice,veg,rice,medium,low,room,25.7,open,34.6,0.0
dal_tadka,veg,curry,high,low,room,35.5,open,16.3,0.0
samosa,veg,fried,low,high,room,26.8,open,19.3,0.0
naan,veg,bread,low,medium,room,29.9,closed,37.7,0.0
naan,veg,bread,low,medium,room,37.1,closed,20.6,0.0
milk,dairy,liquid,high,low,room,33.1,closed,13.7,0.0
veg_pulao,veg,rice,medium,medium,fridge,5.3,closed,38.8,0.0
idli,veg,breakfast,medium,low,fridge,2.4,open,30.7,3.27
curd,dairy,liquid,high,low,room,27.3,closed,17.2,0.0
paneer_butter_masala,dairy,curry,high,medium,fridge,5.7,open,41.9,0.0
fish_curry,nonveg,curry,high,low,room,35.5,closed,23.2,0.0
samosa,veg,fried,low,high,fridge,7.4,closed,26.7,26.42
milk,dairy,liquid,high,low,room,37.0,closed,1.1,4.66
plain_rice,veg,rice,medium,low,room,31.0,open,3.0,6.43
chicken_curry,nonveg,curry,high,medium,room,31.1,open,21.4,0.0
dosa,veg,breakfast,medium,low,room,25.7,closed,44.3,0.0
jeera_rice,veg,rice,medium,low,room,27.5,open,46.5,0.0
pakora,veg,fried,low,high,fridge,7.1,open,6.7,21.22
chicken_curry,nonveg,curry,high,medium,room,36.8,closed,47.5,0.0
curd,dairy,liquid,high,low,room,29.4,closed,39.9,0.0
chicken_curry,nonveg,curry,high,medium,fridge,2.6,open,39.2,0.0
plain_rice,veg,rice,medium,low,room,33.1,open,22.0,0.0
gulab_jamun,dairy,sweet,high,medium,room,36.1,open,46.1,0.0
veg_pulao,veg,rice,medium,medium,fridge,5.5,closed,14.4,12.21
dal_tadka,veg,curry,high,low,fridge,3.1,closed,38.3,9.52
dosa,veg,breakfast,medium,low,fridge,4.9,open,11.6,15.83
samosa,veg,fried,low,high,fridge,4.3,open,10.2,28.95
dosa,veg,breakfast,medium,low,fridge,5.5,closed,47.7,0.0
chicken_curry,nonveg,curry,high,medium,fridge,2.6,open,14.6,15.48
halwa,veg,sweet,medium,high,fridge,3.1,open,19.7,55.37
chicken_biryani,nonveg,rice,medium,medium,room,24.5,open,39.6,0.0
dosa,veg,breakfast,medium,low,room,37.3,closed,12.5,0.0
dosa,veg,breakfast,medium,low,fridge,3.9,open,0.2,30.35
samosa,veg,fried,low,high,fridge,4.7,closed,44.7,12.41
samosa,veg,fried,low,high,room,31.3,open,36.3,0.0
naan,veg,bread,low,medium,room,27.0,open,11.8,4.5
roti,veg,bread,low,low,room,35.2,closed,2.7,14.21
fish_curry,nonveg,curry,high,low,room,37.4,closed,47.6,0.0
chicken_biryani,nonveg,rice,medium,medium,fridge,5.7,open,47.1,0.0
gulab_jamun,dairy,sweet,high,medium,room,28.8,open,9.7,9.93
roti,veg,bread,low,low,room,36.9,open,4.6,6.69
halwa,veg,sweet,medium,high,room,31.0,open,6.4,10.26
pakora,veg,fried,low,high,room,25.1,open,36.2,0.0
fish_curry,nonveg,curry,high,low,fridge,5.7,open,45.9,0.0
curd,dairy,liquid,high,low,room,27.7,open,15.6,0.0
naan,veg,bread,low,medium,fridge,5.7,open,21.6,24.91
veg_pulao,veg,rice,medium,medium,fridge,6.4,open,20.1,4.75
dosa,veg,breakfast,medium,low,fridge,6.7,open,9.0,22.53
plain_rice,veg,rice,medium,low,room,34.5,open,39.1,0.0
jeera_rice,veg,rice,medium,low,room,27.1,open,29.6,0.0
dosa,veg,breakfast,medium,low,room,24.7,closed,23.5,0.0
idli,veg,breakfast,medium,low,room,36.3,open,1.4,6.49
plain_rice,veg,rice,medium,low,fridge,7.3,closed,29.1,11.07
halwa,veg,sweet,medium,high,fridge,4.7,closed,27.5,40.33
chicken_biryani,nonveg,rice,medium,medium,fridge,6.7,open,20.0,11.43
curd,dairy,liquid,high,low,fridge,3.8,open,19.8,18.8
plain_rice,veg,rice,medium,low,fridge,4.7,open,13.9,21.7
plain_rice,veg,rice,medium,low,room,24.2,open,20.0,0.0
curd,dairy,liquid,high,low,room,36.5,closed,28.6,0.0
paratha,veg,bread,low,high,fridge,5.1,closed,34.6,25.14
fish_curry,nonveg,curry,high,low,fridge,3.6,closed,44.1,0.0
veg_pulao,veg,rice,medium,medium,fridge,2.3,open,7.3,14.09
pakora,veg,fried,low,high,fridge,4.3,closed,46.2,0.0
samosa,veg,fried,low,high,room,37.0,closed,42.6,0.0
jeera_rice,veg,rice,medium,low,room,30.0,open,20.6,0.0
curd,dairy,liquid,high,low,room,26.5,closed,6.0,3.81
halwa,veg,sweet,medium,high,room,31.3,open,40.7,0.0
veg_pulao,veg,rice,medium,medium,fridge,6.5,closed,20.1,12.41
chicken_biryani,nonveg,rice,medium,medium,room,34.4,open,21.0,0.0
pakora,veg,fried,low,high,room,33.3,open,6.6,2.56
chicken_curry,nonveg,curry,high,medium,room,25.4,closed,29.5,0.0
dal_tadka,veg,curry,high,low,fridge,6.1,closed,26.1,17.73
halwa,veg,sweet,medium,high,room,33.8,closed,45.3,0.0
chicken_curry,nonveg,curry,high,medium,fridge,3.0,open,43.9,0.0
samosa,veg,fried,low,high,room,28.3,closed,3.9,15.38
idli,veg,breakfast,medium,low,room,24.8,closed,45.1,0.0
samosa,veg,fried,low,high,room,34.1,closed,27.0,0.0
chicken_biryani,nonveg,rice,medium,medium,fridge,3.5,open,5.8,27.05
veg_pulao,veg,rice,medium,medium,fridge,7.7,closed,20.8,4.09
halwa,veg,sweet,medium,high,room,32.0,closed,45.8,0.0
milk,dairy,liquid,high,low,fridge,4.3,open,27.8,19.49
idli,veg,breakfast,medium,low,room,30.4,open,15.8,0.0
naan,veg,bread,low,medium,fridge,5.0,open,22.8,21.1
gulab_jamun,dairy,sweet,high,medium,fridge,3.1,open,11.0,35.76
curd,dairy,liquid,high,low,fridge,3.9,open,11.8,38.41
halwa,veg,sweet,medium,high,fridge,3.9,open,18.8,49.58
plain_rice,veg,rice,medium,low,room,37.5,open,22.0,0.0
chicken_biryani,nonveg,rice,medium,medium,fridge,6.0,closed,46.4,0.0
plain_rice,veg,rice,medium,low,fridge,7.8,closed,34.3,2.9
dal_tadka,veg,curry,high,low,room,29.8,open,35.9,0.0
gulab_jamun,dairy,sweet,high,medium,fridge,3.9,closed,14.1,62.1
chicken_curry,nonveg,curry,high,medium,room,29.3,closed,23.5,0.0
veg_pulao,veg,rice,medium,medium,room,31.0,open,15.6,0.0
paratha,veg,bread,low,high,fridge,3.9,closed,24.6,29.25
chicken_curry,nonveg,curry,high,medium,room,34.2,closed,15.6,0.0
jeera_rice,veg,rice,medium,low,fridge,3.0,open,10.6,18.54
pakora,veg,fried,low,high,fridge,4.7,open,20.4,19.24
paratha,veg,bread,low,high,fridge,5.6,closed,2.5,53.44
veg_pulao,veg,rice,medium,medium,fridge,5.4,open,37.5,0.0
samosa,veg,fried,low,high,fridge,7.8,open,44.7,0.0
halwa,veg,sweet,medium,high,room,29.5,closed,6.8,20.02
fish_curry,nonveg,curry,high,low,room,26.1,closed,15.9,0.0
paneer_butter_masala,dairy,curry,high,medium,room,36.1,open,32.9,0.0
chicken_curry,nonveg,curry,high,medium,fridge,6.8,open,41.3,0.0
curd,dairy,liquid,high,low,room,35.2,open,22.3,0.0
dal_tadka,veg,curry,high,low,fridge,7.0,closed,33.5,14.83
pakora,veg,fried,low,high,fridge,7.0,closed,43.5,0.0
fish_curry,nonveg,curry,high,low,room,29.8,closed,37.3,0.0
jeera_rice,veg,rice,medium,low,room,26.3,open,1.8,11.84
idli,veg,breakfast,medium,low,room,33.1,open,32.3,0.0
fish_curry,nonveg,curry,high,low,fridge,7.0,open,33.9,0.0
dosa,veg,breakfast,medium,low,room,28.0,closed,15.8,0.0
plain_rice,veg,rice,medium,low,room,33.6,open,34.1,0.0
milk,dairy,liquid,high,low,room,29.8,open,37.4,0.0
chicken_curry,nonveg,curry,high,medium,fridge,2.5,closed,24.2,9.2
fish_curry,nonveg,curry,high,low,room,29.3,open,8.7,0.0
roti,veg,bread,low,low,fridge,7.9,closed,21.5,31.54
halwa,veg,sweet,medium,high,room,33.6,open,25.8,0.0
idli,veg,breakfast,medium,low,fridge,4.4,closed,10.5,25.78
fish_curry,nonveg,curry,high,low,fridge,5.5,open,2.0,21.64
chicken_biryani,nonveg,rice,medium,medium,room,29.0,open,17.7,0.0
chicken_curry,nonveg,curry,high,medium,fridge,3.2,open,39.4,0.0
samosa,veg,fried,low,high,fridge,4.2,open,8.9,31.88
chicken_curry,nonveg,curry,high,medium,fridge,4.5,closed,30.5,0.0
dal_tadka,veg,curry,high,low,fridge,3.3,closed,0.8,37.95
chicken_curry,nonveg,curry,high,medium,room,36.8,open,20.7,0.0
chicken_biryani,nonveg,rice,medium,medium,fridge,4.6,open,18.7,7.72
paneer_butter_masala,dairy,curry,high,medium,room,26.9,open,16.9,0.0
idli,veg,breakfast,medium,low,room,34.7,open,24.1,0.0
samosa,veg,fried,low,high,fridge,2.0,open,17.4,31.94
pakora,veg,fried,low,high,room,27.9,closed,35.6,0.0
curd,dairy,liquid,high,low,fridge,2.1,open,9.1,45.61
chicken_biryani,nonveg,rice,medium,medium,fridge,6.7,open,42.6,0.0
milk,dairy,liquid,high,low,room,27.7,closed,22.7,0.0
chicken_curry,nonveg,curry,high,medium,room,24.3,closed,5.7,4.29
jeera_rice,veg,rice,medium,low,fridge,5.8,closed,45.5,0.0
milk,dairy,liquid,high,low,room,37.2,closed,22.5,0.0
pakora,veg,fried,low,high,room,30.4,closed,0.1,12.26
chicken_biryani,nonveg,rice,medium,medium,fridge,3.3,open,46.1,0.0
plain_rice,veg,rice,medium,low,room,33.1,open,12.0,0.0
paneer_butter_masala,dairy,curry,high,medium,fridge,3.9,closed,17.9,19.06
chicken_biryani,nonveg,rice,medium,medium,room,24.4,closed,40.4,0.0
roti,veg,bread,low,low,room,25.7,open,26.5,0.0
idli,veg,breakfast,medium,low,fridge,7.6,open,27.5,12.01
halwa,veg,sweet,medium,high,room,31.4,open,6.5,11.89
curd,dairy,liquid,high,low,fridge,7.3,open,22.4,26.26
idli,veg,breakfast,medium,low,room,29.4,closed,38.5,0.0
paneer_butter_masala,dairy,curry,high,medium,fridge,3.9,open,10.9,9.59
fish_curry,nonveg,curry,high,low,room,26.9,closed,45.0,0.0
milk,dairy,liquid,high,low,fridge,7.8,open,41.3,9.04
naan,veg,bread,low,medium,fridge,3.4,closed,1.0,39.44
veg_pulao,veg,rice,medium,medium,fridge,7.9,open,4.3,25.06
chicken_biryani,nonveg,rice,medium,medium,fridge,7.2,closed,26.2,0.0
naan,veg,bread,low,medium,room,24.4,open,17.5,0.0
veg_pulao,veg,rice,medium,medium,room,35.7,open,38.0,0.0
curd,dairy,liquid,high,low,room,27.6,closed,40.5,0.0
curd,dairy,liquid,high,low,room,32.8,open,16.0,0.0
fish_curry,nonveg,curry,high,low,fridge,5.0,closed,15.7,11.72
halwa,veg,sweet,medium,high,fridge,4.0,closed,46.8,13.01
fish_curry,nonveg,curry,high,low,fridge,6.0,closed,41.1,0.0
paratha,veg,bread,low,high,fridge,6.7,open,12.2,41.22
paneer_butter_masala,dairy,curry,high,medium,fridge,3.0,closed,36.9,0.0
plain_rice,veg,rice,medium,low,fridge,5.1,closed,28.7,20.12
chicken_curry,nonveg,curry,high,medium,room,33.6,closed,16.6,0.0
dosa,veg,breakfast,medium,low,room,30.6,open,31.7,0.0
dosa,veg,breakfast,medium,low,room,33.2,closed,27.6,0.0
veg_pulao,veg,rice,medium,medium,fridge,5.8,open,18.2,17.35
fish_curry,nonveg,curry,high,low,room,37.0,open,34.4,0.0
fish_curry,nonveg,curry,high,low,room,25.5,closed,46.2,0.0
chicken_curry,nonveg,curry,high,medium,room,28.8,closed,33.1,0.0
jeera_rice,veg,rice,medium,low,fridge,3.5,open,36.1,0.33
dosa,veg,breakfast,medium,low,fridge,3.3,open,44.2,0.0
veg_pulao,veg,rice,medium,medium,room,27.8,closed,25.3,0.0
pakora,veg,fried,low,high,room,35.7,closed,2.9,10.18
milk,dairy,liquid,high,low,room,26.7,open,37.6,0.0
jeera_rice,veg,rice,medium,low,fridge,3.4,open,28.3,9.66
naan,veg,bread,low,medium,room,25.4,closed,14.1,1.12
pakora,veg,fried,low,high,room,37.1,closed,29.3,0.0
chicken_biryani,nonveg,rice,medium,medium,room,36.5,closed,15.1,0.0
paratha,veg,bread,low,high,room,30.2,closed,11.6,14.07
milk,dairy,liquid,high,low,fridge,7.4,closed,39.1,0.96
idli,veg,breakfast,medium,low,fridge,4.6,closed,36.8,0.0
dosa,veg,breakfast,medium,low,fridge,7.5,closed,14.5,17.36
milk,dairy,liquid,high,low,room,28.6,closed,13.4,0.0
veg_pulao,veg,rice,medium,medium,room,35.7,closed,37.0,0.0
plain_rice,veg,rice,medium,low,room,27.8,open,30.0,0.0
veg_pulao,veg,rice,medium,medium,room,30.2,closed,4.7,3.42
samosa,veg,fried,low,high,fridge,2.7,closed,3.3,50.18
naan,veg,bread,low,medium,room,25.4,closed,19.6,0.0
curd,dairy,liquid,high,low,fridge,2.6,closed,31.1,23.39
plain_rice,veg,rice,medium,low,room,27.6,closed,10.8,1.16
naan,veg,bread,low,medium,room,29.8,open,27.1,0.0
roti,veg,bread,low,low,fridge,6.9,open,19.4,41.97
naan,veg,bread,low,medium,room,28.8,open,33.8,0.0
halwa,veg,sweet,medium,high,fridge,7.9,closed,28.5,40.7
naan,veg,bread,low,medium,fridge,7.2,open,14.8,36.77
plain_rice,veg,rice,medium,low,fridge,3.5,closed,29.1,7.86
milk,dairy,liquid,high,low,fridge,3.6,closed,30.7,24.23
milk,dairy,liquid,high,low,room,34.1,open,46.3,0.0
paratha,veg,bread,low,high,room,35.0,open,42.6,0.0
paneer_butter_masala,dairy,curry,high,medium,room,25.0,open,40.5,0.0
samosa,veg,fried,low,high,fridge,7.0,closed,22.0,22.02
milk,dairy,liquid,high,low,room,26.5,open,44.9,0.0
fish_curry,nonveg,curry,high,low,room,31.7,open,2.2,3.65
veg_pulao,veg,rice,medium,medium,room,37.6,open,39.0,0.0
roti,veg,bread,low,low,room,33.2,open,29.0,0.0
chicken_curry,nonveg,curry,high,medium,room,36.2,closed,14.8,0.0
plain_rice,veg,rice,medium,low,fridge,2.1,open,19.7,7.23
samosa,veg,fried,low,high,fridge,5.7,closed,40.3,0.3
pakora,veg,fried,low,high,fridge,3.3,open,17.9,18.13
fish_curry,nonveg,curry,high,low,room,35.4,closed,45.5,0.0
gulab_jamun,dairy,sweet,high,medium,room,30.6,closed,21.8,0.57
dal_tadka,veg,curry,high,low,fridge,5.2,open,43.2,0.0
halwa,veg,sweet,medium,high,room,25.8,open,42.2,0.0
dosa,veg,breakfast,medium,low,room,31.8,closed,12.4,0.0
veg_pulao,veg,rice,medium,medium,room,25.7,closed,7.6,3.28
naan,veg,bread,low,medium,fridge,2.1,closed,10.7,30.77
chicken_curry,nonveg,curry,high,medium,room,30.8,closed,46.3,0.0
dosa,veg,breakfast,medium,low,fridge,4.2,open,5.5,21.41
paneer_butter_masala,dairy,curry,high,medium,fridge,7.7,open,19.5,5.08
veg_pulao,veg,rice,medium,medium,fridge,3.9,open,15.2,19.72
chicken_biryani,nonveg,rice,medium,medium,fridge,4.7,open,2.2,31.73
veg_pulao,veg,rice,medium,medium,fridge,6.1,closed,33.9,4.25
chicken_biryani,nonveg,rice,medium,medium,room,31.4,open,30.5,0.0
curd,dairy,liquid,high,low,room,34.2,open,31.1,0.0
chicken_curry,nonveg,curry,high,medium,room,28.8,open,41.3,0.0
jeera_rice,veg,rice,medium,low,fridge,7.8,closed,31.0,8.15
paneer_butter_masala,dairy,curry,high,medium,room,32.8,open,16.5,0.0
dal_tadka,veg,curry,high,low,room,35.2,open,17.7,0.0
milk,dairy,liquid,high,low,fridge,2.3,closed,6.3,53.0
gulab_jamun,dairy,sweet,high,medium,room,28.0,closed,47.0,0.0
gulab_jamun,dairy,sweet,high,medium,room,27.8,open,24.5,0.0
dosa,veg,breakfast,medium,low,room,34.3,closed,34.2,0.0
milk,dairy,liquid,high,low,room,35.0,closed,47.3,0.0
chicken_biryani,nonveg,rice,medium,medium,room,25.5,open,18.1,0.0
chicken_biryani,nonveg,rice,medium,medium,room,28.5,closed,32.2,0.0
milk,dairy,liquid,high,low,room,30.5,closed,27.8,0.0
paneer_butter_masala,dairy,curry,high,medium,fridge,5.9,closed,7.7,16.22
plain_rice,veg,rice,medium,low,room,24.7,open,33.1,0.0
milk,dairy,liquid,high,low,room,36.8,closed,28.3,0.0
jeera_rice,veg,rice,medium,low,room,24.0,closed,8.5,5.07
samosa,veg,fried,low,high,room,25.7,open,24.0,0.0
idli,veg,breakfast,medium,low,fridge,2.9,closed,34.7,0.0
samosa,veg,fried,low,high,fridge,5.9,closed,33.2,18.35
gulab_jamun,dairy,sweet,high,medium,room,36.2,open,10.3,5.46
idli,veg,breakfast,medium,low,fridge,2.4,closed,12.5,28.96
curd,dairy,liquid,high,low,room,24.5,open,35.8,0.0
naan,veg,bread,low,medium,room,33.5,open,25.1,0.0
chicken_curry,nonveg,curry,high,medium,room,25.7,open,38.6,0.0
chicken_curry,nonveg,curry,high,medium,room,34.6,closed,13.1,0.0
idli,veg,breakfast,medium,low,fridge,4.9,closed,33.5,15.91
naan,veg,bread,low,medium,room,29.1,closed,10.4,10.37
dosa,veg,breakfast,medium,low,room,30.0,closed,22.0,0.0
idli,veg,breakfast,medium,low,room,34.2,open,7.0,4.07
paratha,veg,bread,low,high,fridge,3.5,open,15.8,36.14
idli,veg,breakfast,medium,low,fridge,6.7,open,20.1,7.38
chicken_curry,nonveg,curry,high,medium,fridge,5.7,closed,11.8,18.39
gulab_jamun,dairy,sweet,high,medium,fridge,6.5,closed,22.7,53.05
jeera_rice,veg,rice,medium,low,room,35.3,closed,7.7,0.22
dal_tadka,veg,curry,high,low,fridge,5.3,open,1.9,37.14
roti,veg,bread,low,low,fridge,4.9,open,45.5,5.26
dosa,veg,breakfast,medium,low,fridge,4.8,open,22.3,8.01
curd,dairy,liquid,high,low,fridge,7.8,open,29.1,33.21
roti,veg,bread,low,low,fridge,4.7,closed,28.3,25.75
dosa,veg,breakfast,medium,low,room,35.6,closed,8.7,0.68
curd,dairy,liquid,high,low,fridge,2.1,open,29.5,23.54
fish_curry,nonveg,curry,high,low,room,25.9,closed,31.8,0.0
paratha,veg,bread,low,high,fridge,4.0,closed,43.9,20.35
fish_curry,nonveg,curry,high,low,room,34.2,open,8.4,0.0
halwa,veg,sweet,medium,high,fridge,4.3,open,1.5,59.84
fish_curry,nonveg,curry,high,low,fridge,2.5,open,13.5,4.99
fish_curry,nonveg,curry,high,low,room,29.7,closed,13.7,0.0
gulab_jamun,dairy,sweet,high,medium,fridge,2.1,open,27.7,35.7
fish_curry,nonveg,curry,high,low,room,31.7,open,14.3,0.0
plain_rice,veg,rice,medium,low,fridge,3.3,open,40.5,0.0
fish_curry,nonveg,curry,high,low,fridge,5.7,open,26.4,0.0
dal_tadka,veg,curry,high,low,fridge,6.2,open,31.7,7.63
fish_curry,nonveg,curry,high,low,fridge,8.0,open,26.5,0.0
samosa,veg,fried,low,high,fridge,5.0,open,9.0,29.84
paneer_butter_masala,dairy,curry,high,medium,room,27.5,closed,25.7,0.0
samosa,veg,fried,low,high,fridge,5.4,closed,16.3,40.71
idli,veg,breakfast,medium,low,fridge,8.0,closed,27.9,20.14
naan,veg,bread,low,medium,room,26.1,open,24.9,0.0
halwa,veg,sweet,medium,high,room,24.3,open,3.3,21.88
fish_curry,nonveg,curry,high,low,fridge,6.7,closed,25.2,4.07
paratha,veg,bread,low,high,room,27.4,open,18.3,6.12
curd,dairy,liquid,high,low,room,30.1,open,43.4,0.0
dal_tadka,veg,curry,high,low,room,35.0,closed,19.6,0.0
chicken_curry,nonveg,curry,high,medium,fridge,2.6,closed,39.4,0.0
milk,dairy,liquid,high,low,room,37.2,open,27.1,0.0
pakora,veg,fried,low,high,fridge,2.8,open,7.3,24.87
gulab_jamun,dairy,sweet,high,medium,room,31.8,open,26.4,0.0
pakora,veg,fried,low,high,fridge,2.4,open,21.2,12.79
gulab_jamun,dairy,sweet,high,medium,fridge,4.0,open,6.9,54.41
paneer_butter_masala,dairy,curry,high,medium,fridge,5.6,open,25.0,0.0
gulab_jamun,dairy,sweet,high,medium,room,32.7,open,0.3,14.9
dosa,veg,breakfast,medium,low,room,26.0,open,36.6,0.0
paratha,veg,bread,low,high,room,28.9,open,27.1,0.0
halwa,veg,sweet,medium,high,room,27.0,open,26.3,0.0
chicken_biryani,nonveg,rice,medium,medium,fridge,7.2,open,17.3,8.97
pakora,veg,fried,low,high,room,28.8,closed,18.2,0.0
idli,veg,breakfast,medium,low,fridge,7.8,open,18.4,12.59
pakora,veg,fried,low,high,fridge,4.5,closed,18.5,11.29
veg_pulao,veg,rice,medium,medium,room,32.7,closed,45.8,0.0
idli,veg,breakfast,medium,low,room,26.3,closed,19.2,0.0
paratha,veg,bread,low,high,room,34.1,closed,23.0,0.0
curd,dairy,liquid,high,low,fridge,7.5,open,18.4,40.36
plain_rice,veg,rice,medium,low,fridge,7.0,open,7.3,28.37
pakora,veg,fried,low,high,room,25.0,open,45.0,0.0
plain_rice,veg,rice,medium,low,room,35.4,open,17.2,0.0
curd,dairy,liquid,high,low,fridge,6.3,open,5.0,49.07
fish_curry,nonveg,curry,high,low,room,29.6,closed,30.3,0.0
jeera_rice,veg,rice,medium,low,fridge,4.5,closed,9.6,21.59
curd,dairy,liquid,high,low,room,32.3,closed,8.3,3.7
chicken_biryani,nonveg,rice,medium,medium,fridge,7.3,open,6.0,26.11
chicken_biryani,nonveg,rice,medium,medium,room,36.7,closed,8.1,1.21
jeera_rice,veg,rice,medium,low,room,28.2,closed,20.7,0.0
gulab_jamun,dairy,sweet,high,medium,room,28.4,open,25.5,0.0
curd,dairy,liquid,high,low,room,35.1,open,23.2,0.0
roti,veg,bread,low,low,room,27.3,open,32.7,0.0
roti,veg,bread,low,low,fridge,3.9,closed,18.6,47.88
chicken_biryani,nonveg,rice,medium,medium,fridge,4.4,closed,27.5,7.47
gulab_jamun,dairy,sweet,high,medium,room,30.6,closed,30.7,0.0
naan,veg,bread,low,medium,room,25.2,open,33.1,0.0
pakora,veg,fried,low,high,room,33.0,closed,20.6,0.0
fish_curry,nonveg,curry,high,low,fridge,2.5,closed,42.1,0.0
dosa,veg,breakfast,medium,low,fridge,3.6,closed,22.4,3.57
paneer_butter_masala,dairy,curry,high,medium,room,24.8,closed,2.6,7.78
jeera_rice,veg,rice,medium,low,fridge,4.4,open,43.8,0.0
fish_curry,nonveg,curry,high,low,room,37.1,closed,5.1,1.7
chicken_biryani,nonveg,rice,medium,medium,fridge,6.9,closed,28.3,11.25
gulab_jamun,dairy,sweet,high,medium,room,28.6,closed,9.9,12.19
naan,veg,bread,low,medium,fridge,4.4,open,32.4,2.87
paratha,veg,bread,low,high,room,34.9,open,13.4,6.14
fish_curry,nonveg,curry,high,low,fridge,4.9,closed,27.7,0.0
veg_pulao,veg,rice,medium,medium,fridge,5.5,open,35.5,0.0
idli,veg,breakfast,medium,low,room,29.1,closed,7.9,5.89
jeera_rice,veg,rice,medium,low,fridge,3.1,open,41.5,0.0
fish_curry,nonveg,curry,high,low,fridge,5.6,closed,37.4,0.0
dal_tadka,veg,curry,high,low,room,31.2,closed,44.2,0.0
milk,dairy,liquid,high,low,room,33.9,open,20.2,0.0
dosa,veg,breakfast,medium,low,fridge,7.7,closed,9.0,16.28
chicken_biryani,nonveg,rice,medium,medium,fridge,2.5,open,12.9,12.81
pakora,veg,fried,low,high,fridge,7.8,closed,10.7,21.14
plain_rice,veg,rice,medium,low,fridge,7.2,closed,47.2,0.0
milk,dairy,liquid,high,low,room,26.2,closed,25.6,0.0
gulab_jamun,dairy,sweet,high,medium,fridge,7.9,closed,10.3,50.74
gulab_jamun,dairy,sweet,high,medium,fridge,6.2,open,23.9,24.77
samosa,veg,fried,low,high,room,33.2,open,33.3,0.0
veg_pulao,veg,rice,medium,medium,fridge,5.6,open,3.6,30.82
pakora,veg,fried,low,high,fridge,2.7,closed,6.5,31.05
chicken_curry,nonveg,curry,high,medium,room,28.3,open,38.4,0.0
pakora,veg,fried,low,high,fridge,3.1,open,46.0,0.0
pakora,veg,fried,low,high,room,32.0,closed,8.5,7.78
chicken_biryani,nonveg,rice,medium,medium,fridge,2.4,closed,35.3,0.0
paneer_butter_masala,dairy,curry,high,medium,fridge,3.3,closed,17.1,15.96
fish_curry,nonveg,curry,high,low,fridge,4.6,open,43.6,0.0
halwa,veg,sweet,medium,high,room,27.3,open,36.7,0.0
paneer_butter_masala,dairy,curry,high,medium,fridge,5.8,closed,25.5,5.79
paratha,veg,bread,low,high,fridge,4.0,open,20.7,44.29
jeera_rice,veg,rice,medium,low,fridge,8.0,closed,3.3,33.07
gulab_jamun,dairy,sweet,high,medium,fridge,5.8,open,27.6,29.48
fish_curry,nonveg,curry,high,low,room,26.3,open,37.8,0.0
chicken_curry,nonveg,curry,high,medium,fridge,6.9,closed,16.6,20.43
paratha,veg,bread,low,high,room,28.5,closed,37.9,0.0
halwa,veg,sweet,medium,high,room,28.1,closed,11.0,18.9
samosa,veg,fried,low,high,room,36.1,closed,10.2,2.96
chicken_biryani,nonveg,rice,medium,medium,room,26.9,open,28.4,0.0
pakora,veg,fried,low,high,room,33.5,closed,22.2,0.0
chicken_biryani,nonveg,rice,medium,medium,fridge,7.8,open,25.7,5.47
dosa,veg,breakfast,medium,low,room,33.4,closed,25.3,0.0
milk,dairy,liquid,high,low,room,30.3,open,30.3,0.0
halwa,veg,sweet,medium,high,room,29.5,closed,3.9,25.04
paratha,veg,bread,low,high,room,34.2,closed,24.0,0.0
roti,veg,bread,low,low,fridge,4.9,open,42.7,0.0
dosa,veg,breakfast,medium,low,room,36.8,closed,41.2,0.0
pakora,veg,fried,low,high,fridge,6.6,closed,47.2,0.0
jeera_rice,veg,rice,medium,low,fridge,2.4,closed,34.5,6.9
dosa,veg,breakfast,medium,low,fridge,7.2,open,33.6,0.0
chicken_biryani,nonveg,rice,medium,medium,fridge,6.4,open,42.5,0.0
idli,veg,breakfast,medium,low,fridge,4.6,closed,13.2,34.45
pakora,veg,fried,low,high,fridge,2.6,open,44.1,0.0
veg_pulao,veg,rice,medium,medium,fridge,5.5,closed,42.9,0.0
fish_curry,nonveg,curry,high,low,room,29.6,closed,36.0,0.0
paratha,veg,bread,low,high,fridge,2.4,open,34.5,27.39
plain_rice,veg,rice,medium,low,fridge,5.2,open,7.7,31.92
gulab_jamun,dairy,sweet,high,medium,room,25.9,open,7.2,10.31
halwa,veg,sweet,medium,high,room,25.7,open,41.6,0.0
samosa,veg,fried,low,high,fridge,5.6,closed,12.6,38.6
chicken_curry,nonveg,curry,high,medium,room,31.4,closed,21.7,0.0
milk,dairy,liquid,high,low,room,29.1,closed,13.5,0.0
dosa,veg,breakfast,medium,low,room,37.2,open,27.1,0.0
milk,dairy,liquid,high,low,fridge,5.5,closed,12.3,30.52
naan,veg,bread,low,medium,fridge,5.9,open,34.5,5.42
plain_rice,veg,rice,medium,low,room,29.8,closed,7.1,3.51
naan,veg,bread,low,medium,room,25.2,open,12.6,1.0
curd,dairy,liquid,high,low,fridge,3.0,open,38.0,15.56
roti,veg,bread,low,low,room,27.0,closed,23.2,0.34
fish_curry,nonveg,curry,high,low,room,28.2,open,33.7,0.0
naan,veg,bread,low,medium,room,30.1,closed,12.4,5.4
naan,veg,bread,low,medium,room,35.6,open,35.0,0.0
roti,veg,bread,low,low,fridge,6.4,closed,9.5,39.11
chicken_biryani,nonveg,rice,medium,medium,fridge,5.8,closed,26.3,1.52
chicken_curry,nonveg,curry,high,medium,fridge,5.0,closed,22.8,0.88
samosa,veg,fried,low,high,room,29.8,open,46.2,0.0
halwa,veg,sweet,medium,high,room,25.7,open,32.2,0.0
roti,veg,bread,low,low,fridge,3.5,closed,5.6,41.18
plain_rice,veg,rice,medium,low,fridge,3.4,open,22.2,18.41
plain_rice,veg,rice,medium,low,fridge,4.2,open,21.1,14.08
dosa,veg,breakfast,medium,low,room,30.4,open,16.9,0.0
idli,veg,breakfast,medium,low,room,37.4,closed,42.7,0.0
paneer_butter_masala,dairy,curry,high,medium,room,29.1,open,21.7,0.0
idli,veg,breakfast,medium,low,fridge,2.6,closed,33.7,12.36
dal_tadka,veg,curry,high,low,fridge,4.5,closed,16.0,20.51
plain_rice,veg,rice,medium,low,fridge,4.2,open,8.7,28.83
jeera_rice,veg,rice,medium,low,fridge,6.1,closed,21.2,22.09
naan,veg,bread,low,medium,fridge,5.6,open,13.6,40.58
dosa,veg,breakfast,medium,low,fridge,7.5,closed,2.1,34.92
roti,veg,bread,low,low,fridge,5.7,open,5.9,49.35
paneer_butter_masala,dairy,curry,high,medium,room,36.5,open,12.8,0.0
dosa,veg,breakfast,medium,low,room,37.9,open,15.0,0.0
paneer_butter_masala,dairy,curry,high,medium,room,28.6,closed,39.7,0.0
chicken_biryani,nonveg,rice,medium,medium,fridge,3.0,closed,6.2,26.58
chicken_curry,nonveg,curry,high,medium,fridge,2.1,closed,5.2,20.72
milk,dairy,liquid,high,low,fridge,3.5,closed,31.2,21.26
plain_rice,veg,rice,medium,low,room,33.3,closed,12.5,0.0
samosa,veg,fried,low,high,fridge,7.0,open,45.8,0.0
curd,dairy,liquid,high,low,fridge,5.2,open,40.5,0.03
chicken_curry,nonveg,curry,high,medium,room,31.3,open,35.5,0.0
chicken_biryani,nonveg,rice,medium,medium,fridge,3.5,open,6.0,22.85
idli,veg,breakfast,medium,low,fridge,5.1,closed,9.0,32.8
milk,dairy,liquid,high,low,room,36.8,closed,12.5,0.0
dal_tadka,veg,curry,high,low,fridge,3.9,closed,14.2,19.73
paratha,veg,bread,low,high,room,35.8,closed,20.8,0.0
veg_pulao,veg,rice,medium,medium,fridge,7.2,open,47.4,0.0
pakora,veg,fried,low,high,fridge,6.9,closed,23.1,19.25
paneer_butter_masala,dairy,curry,high,medium,room,32.8,open,39.8,0.0
fish_curry,nonveg,curry,high,low,room,26.2,closed,11.2,0.0
roti,veg,bread,low,low,fridge,5.5,closed,22.6,44.73
paratha,veg,bread,low,high,room,32.7,open,14.5,5.32
gulab_jamun,dairy,sweet,high,medium,room,31.3,closed,21.9,0.0
jeera_rice,veg,rice,medium,low,fridge,5.5,closed,11.3,21.37
milk,dairy,liquid,high,low,room,30.2,open,23.4,0.0
roti,veg,bread,low,low,room,24.1,open,11.1,4.85
milk,dairy,liquid,high,low,fridge,4.9,open,3.3,37.25
roti,veg,bread,low,low,fridge,3.6,closed,8.0,44.79
veg_pulao,veg,rice,medium,medium,room,29.8,open,32.2,0.0
naan,veg,bread,low,medium,fridge,4.7,closed,37.2,11.68
paratha,veg,bread,low,high,room,35.3,closed,26.8,0.0
idli,veg,breakfast,medium,low,room,30.7,open,2.9,6.79
pakora,veg,fried,low,high,room,33.5,open,2.7,9.81
curd,dairy,liquid,high,low,fridge,2.0,closed,1.5,46.94
veg_pulao,veg,rice,medium,medium,room,25.0,open,42.8,0.0
chicken_biryani,nonveg,rice,medium,medium,fridge,5.9,open,0.4,27.21
fish_curry,nonveg,curry,high,low,room,34.4,open,2.1,2.31
milk,dairy,liquid,high,low,room,24.8,open,2.1,5.51
plain_rice,veg,rice,medium,low,fridge,5.1,open,47.3,0.0
milk,dairy,liquid,high,low,fridge,4.3,open,12.5,35.52
plain_rice,veg,rice,medium,low,fridge,5.5,closed,25.7,8.86
curd,dairy,liquid,high,low,fridge,7.4,open,19.4,44.65
dal_tadka,veg,curry,high,low,fridge,6.4,open,47.1,0.0
curd,dairy,liquid,high,low,room,29.7,closed,9.6,4.29
paneer_butter_masala,dairy,curry,high,medium,room,37.3,closed,16.5,0.0
paneer_butter_masala,dairy,curry,high,medium,fridge,3.8,open,8.3,14.78
dosa,veg,breakfast,medium,low,fridge,3.7,closed,45.3,0.0
jeera_rice,veg,rice,medium,low,fridge,4.0,open,33.3,0.0
jeera_rice,veg,rice,medium,low,room,26.0,open,22.1,0.0
milk,dairy,liquid,high,low,fridge,5.2,closed,35.5,16.01
roti,veg,bread,low,low,room,32.9,closed,2.1,16.36
chicken_biryani,nonveg,rice,medium,medium,fridge,5.6,open,46.5,0.0
chicken_curry,nonveg,curry,high,medium,fridge,2.0,closed,7.1,16.03
paratha,veg,bread,low,high,room,32.3,closed,4.9,16.89
paratha,veg,bread,low,high,fridge,4.0,open,0.5,55.02
paratha,veg,bread,low,high,fridge,6.9,open,15.7,32.91
dal_tadka,veg,curry,high,low,room,32.5,closed,0.4,13.27
roti,veg,bread,low,low,room,29.6,closed,37.6,0.0
roti,veg,bread,low,low,room,28.7,closed,36.1,0.0
chicken_biryani,nonveg,rice,medium,medium,room,25.6,open,30.2,0.0
naan,veg,bread,low,medium,fridge,7.4,open,3.2,39.17
fish_curry,nonveg,curry,high,low,room,25.5,closed,40.8,0.0
chicken_biryani,nonveg,rice,medium,medium,fridge,4.5,open,4.0,19.91
fish_curry,nonveg,curry,high,low,fridge,2.3,closed,24.0,0.0
veg_pulao,veg,rice,medium,medium,fridge,4.7,closed,18.2,9.89
fish_curry,nonveg,curry,high,low,fridge,3.2,open,42.0,0.0
paneer_butter_masala,dairy,curry,high,medium,fridge,4.1,open,21.7,0.0
roti,veg,bread,low,low,fridge,4.5,closed,32.7,12.12
paratha,veg,bread,low,high,room,32.8,open,11.1,12.71
halwa,veg,sweet,medium,high,fridge,5.1,open,30.0,31.4
roti,veg,bread,low,low,room,36.5,closed,45.4,0.0
paratha,veg,bread,low,high,fridge,4.2,closed,26.0,28.65
pakora,veg,fried,low,high,fridge,4.8,open,15.4,13.17
jeera_rice,veg,rice,medium,low,fridge,7.1,closed,39.6,3.84
plain_rice,veg,rice,medium,low,fridge,4.2,open,25.3,1.74
paneer_butter_masala,dairy,curry,high,medium,fridge,7.4,closed,16.8,14.67
chicken_curry,nonveg,curry,high,medium,fridge,8.0,open,13.7,14.4
pakora,veg,fried,low,high,fridge,3.5,open,20.2,9.79
gulab_jamun,dairy,sweet,high,medium,fridge,2.9,closed,29.3,54.04
veg_pulao,veg,rice,medium,medium,fridge,5.7,closed,6.9,33.87
curd,dairy,liquid,high,low,fridge,6.0,open,7.7,37.28
dal_tadka,veg,curry,high,low,fridge,5.4,open,4.4,24.95
chicken_curry,nonveg,curry,high,medium,room,25.1,open,15.9,0.0
paratha,veg,bread,low,high,room,37.4,open,40.9,0.0
gulab_jamun,dairy,sweet,high,medium,fridge,5.8,open,35.3,13.86
paratha,veg,bread,low,high,fridge,4.0,open,20.7,46.91
halwa,veg,sweet,medium,high,room,29.5,closed,31.5,3.27
chicken_curry,nonveg,curry,high,medium,fridge,2.2,closed,44.6,0.0
paratha,veg,bread,low,high,room,27.3,closed,14.5,8.04
jeera_rice,veg,rice,medium,low,room,25.2,closed,21.6,0.0
chicken_biryani,nonveg,rice,medium,medium,fridge,6.9,closed,14.4,13.81
idli,veg,breakfast,medium,low,room,35.0,closed,36.2,0.0
jeera_rice,veg,rice,medium,low,fridge,7.4,open,21.0,20.98
chicken_biryani,nonveg,rice,medium,medium,room,25.3,closed,21.0,0.0
pakora,veg,fried,low,high,fridge,2.5,closed,33.4,1.82
milk,dairy,liquid,high,low,fridge,3.9,closed,23.9,18.23
fish_curry,nonveg,curry,high,low,room,35.5,open,7.4,0.0
gulab_jamun,dairy,sweet,high,medium,room,34.4,closed,25.6,0.0
pakora,veg,fried,low,high,room,26.7,open,6.1,6.55
veg_pulao,veg,rice,medium,medium,room,30.7,closed,19.4,0.0
paratha,veg,bread,low,high,fridge,6.6,open,19.1,47.63
dosa,veg,breakfast,medium,low,room,28.4,open,31.3,0.0
dal_tadka,veg,curry,high,low,room,26.8,closed,11.1,5.82
dosa,veg,breakfast,medium,low,room,34.5,closed,3.7,7.44
gulab_jamun,dairy,sweet,high,medium,fridge,6.6,closed,40.6,48.08
roti,veg,bread,low,low,fridge,3.5,open,22.3,22.1
dal_tadka,veg,curry,high,low,room,30.0,closed,11.6,4.39
veg_pulao,veg,rice,medium,medium,fridge,7.3,open,43.7,0.0
chicken_biryani,nonveg,rice,medium,medium,fridge,3.7,open,1.9,22.41
roti,veg,bread,low,low,fridge,7.9,closed,17.6,47.39
samosa,veg,fried,low,high,fridge,6.7,closed,2.1,47.86
plain_rice,veg,rice,medium,low,fridge,7.4,open,6.8,21.15
dosa,veg,breakfast,medium,low,fridge,2.8,open,33.9,0.0
plain_rice,veg,rice,medium,low,fridge,4.5,open,38.7,0.0
fish_curry,nonveg,curry,high,low,fridge,6.0,open,11.6,4.52
veg_pulao,veg,rice,medium,medium,fridge,7.9,closed,21.0,12.98
veg_pulao,veg,rice,medium,medium,fridge,3.9,closed,12.9,17.63
halwa,veg,sweet,medium,high,room,25.0,open,9.5,13.96
paneer_butter_masala,dairy,curry,high,medium,fridge,3.6,closed,41.1,0.0
veg_pulao,veg,rice,medium,medium,room,37.0,closed,2.0,6.52
milk,dairy,liquid,high,low,fridge,5.1,open,22.1,12.96
plain_rice,veg,rice,medium,low,room,30.3,open,1.4,6.11
halwa,veg,sweet,medium,high,room,30.3,closed,22.5,0.0
jeera_rice,veg,rice,medium,low,room,29.3,open,4.9,3.74
naan,veg,bread,low,medium,fridge,2.1,closed,16.0,38.96
samosa,veg,fried,low,high,room,30.6,closed,31.5,0.0
chicken_curry,nonveg,curry,high,medium,room,34.7,closed,21.1,0.0
halwa,veg,sweet,medium,high,room,30.9,closed,31.9,0.0
naan,veg,bread,low,medium,fridge,6.0,closed,30.3,30.23
jeera_rice,veg,rice,medium,low,room,37.4,open,14.3,0.0
paneer_butter_masala,dairy,curry,high,medium,room,32.0,open,23.1,0.0
jeera_rice,veg,rice,medium,low,fridge,6.9,open,46.0,0.0
roti,veg,bread,low,low,fridge,6.5,closed,16.3,37.59
milk,dairy,liquid,high,low,room,36.7,open,17.4,0.0
paratha,veg,bread,low,high,fridge,5.5,closed,36.6,23.72
paneer_butter_masala,dairy,curry,high,medium,room,35.1,open,14.6,0.0
naan,veg,bread,low,medium,room,26.5,closed,37.8,0.0
plain_rice,veg,rice,medium,low,fridge,6.4,open,45.9,0.0
paneer_butter_masala,dairy,curry,high,medium,room,26.7,closed,42.8,0.0
chicken_curry,nonveg,curry,high,medium,room,26.1,closed,40.4,0.0
milk,dairy,liquid,high,low,fridge,3.9,closed,26.1,26.6
gulab_jamun,dairy,sweet,high,medium,fridge,6.4,closed,3.9,68.77
paratha,veg,bread,low,high,fridge,6.6,open,20.3,21.63
idli,veg,breakfast,medium,low,room,28.4,open,32.2,0.0
paneer_butter_masala,dairy,curry,high,medium,room,32.0,open,8.8,0.0
chicken_curry,nonveg,curry,high,medium,fridge,4.7,closed,5.5,23.24
roti,veg,bread,low,low,fridge,5.7,closed,5.0,40.45
veg_pulao,veg,rice,medium,medium,room,29.6,open,44.4,0.0
idli,veg,breakfast,medium,low,fridge,3.5,closed,33.3,9.53
gulab_jamun,dairy,sweet,high,medium,fridge,2.7,closed,26.8,48.28
plain_rice,veg,rice,medium,low,fridge,6.1,closed,1.4,39.3
veg_pulao,veg,rice,medium,medium,fridge,5.9,open,35.2,0.0
dal_tadka,veg,curry,high,low,room,24.6,open,27.6,0.0
veg_pulao,veg,rice,medium,medium,room,33.6,closed,12.4,0.0
milk,dairy,liquid,high,low,fridge,7.3,open,29.8,11.28
fish_curry,nonveg,curry,high,low,room,25.2,open,42.0,0.0
pakora,veg,fried,low,high,room,28.2,open,39.9,0.0
gulab_jamun,dairy,sweet,high,medium,room,28.3,closed,11.7,14.85
idli,veg,breakfast,medium,low,room,26.8,open,26.4,0.0
dosa,veg,breakfast,medium,low,room,34.2,open,4.4,4.76
chicken_curry,nonveg,curry,high,medium,room,29.4,closed,24.7,0.0
dosa,veg,breakfast,medium,low,fridge,5.7,open,12.6,9.71
jeera_rice,veg,rice,medium,low,fridge,4.2,open,44.7,0.0
dal_tadka,veg,curry,high,low,fridge,6.5,closed,9.0,24.1
roti,veg,bread,low,low,room,36.5,closed,14.8,5.44
jeera_rice,veg,rice,medium,low,fridge,6.6,closed,9.4,34.28
samosa,veg,fried,low,high,fridge,2.5,open,3.8,35.92
milk,dairy,liquid,high,low,room,35.2,open,30.3,0.0
roti,veg,bread,low,low,room,24.5,closed,36.4,0.0
chicken_curry,nonveg,curry,high,medium,room,31.3,closed,45.6,0.0
plain_rice,veg,rice,medium,low,room,35.5,closed,29.2,0.0
pakora,veg,fried,low,high,fridge,6.8,open,38.6,0.0
roti,veg,bread,low,low,fridge,2.5,closed,42.8,9.14
roti,veg,bread,low,low,room,36.2,closed,22.9,0.0
dosa,veg,breakfast,medium,low,room,28.0,closed,32.1,0.0
chicken_biryani,nonveg,rice,medium,medium,room,31.2,closed,6.5,3.94
naan,veg,bread,low,medium,fridge,7.9,open,17.7,36.1
chicken_curry,nonveg,curry,high,medium,fridge,3.6,open,45.5,0.0
paneer_butter_masala,dairy,curry,high,medium,fridge,3.6,closed,3.7,26.56
curd,dairy,liquid,high,low,room,32.3,open,32.9,0.0
paratha,veg,bread,low,high,fridge,5.5,open,43.7,6.4
milk,dairy,liquid,high,low,fridge,7.8,closed,14.5,30.41
paneer_butter_masala,dairy,curry,high,medium,room,34.9,open,16.9,0.0
paratha,veg,bread,low,high,room,31.8,open,40.0,0.0
idli,veg,breakfast,medium,low,fridge,7.9,open,30.5,11.54
halwa,veg,sweet,medium,high,room,31.5,open,28.9,0.0
pakora,veg,fried,low,high,room,26.5,closed,13.7,3.16
samosa,veg,fried,low,high,fridge,4.5,closed,22.2,20.34
gulab_jamun,dairy,sweet,high,medium,room,25.8,closed,7.7,15.3
pakora,veg,fried,low,high,fridge,7.4,open,39.6,0.0
dal_tadka,veg,curry,high,low,fridge,6.8,open,11.8,20.44
naan,veg,bread,low,medium,room,32.4,open,44.7,0.0
dosa,veg,breakfast,medium,low,fridge,6.5,closed,2.1,35.58
halwa,veg,sweet,medium,high,fridge,2.4,closed,17.8,61.44
milk,dairy,liquid,high,low,room,27.7,closed,41.1,0.0
samosa,veg,fried,low,high,room,28.1,open,27.5,0.0
gulab_jamun,dairy,sweet,high,medium,room,31.3,closed,45.0,0.0
jeera_rice,veg,rice,medium,low,fridge,5.9,open,1.1,39.42
halwa,veg,sweet,medium,high,room,31.0,closed,11.8,11.27
halwa,veg,sweet,medium,high,fridge,5.8,open,14.9,55.34
pakora,veg,fried,low,high,room,37.5,open,37.0,0.0
samosa,veg,fried,low,high,room,32.4,closed,26.1,0.0
halwa,veg,sweet,medium,high,room,32.1,closed,30.4,0.0
halwa,veg,sweet,medium,high,fridge,2.5,open,33.7,15.36
samosa,veg,fried,low,high,fridge,2.8,closed,14.0,38.35
paratha,veg,bread,low,high,room,31.4,closed,42.2,0.0
chicken_curry,nonveg,curry,high,medium,fridge,6.4,closed,20.0,13.94
jeera_rice,veg,rice,medium,low,fridge,2.9,open,18.7,17.47
paneer_butter_masala,dairy,curry,high,medium,room,30.3,open,37.4,0.0
paratha,veg,bread,low,high,fridge,7.0,open,21.3,39.08
gulab_jamun,dairy,sweet,high,medium,room,29.5,closed,33.3,0.0
roti,veg,bread,low,low,fridge,2.4,open,44.0,12.8
dosa,veg,breakfast,medium,low,fridge,6.0,closed,47.6,0.0
dal_tadka,veg,curry,high,low,room,37.0,open,8.7,0.0
dosa,veg,breakfast,medium,low,room,37.1,closed,38.6,0.0
pakora,veg,fried,low,high,room,36.1,closed,26.8,0.0
gulab_jamun,dairy,sweet,high,medium,room,30.9,closed,33.3,0.0
jeera_rice,veg,rice,medium,low,fridge,5.5,open,31.1,4.93
fish_curry,nonveg,curry,high,low,fridge,2.2,closed,9.7,12.24
roti,veg,bread,low,low,room,26.5,open,2.6,11.68
veg_pulao,veg,rice,medium,medium,room,29.7,open,38.4,0.0
paratha,veg,bread,low,high,fridge,6.4,closed,9.1,56.49
curd,dairy,liquid,high,low,fridge,2.3,closed,36.9,10.13
fish_curry,nonveg,curry,high,low,fridge,3.1,closed,24.0,3.46
idli,veg,breakfast,medium,low,fridge,7.8,closed,0.3,44.99
gulab_jamun,dairy,sweet,high,medium,fridge,3.9,open,9.3,38.59
dal_tadka,veg,curry,high,low,room,34.0,open,42.2,0.0
dal_tadka,veg,curry,high,low,fridge,2.7,open,3.2,24.89
dal_tadka,veg,curry,high,low,fridge,3.8,open,25.1,4.14
pakora,veg,fried,low,high,fridge,6.0,closed,6.9,39.71
dosa,veg,breakfast,medium,low,fridge,7.8,closed,21.9,4.27
paneer_butter_masala,dairy,curry,high,medium,room,27.2,open,19.1,0.0
veg_pulao,veg,rice,medium,medium,room,27.9,open,4.0,5.4
pakora,veg,fried,low,high,fridge,7.6,closed,22.1,15.08
curd,dairy,liquid,high,low,room,26.4,open,4.9,6.31
fish_curry,nonveg,curry,high,low,fridge,5.4,open,37.0,0.0
idli,veg,breakfast,medium,low,room,26.1,closed,13.0,0.51
chicken_biryani,nonveg,rice,medium,medium,room,31.3,open,6.4,2.69
fish_curry,nonveg,curry,high,low,room,26.4,closed,30.8,0.0
chicken_curry,nonveg,curry,high,medium,room,29.8,closed,6.9,2.19
chicken_curry,nonveg,curry,high,medium,fridge,3.4,open,36.9,0.0
veg_pulao,veg,rice,medium,medium,room,33.2,open,26.5,0.0
samosa,veg,fried,low,high,room,29.3,closed,39.4,0.0
paratha,veg,bread,low,high,room,32.3,open,24.7,0.0
halwa,veg,sweet,medium,high,fridge,6.5,closed,25.3,39.21
curd,dairy,liquid,high,low,room,35.4,open,8.6,0.18
idli,veg,breakfast,medium,low,room,30.8,closed,36.8,0.0
paneer_butter_masala,dairy,curry,high,medium,room,31.2,closed,7.9,2.06
jeera_rice,veg,rice,medium,low,room,24.6,open,24.2,0.0
idli,veg,breakfast,medium,low,room,27.8,closed,34.8,0.0
paratha,veg,bread,low,high,fridge,7.3,open,27.1,25.01
pakora,veg,fried,low,high,fridge,7.0,closed,18.0,18.7
dal_tadka,veg,curry,high,low,fridge,6.5,open,22.7,7.66
naan,veg,bread,low,medium,fridge,5.3,closed,40.7,11.28
roti,veg,bread,low,low,room,31.1,closed,43.0,0.0
curd,dairy,liquid,high,low,fridge,6.8,open,22.1,18.21
paratha,veg,bread,low,high,room,28.6,closed,36.4,0.0
naan,veg,bread,low,medium,room,34.3,open,36.6,0.0
dosa,veg,breakfast,medium,low,room,36.7,closed,36.2,0.0
chicken_biryani,nonveg,rice,medium,medium,fridge,7.0,closed,36.3,0.12
chicken_biryani,nonveg,rice,medium,medium,room,30.7,closed,29.0,0.0
fish_curry,nonveg,curry,high,low,fridge,4.7,closed,28.9,0.0
fish_curry,nonveg,curry,high,low,fridge,3.7,open,11.3,11.93
milk,dairy,liquid,high,low,room,34.7,closed,15.3,0.0
milk,dairy,liquid,high,low,fridge,8.0,closed,40.1,9.57
naan,veg,bread,low,medium,fridge,2.6,closed,21.5,25.94
roti,veg,bread,low,low,fridge,5.4,closed,7.3,63.66
naan,veg,bread,low,medium,fridge,4.8,open,7.4,39.21
pakora,veg,fried,low,high,room,25.2,closed,39.6,0.0
veg_pulao,veg,rice,medium,medium,fridge,7.8,closed,6.5,28.04
fish_curry,nonveg,curry,high,low,fridge,4.2,closed,20.8,0.0
paneer_butter_masala,dairy,curry,high,medium,room,25.8,closed,3.0,7.38
pakora,veg,fried,low,high,fridge,5.8,open,28.4,5.36
veg_pulao,veg,rice,medium,medium,room,35.1,closed,32.6,0.0
fish_curry,nonveg,curry,high,low,fridge,5.8,open,15.6,3.29
dosa,veg,breakfast,medium,low,room,30.4,open,0.6,6.26
chicken_biryani,nonveg,rice,medium,medium,room,32.9,closed,32.8,0.0
halwa,veg,sweet,medium,high,room,35.0,closed,37.7,0.0
jeera_rice,veg,rice,medium,low,fridge,4.4,open,28.7,2.77
plain_rice,veg,rice,medium,low,fridge,7.7,open,18.6,16.57
naan,veg,bread,low,medium,room,32.0,closed,43.1,0.0
dosa,veg,breakfast,medium,low,room,24.6,open,43.3,0.0
jeera_rice,veg,rice,medium,low,room,34.5,closed,46.0,0.0
dosa,veg,breakfast,medium,low,fridge,2.7,open,47.6,0.0
naan,veg,bread,low,medium,room,35.6,open,9.2,1.83
chicken_biryani,nonveg,rice,medium,medium,fridge,3.7,open,4.2,30.56
pakora,veg,fried,low,high,fridge,7.5,open,26.1,7.83
jeera_rice,veg,rice,medium,low,fridge,2.7,closed,3.8,34.92
gulab_jamun,dairy,sweet,high,medium,fridge,2.2,closed,40.8,24.35
samosa,veg,fried,low,high,room,37.3,closed,12.9,0.0
chicken_curry,nonveg,curry,high,medium,fridge,5.3,closed,4.9,28.21
paratha,veg,bread,low,high,fridge,6.8,closed,36.9,28.83
paratha,veg,bread,low,high,fridge,4.9,open,42.2,14.66
roti,veg,bread,low,low,room,24.3,closed,22.8,3.1
paratha,veg,bread,low,high,room,24.9,closed,37.5,0.0
chicken_biryani,nonveg,rice,medium,medium,fridge,6.6,closed,9.4,17.62
idli,veg,breakfast,medium,low,fridge,5.7,closed,29.9,2.28
veg_pulao,veg,rice,medium,medium,fridge,4.6,open,30.1,0.0
jeera_rice,veg,rice,medium,low,room,37.2,open,28.4,0.0
chicken_curry,nonveg,curry,high,medium,room,30.6,open,46.9,0.0
naan,veg,bread,low,medium,fridge,6.6,closed,31.4,10.08
samosa,veg,fried,low,high,room,37.5,open,9.3,1.89
naan,veg,bread,low,medium,room,28.2,closed,7.8,9.0
paratha,veg,bread,low,high,fridge,5.2,open,10.6,50.93
paneer_butter_masala,dairy,curry,high,medium,room,25.8,closed,10.4,1.03
fish_curry,nonveg,curry,high,low,room,35.6,closed,4.1,2.43
paratha,veg,bread,low,high,room,32.4,closed,8.7,18.06
paratha,veg,bread,low,high,room,27.2,open,13.0,8.47
dosa,veg,breakfast,medium,low,fridge,7.0,open,44.4,0.0
plain_rice,veg,rice,medium,low,room,26.8,closed,36.8,0.0
chicken_biryani,nonveg,rice,medium,medium,fridge,3.2,closed,46.3,0.0
chicken_curry,nonveg,curry,high,medium,fridge,4.9,closed,14.0,22.3
paneer_butter_masala,dairy,curry,high,medium,fridge,7.9,closed,30.9,4.47
roti,veg,bread,low,low,fridge,6.7,open,19.6,22.61
samosa,veg,fried,low,high,fridge,6.7,closed,12.2,44.32
paneer_butter_masala,dairy,curry,high,medium,fridge,4.0,open,17.0,6.75
milk,dairy,liquid,high,low,room,31.6,closed,47.3,0.0
milk,dairy,liquid,high,low,room,36.1,closed,7.7,0.0
paratha,veg,bread,low,high,room,26.9,closed,36.1,0.0
chicken_biryani,nonveg,rice,medium,medium,fridge,4.7,open,33.8,0.0
chicken_biryani,nonveg,rice,medium,medium,room,29.1,closed,41.3,0.0
roti,veg,bread,low,low,room,30.9,open,34.3,0.0
pakora,veg,fried,low,high,room,24.8,open,9.3,2.03
jeera_rice,veg,rice,medium,low,room,24.4,closed,41.0,0.0
paratha,veg,bread,low,high,fridge,6.6,closed,44.0,34.22
roti,veg,bread,low,low,fridge,3.1,open,7.0,43.12
dal_tadka,veg,curry,high,low,room,34.8,closed,47.3,0.0
samosa,veg,fried,low,high,fridge,5.1,closed,42.2,16.11
paneer_butter_masala,dairy,curry,high,medium,fridge,8.0,open,15.0,8.35
samosa,veg,fried,low,high,fridge,3.9,closed,18.1,29.38
naan,veg,bread,low,medium,room,32.7,closed,39.8,0.0
paratha,veg,bread,low,high,fridge,7.8,closed,38.4,20.32
veg_pulao,veg,rice,medium,medium,room,24.9,open,29.8,0.0
curd,dairy,liquid,high,low,room,24.2,open,42.5,0.0
paneer_butter_masala,dairy,curry,high,medium,room,31.2,open,6.5,1.19
plain_rice,veg,rice,medium,low,room,25.3,closed,6.4,6.89
fish_curry,nonveg,curry,high,low,fridge,3.3,closed,4.4,21.68
milk,dairy,liquid,high,low,fridge,2.5,open,18.5,23.94
paneer_butter_masala,dairy,curry,high,medium,fridge,3.7,open,26.3,0.0
pakora,veg,fried,low,high,fridge,5.1,closed,17.5,25.92
dosa,veg,breakfast,medium,low,fridge,4.8,closed,16.5,13.37
veg_pulao,veg,rice,medium,medium,fridge,5.2,open,32.9,0.0
fish_curry,nonveg,curry,high,low,room,28.1,open,39.5,0.0
curd,dairy,liquid,high,low,room,35.1,closed,13.7,0.0
paneer_butter_masala,dairy,curry,high,medium,fridge,3.5,open,41.1,0.0
milk,dairy,liquid,high,low,room,30.7,closed,38.1,0.0
dosa,veg,breakfast,medium,low,room,33.6,closed,1.9,8.82
milk,dairy,liquid,high,low,fridge,5.9,closed,22.0,36.91
jeera_rice,veg,rice,medium,low,room,26.8,closed,0.3,11.49
veg_pulao,veg,rice,medium,medium,room,30.7,open,21.4,0.0
chicken_biryani,nonveg,rice,medium,medium,fridge,3.2,open,40.9,0.0
naan,veg,bread,low,medium,room,27.9,open,33.6,0.0
curd,dairy,liquid,high,low,room,33.6,open,8.5,0.0
fish_curry,nonveg,curry,high,low,fridge,5.2,open,46.7,0.0
naan,veg,bread,low,medium,room,34.0,open,6.2,8.46
idli,veg,breakfast,medium,low,room,27.5,closed,7.5,5.32
halwa,veg,sweet,medium,high,fridge,6.6,open,12.2,47.15
roti,veg,bread,low,low,fridge,5.1,closed,23.0,23.41
plain_rice,veg,rice,medium,low,fridge,6.3,closed,18.6,16.99
dal_tadka,veg,curry,high,low,room,29.3,closed,42.9,0.0
paneer_butter_masala,dairy,curry,high,medium,fridge,3.6,closed,16.5,18.59
roti,veg,bread,low,low,room,27.5,closed,10.4,13.71
paratha,veg,bread,low,high,room,26.9,open,44.1,0.0
milk,dairy,liquid,high,low,room,31.9,open,40.4,0.0
dosa,veg,breakfast,medium,low,room,31.1,open,24.1,0.0
paratha,veg,bread,low,high,fridge,2.4,open,29.7,34.78
fish_curry,nonveg,curry,high,low,room,27.9,open,0.5,4.81
jeera_rice,veg,rice,medium,low,room,27.9,closed,30.8,0.0
samosa,veg,fried,low,high,fridge,7.7,open,18.2,25.37
idli,veg,breakfast,medium,low,fridge,3.7,closed,31.3,0.0
milk,dairy,liquid,high,low,fridge,5.5,open,3.1,28.85
halwa,veg,sweet,medium,high,room,24.5,closed,25.1,1.44
dosa,veg,breakfast,medium,low,room,24.2,open,16.8,0.0
veg_pulao,veg,rice,medium,medium,room,34.8,open,1.4,8.59
gulab_jamun,dairy,sweet,high,medium,room,34.0,closed,33.0,0.0
gulab_jamun,dairy,sweet,high,medium,room,30.6,closed,14.1,7.48
naan,veg,bread,low,medium,room,31.2,closed,40.6,0.0
pakora,veg,fried,low,high,fridge,3.9,open,32.6,0.0
halwa,veg,sweet,medium,high,fridge,4.3,closed,17.1,53.49
paneer_butter_masala,dairy,curry,high,medium,room,29.8,open,6.3,0.16
idli,veg,breakfast,medium,low,fridge,7.5,closed,42.4,5.46
paneer_butter_masala,dairy,curry,high,medium,room,27.1,open,36.1,0.0
jeera_rice,veg,rice,medium,low,fridge,4.2,open,33.0,0.84
pakora,veg,fried,low,high,room,33.8,open,28.5,0.0
dosa,veg,breakfast,medium,low,room,36.1,open,2.9,3.67
plain_rice,veg,rice,medium,low,fridge,4.3,closed,18.7,13.55
samosa,veg,fried,low,high,fridge,5.9,closed,36.7,2.91
chicken_biryani,nonveg,rice,medium,medium,fridge,7.1,closed,24.3,8.51
roti,veg,bread,low,low,room,35.1,open,2.2,8.62
curd,dairy,liquid,high,low,room,27.7,open,15.5,0.0
halwa,veg,sweet,medium,high,room,32.8,closed,16.9,3.15
fish_curry,nonveg,curry,high,low,fridge,5.8,closed,35.9,0.0
veg_pulao,veg,rice,medium,medium,room,35.1,open,38.9,0.0
idli,veg,breakfast,medium,low,room,30.8,closed,46.3,0.0
dal_tadka,veg,curry,high,low,room,28.2,closed,16.4,0.0
dosa,veg,breakfast,medium,low,room,34.0,open,13.8,0.0
pakora,veg,fried,low,high,fridge,4.5,open,46.8,0.0
paratha,veg,bread,low,high,fridge,2.1,open,19.6,39.67
paneer_butter_masala,dairy,curry,high,medium,room,26.3,closed,34.5,0.0
naan,veg,bread,low,medium,fridge,4.7,open,1.9,34.74
pakora,veg,fried,low,high,fridge,3.9,open,11.7,15.18
fish_curry,nonveg,curry,high,low,room,26.2,open,40.5,0.0
curd,dairy,liquid,high,low,room,32.3,open,7.5,2.2
gulab_jamun,dairy,sweet,high,medium,fridge,7.6,open,1.6,64.12
naan,veg,bread,low,medium,fridge,7.4,closed,20.2,21.73
milk,dairy,liquid,high,low,room,30.4,closed,38.6,0.0
paneer_butter_masala,dairy,curry,high,medium,fridge,8.0,open,39.6,0.0
pakora,veg,fried,low,high,room,31.1,open,35.7,0.0
idli,veg,breakfast,medium,low,fridge,5.4,open,30.8,7.23
plain_rice,veg,rice,medium,low,fridge,2.3,closed,36.1,0.0
curd,dairy,liquid,high,low,room,37.2,closed,30.8,0.0
jeera_rice,veg,rice,medium,low,room,31.1,open,18.5,0.0
veg_pulao,veg,rice,medium,medium,room,37.6,open,11.1,0.0
samosa,veg,fried,low,high,fridge,3.8,closed,28.3,27.47
plain_rice,veg,rice,medium,low,room,31.3,open,14.3,0.0
milk,dairy,liquid,high,low,fridge,4.3,open,33.6,2.55
chicken_biryani,nonveg,rice,medium,medium,room,27.7,open,6.8,1.61
chicken_biryani,nonveg,rice,medium,medium,room,27.5,closed,31.1,0.0
paratha,veg,bread,low,high,room,32.5,closed,25.9,0.0
curd,dairy,liquid,high,low,fridge,2.5,closed,44.8,23.38
gulab_jamun,dairy,sweet,high,medium,fridge,2.3,closed,37.9,38.9
plain_rice,veg,rice,medium,low,fridge,4.7,closed,20.2,22.8
milk,dairy,liquid,high,low,fridge,5.7,open,34.9,11.78
chicken_curry,nonveg,curry,high,medium,fridge,4.8,open,27.6,3.63
idli,veg,breakfast,medium,low,room,34.0,open,12.4,0.59
chicken_curry,nonveg,curry,high,medium,room,34.8,open,39.7,0.0
naan,veg,bread,low,medium,fridge,2.9,open,7.9,43.32
veg_pulao,veg,rice,medium,medium,room,32.3,closed,22.5,0.0
paratha,veg,bread,low,high,fridge,7.4,closed,3.3,61.72
veg_pulao,veg,rice,medium,medium,fridge,5.3,open,4.4,24.17
naan,veg,bread,low,medium,fridge,3.8,closed,27.5,11.13
paneer_butter_masala,dairy,curry,high,medium,room,25.7,open,39.5,0.0
dosa,veg,breakfast,medium,low,room,28.3,open,18.0,0.0
dal_tadka,veg,curry,high,low,fridge,2.2,closed,28.7,3.13
milk,dairy,liquid,high,low,fridge,4.1,closed,37.5,4.88
dal_tadka,veg,curry,high,low,fridge,3.8,closed,37.2,2.5
samosa,veg,fried,low,high,fridge,6.4,closed,39.7,0.0
paratha,veg,bread,low,high,room,32.9,open,12.7,7.2
dosa,veg,breakfast,medium,low,room,25.0,open,27.8,0.0
halwa,veg,sweet,medium,high,fridge,4.7,open,33.8,40.85
veg_pulao,veg,rice,medium,medium,fridge,6.1,closed,4.1,34.3
halwa,veg,sweet,medium,high,room,33.3,open,6.4,16.73
pakora,veg,fried,low,high,room,36.4,open,42.9,0.0
curd,dairy,liquid,high,low,room,33.3,open,28.7,0.0
paneer_butter_masala,dairy,curry,high,medium,fridge,7.4,closed,33.6,0.0
roti,veg,bread,low,low,room,27.0,closed,37.2,0.0
milk,dairy,liquid,high,low,room,31.1,closed,26.4,0.0
chicken_curry,nonveg,curry,high,medium,fridge,3.6,open,22.7,0.0
dal_tadka,veg,curry,high,low,room,24.2,closed,8.1,3.27
dosa,veg,breakfast,medium,low,room,24.4,open,4.5,6.2
gulab_jamun,dairy,sweet,high,medium,room,27.5,open,26.3,0.0
paneer_butter_masala,dairy,curry,high,medium,fridge,3.3,closed,30.9,0.0
samosa,veg,fried,low,high,room,26.4,closed,13.3,3.87
chicken_curry,nonveg,curry,high,medium,fridge,2.4,closed,44.1,0.0
gulab_jamun,dairy,sweet,high,medium,room,34.5,closed,24.1,0.0
paneer_butter_masala,dairy,curry,high,medium,fridge,5.2,closed,38.8,0.0
chicken_biryani,nonveg,rice,medium,medium,fridge,2.8,closed,11.0,22.62
roti,veg,bread,low,low,fridge,7.4,open,12.7,39.87
halwa,veg,sweet,medium,high,fridge,5.4,open,31.1,28.21
idli,veg,breakfast,medium,low,fridge,5.2,open,13.1,22.86
dosa,veg,breakfast,medium,low,room,35.7,open,12.1,0.0
chicken_curry,nonveg,curry,high,medium,fridge,5.4,open,9.4,20.24
idli,veg,breakfast,medium,low,fridge,7.8,open,9.6,17.66
roti,veg,bread,low,low,room,24.2,closed,37.6,0.0
pakora,veg,fried,low,high,room,37.6,open,31.4,0.0
dosa,veg,breakfast,medium,low,room,36.2,closed,20.9,0.0
chicken_biryani,nonveg,rice,medium,medium,room,27.0,open,20.0,0.0
pakora,veg,fried,low,high,fridge,2.6,closed,10.1,28.55
roti,veg,bread,low,low,room,30.0,closed,44.4,0.0
paneer_butter_masala,dairy,curry,high,medium,room,24.4,open,36.2,0.0
halwa,veg,sweet,medium,high,fridge,2.9,closed,13.5,49.99
chicken_biryani,nonveg,rice,medium,medium,room,31.3,closed,34.1,0.0
naan,veg,bread,low,medium,fridge,7.9,closed,45.3,7.33
dal_tadka,veg,curry,high,low,room,31.3,closed,26.9,0.0
dal_tadka,veg,curry,high,low,room,32.1,open,21.4,0.0
milk,dairy,liquid,high,low,fridge,5.4,closed,43.9,10.94
dal_tadka,veg,curry,high,low,fridge,6.6,closed,29.9,12.95
samosa,veg,fried,low,high,fridge,2.9,open,30.6,3.38
curd,dairy,liquid,high,low,fridge,7.1,closed,7.5,41.48
dal_tadka,veg,curry,high,low,room,25.9,open,20.6,0.0
curd,dairy,liquid,high,low,room,37.6,closed,10.7,0.0
chicken_curry,nonveg,curry,high,medium,fridge,5.6,open,35.0,0.0
dosa,veg,breakfast,medium,low,fridge,4.8,closed,7.8,17.84
dal_tadka,veg,curry,high,low,room,29.7,closed,5.5,11.71
paratha,veg,bread,low,high,room,28.8,open,7.4,20.19
roti,veg,bread,low,low,fridge,2.3,closed,8.6,36.09
roti,veg,bread,low,low,fridge,7.6,open,45.3,14.73
halwa,veg,sweet,medium,high,room,26.7,closed,0.2,25.4
plain_rice,veg,rice,medium,low,fridge,4.7,closed,15.7,16.81
roti,veg,bread,low,low,fridge,3.8,closed,34.2,15.22
samosa,veg,fried,low,high,room,38.0,closed,35.6,0.0
halwa,veg,sweet,medium,high,room,27.1,open,35.0,0.0
chicken_curry,nonveg,curry,high,medium,fridge,7.6,open,25.8,0.0
chicken_curry,nonveg,curry,high,medium,fridge,6.7,open,46.0,0.0
paratha,veg,bread,low,high,fridge,5.2,closed,19.0,39.31
chicken_biryani,nonveg,rice,medium,medium,room,28.4,closed,19.8,0.0
pakora,veg,fried,low,high,room,36.5,closed,11.0,0.0
veg_pulao,veg,rice,medium,medium,fridge,7.0,open,42.8,0.0
veg_pulao,veg,rice,medium,medium,room,30.2,closed,32.6,0.0
fish_curry,nonveg,curry,high,low,room,25.5,open,39.6,0.0
jeera_rice,veg,rice,medium,low,fridge,2.9,closed,40.9,0.0
pakora,veg,fried,low,high,fridge,4.3,closed,21.8,14.58
curd,dairy,liquid,high,low,fridge,6.6,closed,29.8,20.99
pakora,veg,fried,low,high,room,32.1,open,43.4,0.0
dal_tadka,veg,curry,high,low,room,32.5,open,0.8,7.3
chicken_curry,nonveg,curry,high,medium,room,35.5,open,23.3,0.0
milk,dairy,liquid,high,low,fridge,8.0,closed,16.0,31.66
dosa,veg,breakfast,medium,low,fridge,6.9,closed,37.4,0.0
plain_rice,veg,rice,medium,low,room,33.4,closed,8.7,1.89
chicken_biryani,nonveg,rice,medium,medium,fridge,3.3,open,45.0,0.0
veg_pulao,veg,rice,medium,medium,room,31.0,closed,8.1,0.0
dal_tadka,veg,curry,high,low,fridge,3.3,closed,32.1,12.29
paratha,veg,bread,low,high,fridge,5.5,closed,35.9,38.52
chicken_biryani,nonveg,rice,medium,medium,fridge,4.0,closed,28.0,9.49
veg_pulao,veg,rice,medium,medium,room,29.0,closed,7.5,4.07
roti,veg,bread,low,low,room,34.6,closed,12.2,3.3
fish_curry,nonveg,curry,high,low,room,29.5,open,1.4,4.33
dosa,veg,breakfast,medium,low,fridge,6.8,closed,33.0,0.0
pakora,veg,fried,low,high,room,37.9,open,20.9,0.0
fish_curry,nonveg,curry,high,low,fridge,7.3,closed,43.5,0.0
jeera_rice,veg,rice,medium,low,fridge,5.3,closed,2.1,34.72
gulab_jamun,dairy,sweet,high,medium,room,31.3,closed,4.6,18.29
idli,veg,breakfast,medium,low,fridge,8.0,closed,41.4,0.0
samosa,veg,fried,low,high,fridge,4.7,closed,17.9,20.86
paratha,veg,bread,low,high,room,34.6,closed,24.5,0.0
dal_tadka,veg,curry,high,low,room,37.3,open,4.7,6.07
dal_tadka,veg,curry,high,low,fridge,7.9,open,44.8,0.0
dal_tadka,veg,curry,high,low,fridge,3.4,closed,0.2,38.48
dal_tadka,veg,curry,high,low,fridge,5.7,closed,43.5,4.33
pakora,veg,fried,low,high,fridge,4.2,open,47.8,0.0
paratha,veg,bread,low,high,room,35.2,open,5.4,12.05
dosa,veg,breakfast,medium,low,room,29.9,closed,13.3,0.0
naan,veg,bread,low,medium,fridge,2.6,open,11.5,41.81
samosa,veg,fried,low,high,room,25.7,open,26.4,0.0
plain_rice,veg,rice,medium,low,fridge,3.8,closed,23.7,13.59
veg_pulao,veg,rice,medium,medium,fridge,5.6,open,34.3,0.35
curd,dairy,liquid,high,low,room,34.9,closed,19.1,0.0
veg_pulao,veg,rice,medium,medium,fridge,3.6,closed,14.1,11.77
roti,veg,bread,low,low,room,37.1,closed,39.8,0.0
curd,dairy,liquid,high,low,fridge,2.9,open,40.1,15.13
fish_curry,nonveg,curry,high,low,room,25.8,open,44.9,0.0
gulab_jamun,dairy,sweet,high,medium,room,32.0,open,26.4,0.0
halwa,veg,sweet,medium,high,room,28.3,closed,9.7,14.29
chicken_biryani,nonveg,rice,medium,medium,fridge,7.6,closed,39.3,1.04
milk,dairy,liquid,high,low,room,33.7,open,27.3,0.0
paneer_butter_masala,dairy,curry,high,medium,room,33.1,open,35.5,0.0
paratha,veg,bread,low,high,room,25.0,closed,5.9,14.98
fish_curry,nonveg,curry,high,low,fridge,2.2,closed,4.2,16.0
veg_pulao,veg,rice,medium,medium,fridge,3.9,closed,41.4,0.0
chicken_curry,nonveg,curry,high,medium,room,32.2,closed,0.1,8.33
pakora,veg,fried,low,high,room,28.2,closed,30.4,0.0
samosa,veg,fried,low,high,fridge,2.0,open,39.5,0.0
chicken_biryani,nonveg,rice,medium,medium,fridge,4.0,closed,37.9,3.16
chicken_biryani,nonveg,rice,medium,medium,room,35.2,open,44.2,0.0
dal_tadka,veg,curry,high,low,room,27.5,open,32.9,0.0
dosa,veg,breakfast,medium,low,fridge,2.6,closed,7.9,29.62
naan,veg,bread,low,medium,room,29.6,closed,15.6,1.51
jeera_rice,veg,rice,medium,low,room,32.0,closed,40.0,0.0
dal_tadka,veg,curry,high,low,room,35.8,open,42.0,0.0
idli,veg,breakfast,medium,low,room,27.1,closed,26.7,0.0
naan,veg,bread,low,medium,room,37.4,closed,2.7,12.72
paratha,veg,bread,low,high,fridge,4.6,closed,43.1,20.98
paratha,veg,bread,low,high,room,25.8,closed,35.1,0.0
paratha,veg,bread,low,high,room,31.8,closed,3.7,21.99
plain_rice,veg,rice,medium,low,fridge,7.2,open,20.5,9.31
milk,dairy,liquid,high,low,fridge,7.6,closed,37.1,6.26
curd,dairy,liquid,high,low,fridge,5.9,open,27.0,21.94
chicken_biryani,nonveg,rice,medium,medium,room,29.3,closed,8.3,1.78
plain_rice,veg,rice,medium,low,fridge,5.6,closed,21.0,9.57
curd,dairy,liquid,high,low,fridge,2.1,open,9.2,44.45
fish_curry,nonveg,curry,high,low,room,27.8,closed,7.2,1.74
pakora,veg,fried,low,high,fridge,4.9,open,38.8,0.0
plain_rice,veg,rice,medium,low,room,28.4,open,6.9,4.13
halwa,veg,sweet,medium,high,room,33.0,open,19.2,0.0
dal_tadka,veg,curry,high,low,room,26.4,open,4.3,6.76
chicken_curry,nonveg,curry,high,medium,room,35.7,open,7.6,0.0
dal_tadka,veg,curry,high,low,room,37.7,open,3.8,5.48
samosa,veg,fried,low,high,fridge,7.3,open,43.3,0.0
fish_curry,nonveg,curry,high,low,room,28.1,closed,31.0,0.0
roti,veg,bread,low,low,fridge,4.4,closed,33.0,21.12
dal_tadka,veg,curry,high,low,room,30.4,closed,21.7,0.0
naan,veg,bread,low,medium,fridge,6.6,closed,39.1,5.17
halwa,veg,sweet,medium,high,room,25.8,open,12.7,16.84
pakora,veg,fried,low,high,fridge,6.4,open,19.2,12.4
fish_curry,nonveg,curry,high,low,room,26.9,closed,20.9,0.0
paratha,veg,bread,low,high,fridge,3.7,open,7.5,33.63
jeera_rice,veg,rice,medium,low,fridge,5.9,open,32.1,7.55
jeera_rice,veg,rice,medium,low,room,27.8,closed,16.4,0.0
milk,dairy,liquid,high,low,fridge,3.1,open,30.0,10.25
curd,dairy,liquid,high,low,fridge,7.8,closed,33.7,21.3
plain_rice,veg,rice,medium,low,fridge,6.7,open,33.4,0.0
chicken_biryani,nonveg,rice,medium,medium,room,25.1,open,43.9,0.0
dal_tadka,veg,curry,high,low,room,31.6,closed,31.4,0.0
curd,dairy,liquid,high,low,fridge,4.3,open,38.3,1.15
dal_tadka,veg,curry,high,low,fridge,5.8,open,28.5,4.46
chicken_biryani,nonveg,rice,medium,medium,room,25.0,open,46.8,0.0
naan,veg,bread,low,medium,room,37.0,closed,11.4,5.54
jeera_rice,veg,rice,medium,low,room,26.9,closed,1.7,12.62
plain_rice,veg,rice,medium,low,room,24.7,closed,26.8,0.0
paratha,veg,bread,low,high,fridge,4.2,open,25.4,20.95
halwa,veg,sweet,medium,high,fridge,6.5,open,23.4,31.64
milk,dairy,liquid,high,low,fridge,4.2,open,10.2,40.77
paratha,veg,bread,low,high,fridge,4.5,closed,42.7,27.78
idli,veg,breakfast,medium,low,fridge,6.4,closed,12.1,24.36
paneer_butter_masala,dairy,curry,high,medium,room,32.8,closed,18.8,0.0
roti,veg,bread,low,low,room,32.2,closed,20.4,0.0
gulab_jamun,dairy,sweet,high,medium,fridge,6.9,closed,28.9,49.77
dal_tadka,veg,curry,high,low,fridge,2.7,closed,43.4,0.0
veg_pulao,veg,rice,medium,medium,fridge,7.7,closed,29.8,7.26
halwa,veg,sweet,medium,high,room,29.0,closed,21.1,3.98
veg_pulao,veg,rice,medium,medium,fridge,5.8,open,4.3,18.26
jeera_rice,veg,rice,medium,low,room,37.6,closed,47.6,0.0
jeera_rice,veg,rice,medium,low,fridge,5.3,closed,30.2,16.8
samosa,veg,fried,low,high,fridge,4.6,open,16.0,19.34
dosa,veg,breakfast,medium,low,fridge,3.6,open,0.3,25.97
paneer_butter_masala,dairy,curry,high,medium,room,24.3,closed,37.7,0.0
dal_tadka,veg,curry,high,low,fridge,5.4,closed,15.7,25.22
dosa,veg,breakfast,medium,low,room,27.4,closed,41.3,0.0
pakora,veg,fried,low,high,room,29.7,open,38.7,0.0
dosa,veg,breakfast,medium,low,room,32.8,closed,45.2,0.0
fish_curry,nonveg,curry,high,low,room,25.0,closed,15.7,0.0
milk,dairy,liquid,high,low,fridge,3.0,open,32.1,15.84
naan,veg,bread,low,medium,fridge,6.6,closed,34.7,15.22
chicken_curry,nonveg,curry,high,medium,room,37.1,open,24.3,0.0
pakora,veg,fried,low,high,fridge,6.0,open,7.5,26.42
plain_rice,veg,rice,medium,low,room,26.3,open,10.4,2.16
naan,veg,bread,low,medium,room,24.7,closed,30.7,0.0
halwa,veg,sweet,medium,high,fridge,5.7,closed,21.3,49.66
roti,veg,bread,low,low,fridge,3.1,open,41.3,4.81
halwa,veg,sweet,medium,high,room,37.7,closed,1.5,20.16
chicken_curry,nonveg,curry,high,medium,room,32.2,open,25.6,0.0
dal_tadka,veg,curry,high,low,room,34.4,closed,36.5,0.0
curd,dairy,liquid,high,low,room,24.9,closed,15.5,0.0
fish_curry,nonveg,curry,high,low,fridge,5.8,closed,20.4,2.51
jeera_rice,veg,rice,medium,low,fridge,4.8,closed,28.7,16.94
jeera_rice,veg,rice,medium,low,fridge,5.9,closed,19.6,24.08
dosa,veg,breakfast,medium,low,room,36.5,closed,8.1,2.16
plain_rice,veg,rice,medium,low,fridge,2.9,open,22.1,8.39
pakora,veg,fried,low,high,fridge,3.7,open,13.7,11.82
gulab_jamun,dairy,sweet,high,medium,fridge,6.1,open,20.2,53.74
samosa,veg,fried,low,high,room,32.4,closed,3.3,11.39
fish_curry,nonveg,curry,high,low,room,28.8,closed,26.5,0.0
dal_tadka,veg,curry,high,low,room,24.6,open,40.4,0.0
halwa,veg,sweet,medium,high,room,28.8,closed,35.3,0.0
samosa,veg,fried,low,high,room,27.7,closed,12.3,6.34
milk,dairy,liquid,high,low,room,24.6,open,17.0,0.0
dal_tadka,veg,curry,high,low,room,27.1,closed,9.3,7.8
dosa,veg,breakfast,medium,low,room,35.4,open,33.9,0.0
jeera_rice,veg,rice,medium,low,fridge,8.0,open,21.5,11.67
veg_pulao,veg,rice,medium,medium,room,30.6,open,38.4,0.0
gulab_jamun,dairy,sweet,high,medium,fridge,7.9,open,27.4,24.37
gulab_jamun,dairy,sweet,high,medium,room,24.3,closed,37.5,0.0
dosa,veg,breakfast,medium,low,fridge,2.5,closed,21.2,17.03
paneer_butter_masala,dairy,curry,high,medium,fridge,5.1,closed,17.5,14.3
roti,veg,bread,low,low,room,34.9,open,15.0,0.0
paneer_butter_masala,dairy,curry,high,medium,room,28.4,open,46.4,0.0
veg_pulao,veg,rice,medium,medium,room,31.9,open,7.2,0.0
naan,veg,bread,low,medium,room,29.4,open,12.2,7.78
plain_rice,veg,rice,medium,low,room,36.0,open,32.2,0.0
paneer_butter_masala,dairy,curry,high,medium,room,31.7,closed,37.2,0.0
dal_tadka,veg,curry,high,low,fridge,4.6,open,11.8,17.83
roti,veg,bread,low,low,fridge,2.8,closed,29.8,21.81
fish_curry,nonveg,curry,high,low,fridge,7.6,open,20.9,1.2
chicken_biryani,nonveg,rice,medium,medium,room,26.9,open,14.0,0.0
naan,veg,bread,low,medium,fridge,2.8,open,31.2,13.84
gulab_jamun,dairy,sweet,high,medium,fridge,5.7,closed,45.0,39.37
plain_rice,veg,rice,medium,low,room,24.5,open,11.7,1.32
veg_pulao,veg,rice,medium,medium,fridge,6.4,open,11.3,13.79
pakora,veg,fried,low,high,room,31.3,closed,47.3,0.0
pakora,veg,fried,low,high,fridge,6.0,closed,1.8,44.95
curd,dairy,liquid,high,low,fridge,4.1,closed,36.2,10.91
fish_curry,nonveg,curry,high,low,room,30.8,closed,35.6,0.0
gulab_jamun,dairy,sweet,high,medium,fridge,2.5,open,34.8,32.71
paratha,veg,bread,low,high,fridge,7.1,open,24.3,39.1
plain_rice,veg,rice,medium,low,room,37.4,closed,44.3,0.0
paratha,veg,bread,low,high,fridge,6.8,open,20.5,44.41
curd,dairy,liquid,high,low,room,24.6,open,37.2,0.0
plain_rice,veg,rice,medium,low,fridge,3.6,open,23.5,5.04
naan,veg,bread,low,medium,room,33.5,closed,18.8,0.0
dal_tadka,veg,curry,high,low,room,30.2,open,8.3,3.24
curd,dairy,liquid,high,low,fridge,4.0,closed,6.5,47.78
pakora,veg,fried,low,high,fridge,7.5,closed,22.7,18.42
dosa,veg,breakfast,medium,low,room,37.8,open,32.1,0.0
curd,dairy,liquid,high,low,room,37.9,open,2.9,3.0
roti,veg,bread,low,low,fridge,5.8,closed,15.8,34.24
gulab_jamun,dairy,sweet,high,medium,room,33.2,closed,2.7,12.85
plain_rice,veg,rice,medium,low,fridge,7.2,open,28.9,12.7
pakora,veg,fried,low,high,fridge,2.1,closed,22.6,14.49
samosa,veg,fried,low,high,room,27.9,closed,5.7,18.02
jeera_rice,veg,rice,medium,low,room,33.8,closed,4.5,8.18
pakora,veg,fried,low,high,fridge,3.9,closed,36.2,11.62
pakora,veg,fried,low,high,fridge,3.8,closed,9.1,34.62
veg_pulao,veg,rice,medium,medium,fridge,5.7,open,30.5,0.0
idli,veg,breakfast,medium,low,fridge,5.5,closed,33.5,9.07
dal_tadka,veg,curry,high,low,room,24.2,open,36.8,0.0
dosa,veg,breakfast,medium,low,room,36.6,open,23.5,0.0
curd,dairy,liquid,high,low,fridge,2.3,open,36.1,7.93
roti,veg,bread,low,low,fridge,5.4,closed,32.1,14.79
milk,dairy,liquid,high,low,room,34.1,closed,7.5,0.56
idli,veg,breakfast,medium,low,fridge,2.0,open,27.1,11.95
paneer_butter_masala,dairy,curry,high,medium,room,28.8,open,18.0,0.0
paneer_butter_masala,dairy,curry,high,medium,room,30.3,closed,1.6,8.04
jeera_rice,veg,rice,medium,low,fridge,4.7,closed,46.6,0.0
dosa,veg,breakfast,medium,low,room,28.0,closed,2.2,10.08
curd,dairy,liquid,high,low,fridge,2.7,open,37.2,12.29
gulab_jamun,dairy,sweet,high,medium,room,34.9,open,0.3,12.87
halwa,veg,sweet,medium,high,fridge,2.2,closed,10.7,58.58
paratha,veg,bread,low,high,room,33.3,open,37.0,0.0
chicken_biryani,nonveg,rice,medium,medium,fridge,3.5,closed,37.9,0.0
paneer_butter_masala,dairy,curry,high,medium,fridge,5.0,open,24.3,0.0
chicken_biryani,nonveg,rice,medium,medium,fridge,6.8,open,4.8,29.16
roti,veg,bread,low,low,fridge,6.8,closed,20.8,35.28
dal_tadka,veg,curry,high,low,fridge,8.0,open,45.2,0.0
halwa,veg,sweet,medium,high,room,24.5,closed,13.2,14.69
jeera_rice,veg,rice,medium,low,fridge,4.0,open,32.0,0.0
roti,veg,bread,low,low,fridge,2.5,open,21.8,32.37
chicken_curry,nonveg,curry,high,medium,fridge,4.9,closed,43.3,0.0
gulab_jamun,dairy,sweet,high,medium,fridge,3.3,closed,31.2,37.6
jeera_rice,veg,rice,medium,low,fridge,3.8,closed,31.9,0.0
roti,veg,bread,low,low,fridge,3.5,open,7.9,30.97
curd,dairy,liquid,high,low,fridge,6.5,closed,2.3,49.75
dosa,veg,breakfast,medium,low,fridge,2.5,closed,43.6,0.0
paratha,veg,bread,low,high,fridge,2.7,open,22.8,24.89
dosa,veg,breakfast,medium,low,fridge,4.5,closed,31.7,9.28
idli,veg,breakfast,medium,low,fridge,3.7,open,33.6,0.0
dal_tadka,veg,curry,high,low,room,25.3,open,32.9,0.0
chicken_curry,nonveg,curry,high,medium,room,29.7,closed,43.1,0.0
chicken_curry,nonveg,curry,high,medium,fridge,2.8,open,19.6,4.48
samosa,veg,fried,low,high,fridge,6.2,closed,46.4,0.0
milk,dairy,liquid,high,low,room,37.4,closed,11.4,0.0
naan,veg,bread,low,medium,room,27.5,closed,43.6,0.0
roti,veg,bread,low,low,room,32.5,open,4.6,15.09
paneer_butter_masala,dairy,curry,high,medium,fridge,7.4,closed,18.7,5.42
chicken_curry,nonveg,curry,high,medium,fridge,3.8,closed,5.0,27.21
samosa,veg,fried,low,high,room,31.8,closed,37.0,0.0
samosa,veg,fried,low,high,room,25.0,open,43.7,0.0
curd,dairy,liquid,high,low,room,28.3,open,31.7,0.0
dal_tadka,veg,curry,high,low,room,27.0,open,42.2,0.0
idli,veg,breakfast,medium,low,room,34.0,closed,32.2,0.0
veg_pulao,veg,rice,medium,medium,room,29.7,closed,11.3,0.0
dal_tadka,veg,curry,high,low,room,27.3,open,21.0,0.0
halwa,veg,sweet,medium,high,fridge,6.2,closed,45.7,34.89
dal_tadka,veg,curry,high,low,fridge,7.7,open,29.2,0.0
paneer_butter_masala,dairy,curry,high,medium,room,35.5,closed,24.7,0.0
plain_rice,veg,rice,medium,low,room,35.3,open,32.1,0.0
paratha,veg,bread,low,high,room,27.8,open,20.1,0.77
idli,veg,breakfast,medium,low,fridge,7.3,open,21.3,13.54
chicken_biryani,nonveg,rice,medium,medium,room,30.0,open,19.3,0.0
curd,dairy,liquid,high,low,fridge,6.3,open,21.7,26.88
halwa,veg,sweet,medium,high,room,36.8,open,27.4,0.0
chicken_curry,nonveg,curry,high,medium,fridge,3.8,open,34.3,0.0
dal_tadka,veg,curry,high,low,fridge,3.1,open,12.2,15.27
jeera_rice,veg,rice,medium,low,room,37.6,open,6.9,1.76
paneer_butter_masala,dairy,curry,high,medium,fridge,6.4,closed,44.3,0.0
fish_curry,nonveg,curry,high,low,fridge,5.2,closed,21.1,0.83
pakora,veg,fried,low,high,fridge,3.8,closed,6.4,30.07
curd,dairy,liquid,high,low,fridge,6.5,open,20.1,36.72
gulab_jamun,dairy,sweet,high,medium,room,34.4,open,28.1,0.0
idli,veg,breakfast,medium,low,room,37.0,open,13.1,0.0
pakora,veg,fried,low,high,fridge,4.3,closed,7.2,39.89
roti,veg,bread,low,low,room,37.4,open,16.7,0.0
curd,dairy,liquid,high,low,fridge,5.2,closed,18.4,47.32
roti,veg,bread,low,low,room,35.1,open,30.4,0.0
paneer_butter_masala,dairy,curry,high,medium,fridge,3.1,open,16.9,10.94
paratha,veg,bread,low,high,room,26.5,open,13.2,10.27
gulab_jamun,dairy,sweet,high,medium,room,37.1,open,22.3,0.0
idli,veg,breakfast,medium,low,room,30.2,closed,24.0,0.0
paratha,veg,bread,low,high,fridge,2.3,closed,36.6,36.42
plain_rice,veg,rice,medium,low,fridge,3.7,open,37.6,0.0
samosa,veg,fried,low,high,room,37.7,open,40.3,0.0
curd,dairy,liquid,high,low,fridge,5.2,open,19.0,23.91
idli,veg,breakfast,medium,low,fridge,2.9,closed,0.6,33.23
milk,dairy,liquid,high,low,room,27.5,open,19.3,0.0
veg_pulao,veg,rice,medium,medium,room,33.2,closed,24.8,0.0
idli,veg,breakfast,medium,low,fridge,4.1,open,19.6,21.0
chicken_curry,nonveg,curry,high,medium,fridge,2.5,closed,19.8,4.26
dal_tadka,veg,curry,high,low,fridge,2.6,open,23.3,13.42
roti,veg,bread,low,low,fridge,4.9,open,1.3,54.21
chicken_biryani,nonveg,rice,medium,medium,room,26.3,open,28.3,0.0
jeera_rice,veg,rice,medium,low,fridge,3.6,closed,23.3,6.81
curd,dairy,liquid,high,low,room,37.8,open,8.5,0.34
dosa,veg,breakfast,medium,low,fridge,3.6,closed,13.0,27.51
chicken_curry,nonveg,curry,high,medium,room,27.3,open,29.9,0.0
veg_pulao,veg,rice,medium,medium,fridge,2.9,closed,23.1,13.88
halwa,veg,sweet,medium,high,fridge,7.8,closed,0.2,64.55
halwa,veg,sweet,medium,high,fridge,2.0,closed,11.3,57.8
jeera_rice,veg,rice,medium,low,room,37.4,open,35.5,0.0
naan,veg,bread,low,medium,room,27.9,open,15.8,0.0
halwa,veg,sweet,medium,high,fridge,5.3,closed,23.3,43.89
fish_curry,nonveg,curry,high,low,room,26.6,closed,45.9,0.0
roti,veg,bread,low,low,room,25.1,closed,31.8,0.0
roti,veg,bread,low,low,fridge,8.0,closed,23.4,33.5
jeera_rice,veg,rice,medium,low,room,27.1,closed,22.2,0.0
fish_curry,nonveg,curry,high,low,room,28.3,open,35.6,0.0
jeera_rice,veg,rice,medium,low,room,34.6,closed,37.9,0.0
paneer_butter_masala,dairy,curry,high,medium,room,30.8,closed,34.4,0.0
samosa,veg,fried,low,high,room,25.3,open,12.1,9.59
veg_pulao,veg,rice,medium,medium,room,31.1,closed,9.3,0.38
idli,veg,breakfast,medium,low,fridge,5.5,closed,3.1,38.05
pakora,veg,fried,low,high,room,30.6,closed,2.9,8.81
curd,dairy,liquid,high,low,room,28.9,closed,22.5,0.0
plain_rice,veg,rice,medium,low,room,31.9,open,37.0,0.0
plain_rice,veg,rice,medium,low,fridge,7.3,open,19.0,10.88
halwa,veg,sweet,medium,high,room,32.6,closed,22.8,6.49
gulab_jamun,dairy,sweet,high,medium,fridge,5.2,open,14.8,47.15
veg_pulao,veg,rice,medium,medium,room,26.7,closed,41.1,0.0
jeera_rice,veg,rice,medium,low,fridge,5.8,open,40.1,1.84
veg_pulao,veg,rice,medium,medium,room,34.4,closed,6.9,2.5
gulab_jamun,dairy,sweet,high,medium,room,37.6,open,32.3,0.0
gulab_jamun,dairy,sweet,high,medium,fridge,2.5,closed,25.0,57.73
paratha,veg,bread,low,high,fridge,6.4,closed,18.3,53.45
dosa,veg,breakfast,medium,low,room,29.7,closed,10.8,0.0
curd,dairy,liquid,high,low,fridge,4.0,open,44.7,0.0
idli,veg,breakfast,medium,low,fridge,2.9,closed,30.8,0.0
gulab_jamun,dairy,sweet,high,medium,room,30.1,closed,29.5,0.0
plain_rice,veg,rice,medium,low,room,32.8,closed,15.8,0.0
idli,veg,breakfast,medium,low,room,26.2,closed,44.8,0.0
plain_rice,veg,rice,medium,low,fridge,2.7,closed,6.9,25.02
plain_rice,veg,rice,medium,low,room,26.9,closed,32.1,0.0
roti,veg,bread,low,low,room,37.4,open,26.0,0.0
dal_tadka,veg,curry,high,low,room,35.1,closed,40.9,0.0
plain_rice,veg,rice,medium,low,fridge,5.2,closed,17.1,31.67
milk,dairy,liquid,high,low,fridge,3.0,open,36.7,1.38
curd,dairy,liquid,high,low,room,28.0,open,14.1,0.0
chicken_biryani,nonveg,rice,medium,medium,fridge,2.7,open,47.9,0.0
chicken_biryani,nonveg,rice,medium,medium,room,26.4,closed,2.8,10.34
pakora,veg,fried,low,high,fridge,4.5,open,17.3,24.91
chicken_curry,nonveg,curry,high,medium,fridge,5.6,open,4.6,23.34
chicken_biryani,nonveg,rice,medium,medium,room,26.6,open,40.6,0.0
jeera_rice,veg,rice,medium,low,room,26.0,open,35.1,0.0
samosa,veg,fried,low,high,room,33.3,closed,16.9,4.63
idli,veg,breakfast,medium,low,room,34.3,closed,35.2,0.0
naan,veg,bread,low,medium,room,27.3,closed,37.2,0.0
naan,veg,bread,low,medium,fridge,6.8,open,22.2,30.97
curd,dairy,liquid,high,low,room,24.7,closed,5.9,4.15
naan,veg,bread,low,medium,fridge,2.7,closed,34.2,4.85
roti,veg,bread,low,low,room,34.2,closed,38.8,0.0
chicken_curry,nonveg,curry,high,medium,room,33.1,closed,10.3,0.0
chicken_biryani,nonveg,rice,medium,medium,fridge,5.3,closed,31.2,2.21
plain_rice,veg,rice,medium,low,room,30.1,open,44.6,0.0
paneer_butter_masala,dairy,curry,high,medium,fridge,5.2,open,33.4,0.0
paratha,veg,bread,low,high,fridge,7.9,closed,13.3,43.22
gulab_jamun,dairy,sweet,high,medium,fridge,5.3,open,30.5,42.07
halwa,veg,sweet,medium,high,room,29.0,closed,11.8,18.11
halwa,veg,sweet,medium,high,room,31.2,closed,30.6,0.0
plain_rice,veg,rice,medium,low,room,30.0,open,22.8,0.0
pakora,veg,fried,low,high,fridge,7.1,open,24.6,11.93
fish_curry,nonveg,curry,high,low,room,27.2,open,13.0,0.0
pakora,veg,fried,low,high,fridge,6.2,open,23.0,2.52
curd,dairy,liquid,high,low,room,26.8,open,1.2,10.72
paneer_butter_masala,dairy,curry,high,medium,room,33.6,closed,12.7,0.0
naan,veg,bread,low,medium,fridge,4.0,closed,9.6,52.76
gulab_jamun,dairy,sweet,high,medium,fridge,2.1,open,19.0,42.02
dosa,veg,breakfast,medium,low,fridge,4.4,open,12.1,11.32
naan,veg,bread,low,medium,room,25.0,closed,15.9,4.2
idli,veg,breakfast,medium,low,fridge,5.1,open,35.3,6.58
plain_rice,veg,rice,medium,low,fridge,6.3,closed,33.9,11.22
paneer_butter_masala,dairy,curry,high,medium,fridge,4.8,closed,34.7,0.0
halwa,veg,sweet,medium,high,fridge,3.1,open,25.7,48.0
samosa,veg,fried,low,high,fridge,5.6,closed,30.2,17.06
paneer_butter_masala,dairy,curry,high,medium,room,29.3,open,14.5,0.0
veg_pulao,veg,rice,medium,medium,room,26.9,closed,18.7,0.0
chicken_curry,nonveg,curry,high,medium,fridge,5.1,open,1.6,28.47
roti,veg,bread,low,low,room,29.5,open,37.3,0.0
paratha,veg,bread,low,high,room,25.2,open,5.6,19.08
paneer_butter_masala,dairy,curry,high,medium,room,33.7,closed,29.4,0.0
dal_tadka,veg,curry,high,low,fridge,4.6,closed,6.6,37.55
pakora,veg,fried,low,high,fridge,6.5,closed,18.6,29.58
halwa,veg,sweet,medium,high,fridge,6.9,open,30.0,42.25
curd,dairy,liquid,high,low,room,30.3,open,19.2,0.0
milk,dairy,liquid,high,low,room,25.1,closed,36.8,0.0
roti,veg,bread,low,low,room,28.8,closed,18.1,0.86
halwa,veg,sweet,medium,high,fridge,7.6,closed,2.0,56.54
halwa,veg,sweet,medium,high,room,31.5,open,44.5,0.0
veg_pulao,veg,rice,medium,medium,room,27.6,closed,11.0,2.17
veg_pulao,veg,rice,medium,medium,fridge,2.7,closed,29.7,0.0
fish_curry,nonveg,curry,high,low,fridge,2.8,open,29.4,0.0
plain_rice,veg,rice,medium,low,room,37.2,open,17.4,0.0
plain_rice,veg,rice,medium,low,fridge,2.9,closed,30.0,4.69
curd,dairy,liquid,high,low,room,35.4,closed,47.9,0.0
curd,dairy,liquid,high,low,room,24.5,closed,26.1,0.0
dosa,veg,breakfast,medium,low,fridge,2.9,open,34.2,0.0
veg_pulao,veg,rice,medium,medium,fridge,4.0,open,10.6,15.19
milk,dairy,liquid,high,low,room,26.2,closed,35.8,0.0
pakora,veg,fried,low,high,room,34.2,open,29.8,0.0
roti,veg,bread,low,low,fridge,6.6,closed,30.1,15.32
jeera_rice,veg,rice,medium,low,room,29.3,open,6.9,3.88
milk,dairy,liquid,high,low,room,35.4,open,26.5,0.0
dosa,veg,breakfast,medium,low,room,31.7,closed,11.5,0.0
roti,veg,bread,low,low,fridge,4.5,open,29.1,12.13
samosa,veg,fried,low,high,fridge,6.2,open,22.2,25.25
curd,dairy,liquid,high,low,room,34.3,closed,16.3,0.0
fish_curry,nonveg,curry,high,low,room,30.3,open,43.7,0.0
halwa,veg,sweet,medium,high,fridge,3.6,closed,3.0,63.13
dal_tadka,veg,curry,high,low,fridge,7.9,open,44.3,0.0
jeera_rice,veg,rice,medium,low,room,33.7,closed,45.9,0.0
gulab_jamun,dairy,sweet,high,medium,fridge,7.8,open,4.8,47.36
chicken_biryani,nonveg,rice,medium,medium,room,31.1,closed,43.7,0.0
dal_tadka,veg,curry,high,low,fridge,6.8,open,22.1,17.35
paneer_butter_masala,dairy,curry,high,medium,fridge,3.1,open,5.7,19.95
dal_tadka,veg,curry,high,low,fridge,7.3,closed,9.5,33.6
samosa,veg,fried,low,high,room,24.4,closed,26.3,0.0
dosa,veg,breakfast,medium,low,room,25.5,closed,13.9,0.0
milk,dairy,liquid,high,low,room,33.3,closed,11.7,0.0
paneer_butter_masala,dairy,curry,high,medium,fridge,5.0,closed,1.5,23.93
fish_curry,nonveg,curry,high,low,room,36.7,closed,24.1,0.0
paratha,veg,bread,low,high,room,27.5,open,44.9,0.0
chicken_curry,nonveg,curry,high,medium,room,30.2,open,39.5,0.0
samosa,veg,fried,low,high,room,34.4,closed,17.1,0.0
fish_curry,nonveg,curry,high,low,room,35.5,open,30.9,0.0
idli,veg,breakfast,medium,low,room,27.6,closed,31.4,0.0
chicken_curry,nonveg,curry,high,medium,room,25.7,open,41.7,0.0
curd,dairy,liquid,high,low,room,32.6,closed,42.9,0.0
curd,dairy,liquid,high,low,fridge,3.7,open,43.2,16.93
samosa,veg,fried,low,high,fridge,2.1,open,23.5,20.67
veg_pulao,veg,rice,medium,medium,fridge,3.9,open,34.4,0.0
pakora,veg,fried,low,high,room,28.3,closed,2.8,11.21
dal_tadka,veg,curry,high,low,room,24.9,open,30.1,0.0
pakora,veg,fried,low,high,fridge,3.7,closed,30.8,1.21
idli,veg,breakfast,medium,low,room,30.4,closed,20.4,0.0
samosa,veg,fried,low,high,fridge,3.6,open,7.7,38.69
samosa,veg,fried,low,high,room,34.4,closed,34.4,0.0
curd,dairy,liquid,high,low,room,36.8,open,41.7,0.0
gulab_jamun,dairy,sweet,high,medium,room,35.2,open,44.7,0.0
dosa,veg,breakfast,medium,low,fridge,4.8,open,47.1,0.0
curd,dairy,liquid,high,low,fridge,3.8,open,46.1,12.94
dal_tadka,veg,curry,high,low,room,31.9,closed,32.2,0.0
curd,dairy,liquid,high,low,fridge,4.4,closed,8.2,58.37
gulab_jamun,dairy,sweet,high,medium,fridge,3.9,open,24.0,37.51
paneer_butter_masala,dairy,curry,high,medium,fridge,4.8,open,33.9,0.0
dosa,veg,breakfast,medium,low,fridge,6.9,open,14.5,11.62
dal_tadka,veg,curry,high,low,fridge,3.4,open,20.0,15.18
pakora,veg,fried,low,high,fridge,6.9,closed,2.1,28.61
milk,dairy,liquid,high,low,room,29.2,open,44.7,0.0
curd,dairy,liquid,high,low,room,37.8,open,21.0,0.0
chicken_biryani,nonveg,rice,medium,medium,fridge,4.4,closed,3.6,35.79
paratha,veg,bread,low,high,fridge,8.0,open,0.5,42.63
curd,dairy,liquid,high,low,fridge,7.6,open,19.9,31.04
gulab_jamun,dairy,sweet,high,medium,room,34.0,closed,5.2,11.31
pakora,veg,fried,low,high,room,31.1,closed,18.8,0.0
paneer_butter_masala,dairy,curry,high,medium,room,28.5,closed,33.9,0.0
milk,dairy,liquid,high,low,room,25.5,open,39.2,0.0
halwa,veg,sweet,medium,high,fridge,7.3,closed,12.5,76.31
fish_curry,nonveg,curry,high,low,room,35.8,closed,33.1,0.0
gulab_jamun,dairy,sweet,high,medium,room,31.7,open,15.0,4.73
chicken_curry,nonveg,curry,high,medium,room,35.1,open,39.7,0.0
plain_rice,veg,rice,medium,low,room,27.3,open,21.1,0.0
veg_pulao,veg,rice,medium,medium,fridge,4.4,closed,21.1,19.27
idli,veg,breakfast,medium,low,fridge,4.2,open,33.3,7.82
fish_curry,nonveg,curry,high,low,room,32.2,open,10.0,0.0
idli,veg,breakfast,medium,low,fridge,5.1,open,21.2,19.66
milk,dairy,liquid,high,low,fridge,4.7,closed,22.2,35.33
jeera_rice,veg,rice,medium,low,room,27.3,closed,42.7,0.0
idli,veg,breakfast,medium,low,fridge,2.9,open,12.0,29.74
chicken_biryani,nonveg,rice,medium,medium,fridge,3.7,closed,46.9,0.0
fish_curry,nonveg,curry,high,low,room,26.6,closed,34.8,0.0
dal_tadka,veg,curry,high,low,fridge,5.1,closed,34.4,9.57
jeera_rice,veg,rice,medium,low,fridge,6.6,open,10.7,24.93
plain_rice,veg,rice,medium,low,room,29.7,open,41.6,0.0
dosa,veg,breakfast,medium,low,fridge,3.1,open,37.4,0.0
paratha,veg,bread,low,high,fridge,6.1,closed,14.3,39.17
idli,veg,breakfast,medium,low,fridge,5.7,closed,10.2,29.38
roti,veg,bread,low,low,room,24.5,closed,7.9,8.84
paratha,veg,bread,low,high,fridge,7.9,open,4.8,52.24
chicken_biryani,nonveg,rice,medium,medium,fridge,2.3,open,45.1,0.0
chicken_biryani,nonveg,rice,medium,medium,fridge,2.8,open,33.9,0.0
milk,dairy,liquid,high,low,room,30.6,open,41.6,0.0
gulab_jamun,dairy,sweet,high,medium,fridge,7.8,open,15.1,45.53
naan,veg,bread,low,medium,fridge,2.6,open,24.5,9.27
plain_rice,veg,rice,medium,low,room,26.0,open,32.5,0.0
paratha,veg,bread,low,high,fridge,2.1,closed,14.6,50.33
gulab_jamun,dairy,sweet,high,medium,fridge,2.2,closed,9.4,64.83
chicken_biryani,nonveg,rice,medium,medium,fridge,5.0,open,30.4,1.12
chicken_curry,nonveg,curry,high,medium,fridge,4.9,closed,33.4,0.0
chicken_biryani,nonveg,rice,medium,medium,fridge,2.5,open,14.6,14.95
naan,veg,bread,low,medium,room,29.3,open,16.7,0.0
samosa,veg,fried,low,high,fridge,2.1,closed,4.9,47.83
milk,dairy,liquid,high,low,fridge,6.4,open,1.1,40.68
chicken_biryani,nonveg,rice,medium,medium,room,25.7,closed,19.1,0.0
chicken_curry,nonveg,curry,high,medium,room,30.3,closed,46.6,0.0
paratha,veg,bread,low,high,room,27.8,closed,11.0,10.65
dosa,veg,breakfast,medium,low,room,30.0,open,23.7,0.0
dal_tadka,veg,curry,high,low,fridge,2.4,open,14.4,16.11
jeera_rice,veg,rice,medium,low,fridge,7.8,open,44.9,0.0
chicken_biryani,nonveg,rice,medium,medium,fridge,4.3,closed,10.6,22.11
milk,dairy,liquid,high,low,fridge,4.4,closed,7.2,31.75
jeera_rice,veg,rice,medium,low,room,31.8,closed,17.5,0.0
veg_pulao,veg,rice,medium,medium,room,34.6,open,23.5,0.0
paneer_butter_masala,dairy,curry,high,medium,room,36.0,closed,20.3,0.0
gulab_jamun,dairy,sweet,high,medium,room,33.2,closed,46.6,0.0
naan,veg,bread,low,medium,room,29.5,closed,40.3,0.0
gulab_jamun,dairy,sweet,high,medium,room,35.1,open,16.4,0.0
pakora,veg,fried,low,high,room,26.2,open,21.8,0.0
pakora,veg,fried,low,high,room,30.0,closed,4.6,8.93
veg_pulao,veg,rice,medium,medium,room,27.5,open,42.0,0.0
idli,veg,breakfast,medium,low,fridge,4.6,open,7.0,30.77
curd,dairy,liquid,high,low,fridge,5.2,closed,16.3,55.83
halwa,veg,sweet,medium,high,fridge,6.0,closed,45.8,12.65
roti,veg,bread,low,low,room,24.2,open,44.2,0.0
paneer_butter_masala,dairy,curry,high,medium,fridge,4.0,open,38.1,0.0
halwa,veg,sweet,medium,high,fridge,8.0,open,44.9,22.02
curd,dairy,liquid,high,low,fridge,6.8,closed,25.5,35.34
pakora,veg,fried,low,high,fridge,6.9,open,27.6,3.87
idli,veg,breakfast,medium,low,room,24.8,closed,10.6,5.85
plain_rice,veg,rice,medium,low,room,35.2,closed,31.9,0.0
paratha,veg,bread,low,high,room,30.3,open,11.7,2.74
naan,veg,bread,low,medium,fridge,5.4,open,38.9,7.18
paneer_butter_masala,dairy,curry,high,medium,room,36.5,open,3.5,3.31
paneer_butter_masala,dairy,curry,high,medium,room,34.5,closed,15.6,0.0
milk,dairy,liquid,high,low,fridge,3.1,closed,26.5,19.28
idli,veg,breakfast,medium,low,room,35.1,closed,6.9,2.71
paneer_butter_masala,dairy,curry,high,medium,fridge,2.3,open,4.3,22.22
chicken_biryani,nonveg,rice,medium,medium,fridge,3.6,open,20.1,9.21
samosa,veg,fried,low,high,room,30.5,closed,14.0,7.02
milk,dairy,liquid,high,low,fridge,3.2,open,9.6,32.43
gulab_jamun,dairy,sweet,high,medium,fridge,2.9,closed,42.0,18.2
idli,veg,breakfast,medium,low,room,28.7,closed,36.5,0.0
halwa,veg,sweet,medium,high,fridge,2.6,open,35.2,35.47
veg_pulao,veg,rice,medium,medium,fridge,5.2,open,7.0,26.73
paratha,veg,bread,low,high,room,37.6,closed,4.0,17.87
pakora,veg,fried,low,high,room,24.3,closed,33.1,0.0
naan,veg,bread,low,medium,room,33.0,closed,31.5,0.0
chicken_biryani,nonveg,rice,medium,medium,room,28.1,open,6.0,1.67
gulab_jamun,dairy,sweet,high,medium,room,33.9,closed,41.5,0.0
gulab_jamun,dairy,sweet,high,medium,fridge,3.3,open,16.2,56.03
fish_curry,nonveg,curry,high,low,room,25.9,open,26.6,0.0
curd,dairy,liquid,high,low,room,31.5,closed,13.0,0.0
plain_rice,veg,rice,medium,low,fridge,7.4,closed,1.8,34.89
naan,veg,bread,low,medium,room,36.8,closed,45.4,0.0
fish_curry,nonveg,curry,high,low,fridge,4.3,closed,8.2,14.81
milk,dairy,liquid,high,low,fridge,3.5,closed,6.1,30.55
fish_curry,nonveg,curry,high,low,room,31.1,closed,8.5,0.0
fish_curry,nonveg,curry,high,low,fridge,6.3,open,36.2,0.0
pakora,veg,fried,low,high,room,35.4,closed,39.3,0.0
paneer_butter_masala,dairy,curry,high,medium,room,26.8,open,7.4,0.0
naan,veg,bread,low,medium,room,30.6,closed,36.7,0.0
gulab_jamun,dairy,sweet,high,medium,room,27.4,open,31.5,0.0
jeera_rice,veg,rice,medium,low,fridge,2.4,open,28.4,0.0
curd,dairy,liquid,high,low,fridge,5.1,open,11.5,45.08
plain_rice,veg,rice,medium,low,room,25.1,open,30.9,0.0
pakora,veg,fried,low,high,fridge,6.1,closed,42.0,1.57
pakora,veg,fried,low,high,room,24.5,open,36.2,0.0
plain_rice,veg,rice,medium,low,fridge,7.3,open,22.1,16.93
samosa,veg,fried,low,high,room,37.6,open,15.6,0.0
roti,veg,bread,low,low,fridge,6.3,open,28.2,16.85
paratha,veg,bread,low,high,room,33.3,closed,35.4,0.0
curd,dairy,liquid,high,low,room,26.1,closed,12.4,0.25
chicken_biryani,nonveg,rice,medium,medium,room,25.2,open,12.6,0.0
dal_tadka,veg,curry,high,low,fridge,3.4,closed,6.7,25.98
paratha,veg,bread,low,high,room,35.9,open,27.4,0.0
milk,dairy,liquid,high,low,room,29.5,open,37.8,0.0
dosa,veg,breakfast,medium,low,fridge,6.0,closed,11.4,13.43
halwa,veg,sweet,medium,high,fridge,7.4,open,12.3,43.91
samosa,veg,fried,low,high,fridge,2.7,closed,23.0,14.92
paneer_butter_masala,dairy,curry,high,medium,fridge,5.5,closed,31.1,0.0
curd,dairy,liquid,high,low,fridge,7.1,open,27.4,30.67
samosa,veg,fried,low,high,room,25.6,closed,26.6,0.0
veg_pulao,veg,rice,medium,medium,room,31.4,open,23.4,0.0
plain_rice,veg,rice,medium,low,room,25.0,open,17.4,0.0
milk,dairy,liquid,high,low,fridge,3.2,open,16.2,18.41
paratha,veg,bread,low,high,room,36.8,open,16.0,0.0
chicken_biryani,nonveg,rice,medium,medium,room,37.6,closed,9.6,0.0
milk,dairy,liquid,high,low,fridge,7.4,closed,38.1,5.26
pakora,veg,fried,low,high,fridge,8.0,open,46.7,0.0
dosa,veg,breakfast,medium,low,fridge,3.2,closed,39.3,0.0
gulab_jamun,dairy,sweet,high,medium,fridge,6.5,open,21.1,46.12
chicken_curry,nonveg,curry,high,medium,room,36.8,open,6.4,1.28
curd,dairy,liquid,high,low,fridge,2.9,open,36.7,20.86
dosa,veg,breakfast,medium,low,room,32.8,closed,15.3,0.0
dal_tadka,veg,curry,high,low,room,32.5,open,33.0,0.0
samosa,veg,fried,low,high,fridge,7.2,open,32.1,11.89
curd,dairy,liquid,high,low,room,36.5,closed,16.7,0.0
halwa,veg,sweet,medium,high,room,36.0,open,23.9,0.0
roti,veg,bread,low,low,room,26.4,open,13.1,2.01
milk,dairy,liquid,high,low,fridge,7.2,open,17.1,23.08
halwa,veg,sweet,medium,high,room,35.0,open,2.3,23.79
plain_rice,veg,rice,medium,low,room,31.3,open,44.3,0.0
halwa,veg,sweet,medium,high,fridge,5.1,open,40.6,11.72
halwa,veg,sweet,medium,high,room,30.8,closed,14.3,14.47
naan,veg,bread,low,medium,fridge,4.1,closed,46.0,14.99
paneer_butter_masala,dairy,curry,high,medium,fridge,3.6,open,14.2,13.46
curd,dairy,liquid,high,low,room,37.4,closed,4.4,4.62
jeera_rice,veg,rice,medium,low,fridge,3.4,open,43.6,0.0
samosa,veg,fried,low,high,room,30.4,open,45.0,0.0
dosa,veg,breakfast,medium,low,room,24.8,closed,6.8,4.46
jeera_rice,veg,rice,medium,low,room,27.1,open,42.5,0.0
roti,veg,bread,low,low,fridge,4.6,open,8.4,52.89
plain_rice,veg,rice,medium,low,room,26.9,open,11.6,0.0
pakora,veg,fried,low,high,fridge,7.0,closed,2.0,28.96
paneer_butter_masala,dairy,curry,high,medium,fridge,6.2,open,16.6,5.21
curd,dairy,liquid,high,low,room,35.2,open,46.1,0.0
chicken_curry,nonveg,curry,high,medium,room,36.9,open,10.0,0.0
naan,veg,bread,low,medium,fridge,7.4,closed,43.8,8.66
curd,dairy,liquid,high,low,fridge,4.1,open,22.8,29.5
plain_rice,veg,rice,medium,low,fridge,2.2,open,11.8,23.31
curd,dairy,liquid,high,low,room,24.3,open,23.1,0.0
gulab_jamun,dairy,sweet,high,medium,fridge,3.2,open,47.3,13.23
dal_tadka,veg,curry,high,low,fridge,6.4,closed,16.6,13.37
milk,dairy,liquid,high,low,fridge,7.1,open,16.5,16.16
jeera_rice,veg,rice,medium,low,fridge,5.7,open,8.6,28.82
paneer_butter_masala,dairy,curry,high,medium,fridge,2.9,closed,30.4,5.76
samosa,veg,fried,low,high,room,28.2,closed,47.7,0.0
plain_rice,veg,rice,medium,low,room,31.2,open,16.4,0.0
plain_rice,veg,rice,medium,low,room,25.5,open,37.6,0.0
veg_pulao,veg,rice,medium,medium,fridge,7.9,closed,10.6,19.74
gulab_jamun,dairy,sweet,high,medium,fridge,2.4,closed,35.9,21.74
jeera_rice,veg,rice,medium,low,fridge,4.3,closed,33.7,11.48
halwa,veg,sweet,medium,high,room,35.6,open,6.1,7.89
fish_curry,nonveg,curry,high,low,fridge,5.2,open,14.3,9.71
curd,dairy,liquid,high,low,room,33.1,open,26.2,0.0
paratha,veg,bread,low,high,fridge,8.0,open,14.4,34.69
idli,veg,breakfast,medium,low,room,32.9,closed,43.4,0.0
naan,veg,bread,low,medium,room,28.7,closed,32.6,0.0
chicken_curry,nonveg,curry,high,medium,fridge,6.1,open,45.7,0.0
dosa,veg,breakfast,medium,low,fridge,3.7,open,4.2,23.74
jeera_rice,veg,rice,medium,low,fridge,3.3,open,22.5,7.78
dal_tadka,veg,curry,high,low,fridge,7.5,open,39.2,0.0
jeera_rice,veg,rice,medium,low,fridge,7.5,closed,27.0,22.14
veg_pulao,veg,rice,medium,medium,fridge,2.6,closed,27.5,10.34
samosa,veg,fried,low,high,room,35.0,closed,6.2,12.72
gulab_jamun,dairy,sweet,high,medium,room,35.5,open,47.8,0.0
paneer_butter_masala,dairy,curry,high,medium,fridge,4.7,closed,10.6,12.08
paneer_butter_masala,dairy,curry,high,medium,room,34.4,open,7.7,0.0
gulab_jamun,dairy,sweet,high,medium,room,30.3,closed,8.9,15.86
gulab_jamun,dairy,sweet,high,medium,fridge,2.6,closed,9.1,79.55
roti,veg,bread,low,low,room,32.2,closed,5.9,9.89
jeera_rice,veg,rice,medium,low,fridge,6.7,closed,6.3,24.73
roti,veg,bread,low,low,fridge,3.7,closed,35.6,26.66
samosa,veg,fried,low,high,fridge,7.0,open,13.3,27.47
chicken_biryani,nonveg,rice,medium,medium,room,32.7,closed,31.5,0.0
curd,dairy,liquid,high,low,room,27.4,open,20.4,0.0
plain_rice,veg,rice,medium,low,room,28.1,closed,8.5,5.56
paneer_butter_masala,dairy,curry,high,medium,room,24.3,open,40.9,0.0
jeera_rice,veg,rice,medium,low,fridge,4.6,open,20.0,5.71
chicken_curry,nonveg,curry,high,medium,fridge,4.1,open,28.5,0.0
fish_curry,nonveg,curry,high,low,fridge,8.0,closed,31.5,0.0
fish_curry,nonveg,curry,high,low,fridge,4.2,open,14.5,6.75
milk,dairy,liquid,high,low,fridge,6.9,closed,29.2,15.53
plain_rice,veg,rice,medium,low,fridge,6.5,open,1.1,33.25
milk,dairy,liquid,high,low,room,24.2,open,9.3,0.0
halwa,veg,sweet,medium,high,fridge,7.6,closed,14.2,71.62
samosa,veg,fried,low,high,room,36.4,open,9.4,4.02
chicken_biryani,nonveg,rice,medium,medium,room,37.6,closed,23.3,0.0
paneer_butter_masala,dairy,curry,high,medium,room,35.3,open,36.1,0.0
samosa,veg,fried,low,high,fridge,6.0,closed,20.3,32.93
milk,dairy,liquid,high,low,room,37.8,open,33.8,0.0
naan,veg,bread,low,medium,fridge,6.3,closed,17.2,29.29
curd,dairy,liquid,high,low,room,36.8,closed,37.4,0.0
curd,dairy,liquid,high,low,room,29.5,open,2.0,10.81
jeera_rice,veg,rice,medium,low,room,32.1,open,32.0,0.0
curd,dairy,liquid,high,low,room,34.5,open,42.9,0.0
jeera_rice,veg,rice,medium,low,room,26.5,open,30.1,0.0
samosa,veg,fried,low,high,room,27.3,open,33.8,0.0
gulab_jamun,dairy,sweet,high,medium,room,24.4,closed,17.7,4.68
idli,veg,breakfast,medium,low,fridge,5.1,open,43.1,0.0
samosa,veg,fried,low,high,fridge,2.3,open,17.1,31.65
naan,veg,bread,low,medium,fridge,5.3,closed,15.2,35.78
dosa,veg,breakfast,medium,low,room,28.2,open,24.1,0.0
roti,veg,bread,low,low,fridge,6.3,open,30.9,21.75
idli,veg,breakfast,medium,low,fridge,6.4,closed,34.2,0.25
plain_rice,veg,rice,medium,low,room,27.4,open,14.6,0.0
chicken_curry,nonveg,curry,high,medium,fridge,6.6,open,16.7,14.61
dosa,veg,breakfast,medium,low,room,25.2,closed,6.4,4.0
plain_rice,veg,rice,medium,low,fridge,2.1,closed,34.8,5.86
paratha,veg,bread,low,high,fridge,2.1,open,39.8,2.04
paneer_butter_masala,dairy,curry,high,medium,room,28.2,closed,34.1,0.0
fish_curry,nonveg,curry,high,low,fridge,2.0,closed,23.7,5.51
plain_rice,veg,rice,medium,low,room,36.3,closed,45.6,0.0
plain_rice,veg,rice,medium,low,room,28.7,open,34.4,0.0
gulab_jamun,dairy,sweet,high,medium,fridge,3.3,closed,14.7,44.28
chicken_curry,nonveg,curry,high,medium,fridge,6.3,closed,26.3,7.02
chicken_curry,nonveg,curry,high,medium,room,25.0,open,18.1,0.0
naan,veg,bread,low,medium,fridge,3.3,closed,16.5,46.32
naan,veg,bread,low,medium,room,29.5,open,39.4,0.0
curd,dairy,liquid,high,low,fridge,2.3,open,35.7,3.78
chicken_curry,nonveg,curry,high,medium,fridge,2.7,open,6.4,14.71
idli,veg,breakfast,medium,low,room,24.9,open,12.9,0.47
chicken_curry,nonveg,curry,high,medium,fridge,5.2,closed,2.8,32.14
gulab_jamun,dairy,sweet,high,medium,fridge,2.1,open,20.6,38.36
halwa,veg,sweet,medium,high,room,30.1,open,31.8,0.0
plain_rice,veg,rice,medium,low,fridge,6.6,closed,39.9,0.0
plain_rice,veg,rice,medium,low,room,28.7,open,37.0,0.0
pakora,veg,fried,low,high,room,30.1,open,5.0,5.58
roti,veg,bread,low,low,fridge,7.9,open,39.4,21.23
paneer_butter_masala,dairy,curry,high,medium,room,25.3,closed,20.4,0.0
gulab_jamun,dairy,sweet,high,medium,room,29.3,closed,7.5,17.58
veg_pulao,veg,rice,medium,medium,fridge,4.0,closed,35.0,0.0
pakora,veg,fried,low,high,room,24.5,open,48.0,0.0
dal_tadka,veg,curry,high,low,room,27.7,closed,9.6,2.28
plain_rice,veg,rice,medium,low,room,24.0,closed,34.5,0.0
milk,dairy,liquid,high,low,fridge,3.2,closed,32.7,3.27
veg_pulao,veg,rice,medium,medium,room,31.4,closed,4.4,5.71
paneer_butter_masala,dairy,curry,high,medium,room,26.2,open,30.3,0.0
paratha,veg,bread,low,high,fridge,6.6,open,27.0,20.1
gulab_jamun,dairy,sweet,high,medium,fridge,5.8,closed,41.0,46.07
jeera_rice,veg,rice,medium,low,fridge,7.2,closed,6.9,25.41
halwa,veg,sweet,medium,high,room,33.3,open,43.2,0.0
idli,veg,breakfast,medium,low,fridge,4.6,open,7.5,22.85
dosa,veg,breakfast,medium,low,room,30.8,open,7.4,0.0
dal_tadka,veg,curry,high,low,room,34.1,closed,41.4,0.0
roti,veg,bread,low,low,room,33.6,closed,28.3,0.0
samosa,veg,fried,low,high,room,24.9,open,7.2,6.99
samosa,veg,fried,low,high,room,37.6,closed,9.7,6.1
idli,veg,breakfast,medium,low,room,32.2,open,1.2,10.0
chicken_curry,nonveg,curry,high,medium,fridge,6.0,open,39.2,0.0
idli,veg,breakfast,medium,low,room,24.6,closed,45.9,0.0
samosa,veg,fried,low,high,fridge,5.8,closed,8.4,27.64
dosa,veg,breakfast,medium,low,fridge,3.2,open,18.8,12.71
halwa,veg,sweet,medium,high,room,34.8,open,17.7,1.67
fish_curry,nonveg,curry,high,low,fridge,2.0,closed,46.7,0.0
roti,veg,bread,low,low,room,35.3,open,21.0,0.0
milk,dairy,liquid,high,low,fridge,2.5,closed,35.4,20.07
roti,veg,bread,low,low,room,25.9,closed,1.2,15.95
pakora,veg,fried,low,high,fridge,7.3,closed,32.3,6.12
milk,dairy,liquid,high,low,room,27.0,closed,5.3,2.49
gulab_jamun,dairy,sweet,high,medium,fridge,6.2,open,26.6,50.09
chicken_biryani,nonveg,rice,medium,medium,room,24.8,closed,17.0,0.0
naan,veg,bread,low,medium,room,30.6,open,21.8,0.0
curd,dairy,liquid,high,low,fridge,6.0,closed,10.1,48.05
pakora,veg,fried,low,high,room,25.8,open,0.8,11.22
jeera_rice,veg,rice,medium,low,room,25.7,open,35.0,0.0
dosa,veg,breakfast,medium,low,room,25.2,open,26.9,0.0
jeera_rice,veg,rice,medium,low,room,26.6,open,47.6,0.0
pakora,veg,fried,low,high,room,28.2,closed,14.1,5.41
curd,dairy,liquid,high,low,room,33.6,open,44.3,0.0
idli,veg,breakfast,medium,low,room,26.9,open,7.8,2.28
halwa,veg,sweet,medium,high,room,29.2,closed,29.6,2.61
chicken_biryani,nonveg,rice,medium,medium,fridge,6.6,open,18.7,7.63
samosa,veg,fried,low,high,room,33.7,open,22.6,0.0
idli,veg,breakfast,medium,low,room,29.8,open,37.2,0.0
dal_tadka,veg,curry,high,low,room,27.5,open,47.2,0.0
roti,veg,bread,low,low,fridge,3.0,open,13.1,39.14
paratha,veg,bread,low,high,room,30.4,closed,43.1,0.0
fish_curry,nonveg,curry,high,low,room,32.2,closed,21.1,0.0
halwa,veg,sweet,medium,high,fridge,6.0,closed,5.0,68.75
curd,dairy,liquid,high,low,room,27.8,open,33.7,0.0
gulab_jamun,dairy,sweet,high,medium,fridge,4.2,closed,26.2,36.82
chicken_biryani,nonveg,rice,medium,medium,room,25.2,open,16.6,0.0
naan,veg,bread,low,medium,room,30.3,closed,11.0,4.37
veg_pulao,veg,rice,medium,medium,fridge,2.7,closed,25.4,9.7
samosa,veg,fried,low,high,room,30.0,closed,42.2,0.0
dosa,veg,breakfast,medium,low,fridge,4.8,closed,29.9,7.92
chicken_curry,nonveg,curry,high,medium,room,25.5,open,9.2,0.0
curd,dairy,liquid,high,low,room,31.9,closed,2.9,6.5
plain_rice,veg,rice,medium,low,room,33.4,open,33.3,0.0
paratha,veg,bread,low,high,fridge,7.2,closed,10.0,52.31
curd,dairy,liquid,high,low,fridge,6.8,open,34.6,17.51
naan,veg,bread,low,medium,room,36.9,open,36.4,0.0
chicken_biryani,nonveg,rice,medium,medium,fridge,4.9,closed,24.5,2.54
idli,veg,breakfast,medium,low,fridge,2.5,open,29.4,5.77
roti,veg,bread,low,low,fridge,2.9,open,6.0,33.14
plain_rice,veg,rice,medium,low,fridge,6.1,closed,7.6,25.09
veg_pulao,veg,rice,medium,medium,fridge,2.3,open,11.5,16.56
plain_rice,veg,rice,medium,low,fridge,8.0,closed,20.9,24.79
chicken_biryani,nonveg,rice,medium,medium,room,36.4,closed,25.5,0.0
roti,veg,bread,low,low,fridge,5.5,closed,34.4,13.05
chicken_curry,nonveg,curry,high,medium,room,26.4,open,39.3,0.0
chicken_biryani,nonveg,rice,medium,medium,fridge,2.1,open,11.2,18.42
curd,dairy,liquid,high,low,room,31.1,closed,3.7,8.31
chicken_biryani,nonveg,rice,medium,medium,fridge,6.6,open,6.8,27.59
pakora,veg,fried,low,high,room,28.1,open,31.5,0.0
samosa,veg,fried,low,high,room,27.8,closed,0.3,22.11
fish_curry,nonveg,curry,high,low,room,31.3,closed,11.2,0.0
dal_tadka,veg,curry,high,low,fridge,3.1,open,36.9,0.0
naan,veg,bread,low,medium,fridge,7.0,open,18.9,16.91
idli,veg,breakfast,medium,low,room,35.9,closed,29.5,0.0
curd,dairy,liquid,high,low,room,37.1,closed,32.0,0.0
plain_rice,veg,rice,medium,low,room,35.9,closed,25.7,0.0
plain_rice,veg,rice,medium,low,fridge,5.8,open,11.9,14.85
dal_tadka,veg,curry,high,low,room,31.3,closed,42.7,0.0
paneer_butter_masala,dairy,curry,high,medium,room,32.6,closed,0.4,7.37
halwa,veg,sweet,medium,high,room,30.6,open,24.1,0.0
milk,dairy,liquid,high,low,room,27.5,open,30.6,0.0
plain_rice,veg,rice,medium,low,fridge,2.2,closed,2.0,36.68
gulab_jamun,dairy,sweet,high,medium,fridge,6.6,closed,41.9,15.25
plain_rice,veg,rice,medium,low,room,25.7,closed,7.1,8.1
naan,veg,bread,low,medium,room,28.8,closed,31.8,0.0
plain_rice,veg,rice,medium,low,room,37.9,open,28.0,0.0
fish_curry,nonveg,curry,high,low,fridge,2.3,closed,28.9,0.0
plain_rice,veg,rice,medium,low,fridge,6.9,closed,39.7,4.15
samosa,veg,fried,low,high,room,31.0,closed,41.5,0.0
chicken_biryani,nonveg,rice,medium,medium,fridge,4.7,closed,26.8,4.99
roti,veg,bread,low,low,fridge,5.6,closed,18.0,33.36
samosa,veg,fried,low,high,fridge,4.7,closed,1.6,41.83
halwa,veg,sweet,medium,high,room,36.0,open,22.2,0.0
fish_curry,nonveg,curry,high,low,room,29.1,closed,19.7,0.0
chicken_biryani,nonveg,rice,medium,medium,room,25.9,closed,4.6,6.39
fish_curry,nonveg,curry,high,low,fridge,5.7,open,5.5,11.74
veg_pulao,veg,rice,medium,medium,room,36.1,open,25.7,0.0
chicken_curry,nonveg,curry,high,medium,room,31.6,open,35.5,0.0
plain_rice,veg,rice,medium,low,fridge,2.3,closed,19.4,19.74
paratha,veg,bread,low,high,room,33.1,closed,40.2,0.0
halwa,veg,sweet,medium,high,fridge,5.4,open,23.0,50.28
milk,dairy,liquid,high,low,fridge,5.0,closed,40.5,8.34
dal_tadka,veg,curry,high,low,room,33.4,closed,20.1,0.0
roti,veg,bread,low,low,fridge,3.3,closed,14.7,35.62
roti,veg,bread,low,low,room,24.7,closed,37.4,0.0
veg_pulao,veg,rice,medium,medium,fridge,2.5,open,14.7,15.38
dal_tadka,veg,curry,high,low,room,29.1,open,42.0,0.0
milk,dairy,liquid,high,low,room,37.4,open,47.2,0.0
plain_rice,veg,rice,medium,low,room,26.5,open,17.5,0.0
plain_rice,veg,rice,medium,low,fridge,2.8,closed,5.6,42.23
paneer_butter_masala,dairy,curry,high,medium,room,34.0,closed,43.6,0.0
samosa,veg,fried,low,high,fridge,5.6,open,0.1,40.84
chicken_biryani,nonveg,rice,medium,medium,fridge,7.3,closed,7.2,31.12
dosa,veg,breakfast,medium,low,fridge,4.9,open,1.6,28.91
idli,veg,breakfast,medium,low,room,25.0,closed,33.4,0.0
paneer_butter_masala,dairy,curry,high,medium,room,34.7,closed,45.8,0.0
fish_curry,nonveg,curry,high,low,fridge,3.2,closed,3.3,23.68
naan,veg,bread,low,medium,room,33.4,closed,34.7,0.0
milk,dairy,liquid,high,low,room,30.7,open,38.2,0.0
milk,dairy,liquid,high,low,fridge,4.5,closed,0.5,40.38
milk,dairy,liquid,high,low,room,30.0,closed,7.7,0.41
gulab_jamun,dairy,sweet,high,medium,fridge,4.2,closed,35.5,21.73
dosa,veg,breakfast,medium,low,fridge,2.3,closed,26.2,0.0
idli,veg,breakfast,medium,low,room,36.2,closed,10.5,0.0
roti,veg,bread,low,low,fridge,6.9,closed,10.9,41.75
veg_pulao,veg,rice,medium,medium,room,25.5,closed,31.5,0.0
dosa,veg,breakfast,medium,low,fridge,7.2,open,9.3,16.65
curd,dairy,liquid,high,low,room,25.0,closed,11.1,1.09
curd,dairy,liquid,high,low,room,31.0,open,7.7,1.77
paneer_butter_masala,dairy,curry,high,medium,fridge,6.3,open,24.9,0.0
paneer_butter_masala,dairy,curry,high,medium,fridge,5.8,open,22.8,6.83
fish_curry,nonveg,curry,high,low,room,36.9,open,1.5,2.68
plain_rice,veg,rice,medium,low,fridge,5.1,closed,7.4,34.79
chicken_biryani,nonveg,rice,medium,medium,room,33.5,closed,37.2,0.0
naan,veg,bread,low,medium,room,25.8,open,23.4,0.0
chicken_biryani,nonveg,rice,medium,medium,fridge,5.3,open,46.6,0.0
dosa,veg,breakfast,medium,low,fridge,4.7,open,27.3,0.0
gulab_jamun,dairy,sweet,high,medium,fridge,7.5,open,21.5,37.3
roti,veg,bread,low,low,room,31.3,closed,34.4,0.0
plain_rice,veg,rice,medium,low,room,28.5,open,43.6,0.0
fish_curry,nonveg,curry,high,low,room,37.5,open,41.5,0.0
fish_curry,nonveg,curry,high,low,fridge,5.1,closed,33.2,0.0
plain_rice,veg,rice,medium,low,room,28.3,closed,11.4,3.49
halwa,veg,sweet,medium,high,fridge,3.3,closed,7.1,59.54
naan,veg,bread,low,medium,fridge,4.9,open,21.7,26.13
pakora,veg,fried,low,high,fridge,6.9,open,19.4,16.55
plain_rice,veg,rice,medium,low,fridge,4.9,closed,11.3,21.75
gulab_jamun,dairy,sweet,high,medium,room,24.3,closed,19.2,3.83
plain_rice,veg,rice,medium,low,fridge,4.5,closed,39.9,1.98
roti,veg,bread,low,low,room,30.7,closed,6.1,8.15
roti,veg,bread,low,low,room,34.7,open,5.2,12.42
roti,veg,bread,low,low,room,25.9,open,30.7,0.0
gulab_jamun,dairy,sweet,high,medium,room,34.4,open,36.0,0.0
dal_tadka,veg,curry,high,low,fridge,4.8,closed,30.7,0.0
dal_tadka,veg,curry,high,low,room,27.7,open,11.2,0.0
roti,veg,bread,low,low,room,36.0,closed,0.8,14.36
paneer_butter_masala,dairy,curry,high,medium,fridge,5.6,closed,19.7,3.9
jeera_rice,veg,rice,medium,low,room,29.3,closed,3.0,8.06
naan,veg,bread,low,medium,fridge,3.0,closed,40.9,17.41
gulab_jamun,dairy,sweet,high,medium,room,31.6,open,39.0,0.0
gulab_jamun,dairy,sweet,high,medium,fridge,3.1,open,32.7,34.25
pakora,veg,fried,low,high,fridge,6.6,closed,15.4,19.84
plain_rice,veg,rice,medium,low,fridge,7.7,closed,15.6,16.13
fish_curry,nonveg,curry,high,low,room,28.2,open,44.9,0.0
chicken_biryani,nonveg,rice,medium,medium,fridge,4.5,open,18.0,7.07
naan,veg,bread,low,medium,room,28.0,open,24.8,0.0
plain_rice,veg,rice,medium,low,fridge,6.7,closed,6.5,27.9
curd,dairy,liquid,high,low,fridge,4.2,open,19.6,44.4
chicken_curry,nonveg,curry,high,medium,room,34.1,open,35.8,0.0
fish_curry,nonveg,curry,high,low,fridge,3.7,closed,5.0,13.8
chicken_biryani,nonveg,rice,medium,medium,fridge,4.0,closed,21.2,18.98
idli,veg,breakfast,medium,low,room,27.8,open,18.3,0.0
milk,dairy,liquid,high,low,room,30.5,open,46.7,0.0
roti,veg,bread,low,low,room,25.6,closed,37.3,0.0
curd,dairy,liquid,high,low,room,35.4,closed,35.4,0.0
roti,veg,bread,low,low,fridge,6.5,open,19.4,36.36
chicken_curry,nonveg,curry,high,medium,fridge,6.4,open,44.1,0.0
jeera_rice,veg,rice,medium,low,room,37.8,closed,36.6,0.0
veg_pulao,veg,rice,medium,medium,fridge,2.3,closed,44.1,0.0
fish_curry,nonveg,curry,high,low,room,26.3,closed,22.3,0.0
veg_pulao,veg,rice,medium,medium,fridge,2.2,closed,39.1,0.0
fish_curry,nonveg,curry,high,low,room,25.5,open,28.0,0.0
curd,dairy,liquid,high,low,room,34.1,closed,18.6,0.0
paneer_butter_masala,dairy,curry,high,medium,fridge,2.3,closed,33.3,0.0
veg_pulao,veg,rice,medium,medium,fridge,4.2,open,26.4,0.0
dosa,veg,breakfast,medium,low,fridge,2.9,open,9.6,23.62
veg_pulao,veg,rice,medium,medium,room,33.0,closed,27.7,0.0
roti,veg,bread,low,low,room,30.1,open,27.4,0.0
gulab_jamun,dairy,sweet,high,medium,fridge,4.9,open,2.8,44.65
chicken_curry,nonveg,curry,high,medium,room,31.9,open,41.0,0.0
fish_curry,nonveg,curry,high,low,room,30.2,closed,15.7,0.0
dal_tadka,veg,curry,high,low,room,35.1,closed,37.3,0.0
plain_rice,veg,rice,medium,low,fridge,3.0,open,23.8,14.75
dosa,veg,breakfast,medium,low,room,30.2,open,11.3,0.0
samosa,veg,fried,low,high,fridge,4.8,closed,4.0,33.29
jeera_rice,veg,rice,medium,low,fridge,5.0,open,27.4,7.89
halwa,veg,sweet,medium,high,fridge,2.7,closed,31.4,57.06
milk,dairy,liquid,high,low,fridge,4.4,open,38.8,10.64
roti,veg,bread,low,low,fridge,7.1,closed,46.6,18.23
paneer_butter_masala,dairy,curry,high,medium,fridge,4.7,closed,2.4,23.9
paratha,veg,bread,low,high,room,35.8,closed,44.5,0.0
milk,dairy,liquid,high,low,fridge,4.4,closed,11.3,38.0
roti,veg,bread,low,low,room,29.7,open,11.3,6.07
milk,dairy,liquid,high,low,room,28.2,closed,34.6,0.0
plain_rice,veg,rice,medium,low,room,37.4,open,21.1,0.0
halwa,veg,sweet,medium,high,room,32.9,closed,8.0,11.46
halwa,veg,sweet,medium,high,room,35.7,open,35.4,0.0
gulab_jamun,dairy,sweet,high,medium,fridge,4.6,closed,45.9,33.7
milk,dairy,liquid,high,low,fridge,7.8,closed,2.7,42.11
chicken_biryani,nonveg,rice,medium,medium,fridge,6.8,closed,30.9,0.0
pakora,veg,fried,low,high,fridge,4.5,open,46.2,0.0
paratha,veg,bread,low,high,fridge,5.7,closed,41.1,25.88
dosa,veg,breakfast,medium,low,fridge,5.6,closed,32.0,8.54
roti,veg,bread,low,low,fridge,2.1,closed,44.1,10.04
pakora,veg,fried,low,high,room,34.8,open,45.5,0.0
dal_tadka,veg,curry,high,low,room,28.9,open,9.7,2.49
paratha,veg,bread,low,high,room,27.4,closed,21.6,10.67
veg_pulao,veg,rice,medium,medium,room,25.1,closed,8.7,0.27
dal_tadka,veg,curry,high,low,room,30.8,open,45.6,0.0
gulab_jamun,dairy,sweet,high,medium,fridge,2.0,closed,27.9,48.95
veg_pulao,veg,rice,medium,medium,fridge,6.8,open,9.2,19.23
paratha,veg,bread,low,high,fridge,7.0,closed,44.6,15.3
chicken_biryani,nonveg,rice,medium,medium,fridge,7.8,closed,0.6,24.41
idli,veg,breakfast,medium,low,fridge,5.0,closed,22.8,17.12
veg_pulao,veg,rice,medium,medium,fridge,6.8,closed,28.1,3.88
dosa,veg,breakfast,medium,low,fridge,6.0,closed,7.6,30.09
naan,veg,bread,low,medium,fridge,7.3,open,26.2,14.49
pakora,veg,fried,low,high,room,30.1,closed,38.0,0.0
veg_pulao,veg,rice,medium,medium,fridge,4.6,open,26.5,0.0
fish_curry,nonveg,curry,high,low,fridge,4.8,open,33.6,0.0
gulab_jamun,dairy,sweet,high,medium,room,35.5,open,2.5,13.2
dal_tadka,veg,curry,high,low,fridge,2.1,open,29.7,0.94
milk,dairy,liquid,high,low,room,24.5,closed,7.6,0.65
paratha,veg,bread,low,high,room,24.5,closed,42.2,0.0
dosa,veg,breakfast,medium,low,fridge,4.2,open,19.8,2.5
naan,veg,bread,low,medium,fridge,3.5,closed,33.8,14.0
chicken_curry,nonveg,curry,high,medium,room,37.2,open,4.3,2.07
halwa,veg,sweet,medium,high,room,26.7,closed,33.2,0.0
paratha,veg,bread,low,high,fridge,7.1,open,10.5,36.56
halwa,veg,sweet,medium,high,room,33.5,closed,36.1,0.0
dal_tadka,veg,curry,high,low,room,27.6,open,38.9,0.0
jeera_rice,veg,rice,medium,low,fridge,3.9,closed,13.9,26.56
jeera_rice,veg,rice,medium,low,room,34.1,closed,22.6,0.0
milk,dairy,liquid,high,low,room,34.5,open,21.7,0.0
pakora,veg,fried,low,high,fridge,6.3,open,20.2,17.09
jeera_rice,veg,rice,medium,low,fridge,4.2,closed,28.2,15.22
gulab_jamun,dairy,sweet,high,medium,fridge,2.2,closed,28.0,39.29
paneer_butter_masala,dairy,curry,high,medium,room,30.7,open,45.0,0.0
gulab_jamun,dairy,sweet,high,medium,fridge,2.1,closed,11.3,55.33
dosa,veg,breakfast,medium,low,fridge,2.2,open,30.4,0.0
paratha,veg,bread,low,high,fridge,2.0,closed,34.3,14.19
jeera_rice,veg,rice,medium,low,room,35.9,open,33.1,0.0
halwa,veg,sweet,medium,high,fridge,5.7,open,35.6,38.13
idli,veg,breakfast,medium,low,room,27.4,closed,3.2,10.25
pakora,veg,fried,low,high,fridge,3.9,open,18.9,11.9
pakora,veg,fried,low,high,fridge,5.9,open,28.9,12.63
milk,dairy,liquid,high,low,fridge,7.6,open,27.3,14.44
milk,dairy,liquid,high,low,fridge,6.4,open,15.0,26.1
fish_curry,nonveg,curry,high,low,room,28.2,open,5.0,2.29
idli,veg,breakfast,medium,low,fridge,4.4,open,24.7,17.64
fish_curry,nonveg,curry,high,low,fridge,2.2,open,14.3,8.05
chicken_biryani,nonveg,rice,medium,medium,room,31.1,closed,20.0,0.0
paratha,veg,bread,low,high,fridge,5.0,closed,20.5,42.39
pakora,veg,fried,low,high,fridge,2.5,open,1.3,38.52
fish_curry,nonveg,curry,high,low,room,37.5,open,15.6,0.0
chicken_curry,nonveg,curry,high,medium,fridge,4.1,closed,27.3,9.7
dal_tadka,veg,curry,high,low,room,24.7,closed,21.1,0.0
chicken_curry,nonveg,curry,high,medium,fridge,7.0,open,31.8,0.0
paneer_butter_masala,dairy,curry,high,medium,fridge,4.1,open,38.1,0.0
naan,veg,bread,low,medium,room,34.0,open,19.2,0.0
halwa,veg,sweet,medium,high,room,37.0,closed,23.6,0.0
fish_curry,nonveg,curry,high,low,room,28.3,open,7.1,0.0
fish_curry,nonveg,curry,high,low,fridge,6.7,closed,46.8,0.0
dal_tadka,veg,curry,high,low,fridge,2.9,open,6.7,33.49
idli,veg,breakfast,medium,low,fridge,4.2,open,45.4,0.0
halwa,veg,sweet,medium,high,room,33.6,open,11.9,4.2
chicken_biryani,nonveg,rice,medium,medium,room,26.0,open,47.4,0.0
samosa,veg,fried,low,high,fridge,2.2,closed,42.0,16.07
dal_tadka,veg,curry,high,low,fridge,3.9,closed,44.0,0.0
paratha,veg,bread,low,high,fridge,6.0,open,15.0,48.49
pakora,veg,fried,low,high,room,30.9,closed,14.6,1.61
milk,dairy,liquid,high,low,room,28.1,closed,24.4,0.0
naan,veg,bread,low,medium,fridge,4.7,open,31.6,13.24
dosa,veg,breakfast,medium,low,room,26.4,closed,28.2,0.0
paratha,veg,bread,low,high,room,27.4,closed,17.5,9.12
plain_rice,veg,rice,medium,low,fridge,6.0,open,20.7,13.65
dal_tadka,veg,curry,high,low,fridge,6.2,open,16.9,17.01
fish_curry,nonveg,curry,high,low,room,36.4,open,8.5,0.0
chicken_curry,nonveg,curry,high,medium,fridge,7.5,open,22.8,7.07
jeera_rice,veg,rice,medium,low,room,29.2,closed,29.5,0.0
jeera_rice,veg,rice,medium,low,room,24.9,closed,44.7,0.0
jeera_rice,veg,rice,medium,low,fridge,4.8,closed,13.2,33.81
milk,dairy,liquid,high,low,room,24.7,open,22.6,0.0
curd,dairy,liquid,high,low,fridge,4.0,closed,1.2,56.43
chicken_curry,nonveg,curry,high,medium,fridge,6.0,open,17.6,10.13
halwa,veg,sweet,medium,high,fridge,3.7,open,37.8,28.56
milk,dairy,liquid,high,low,fridge,4.9,closed,13.4,45.2
halwa,veg,sweet,medium,high,room,27.2,open,14.1,15.78
chicken_curry,nonveg,curry,high,medium,fridge,3.3,open,20.3,1.69
roti,veg,bread,low,low,room,32.0,closed,38.6,0.0
naan,veg,bread,low,medium,room,24.4,open,18.7,0.0
plain_rice,veg,rice,medium,low,fridge,5.7,closed,13.1,28.61
naan,veg,bread,low,medium,room,26.8,open,34.1,0.0
chicken_curry,nonveg,curry,high,medium,room,35.7,closed,10.7,0.0
veg_pulao,veg,rice,medium,medium,room,35.6,closed,31.0,0.0
chicken_biryani,nonveg,rice,medium,medium,fridge,5.8,open,12.3,13.76
veg_pulao,veg,rice,medium,medium,room,27.8,closed,10.4,0.0
samosa,veg,fried,low,high,room,24.2,closed,1.2,19.35
veg_pulao,veg,rice,medium,medium,room,28.6,closed,45.1,0.0
roti,veg,bread,low,low,room,31.6,closed,12.3,9.41
paneer_butter_masala,dairy,curry,high,medium,fridge,3.4,open,23.6,0.0
idli,veg,breakfast,medium,low,room,31.0,open,15.2,0.0
roti,veg,bread,low,low,fridge,3.1,closed,12.0,32.94
naan,veg,bread,low,medium,room,25.3,closed,39.2,0.0
paneer_butter_masala,dairy,curry,high,medium,fridge,3.9,closed,6.6,17.32
fish_curry,nonveg,curry,high,low,fridge,2.8,closed,7.5,14.48
curd,dairy,liquid,high,low,room,30.9,closed,4.4,3.54
samosa,veg,fried,low,high,fridge,3.4,closed,2.0,54.48
dal_tadka,veg,curry,high,low,room,34.2,closed,7.7,2.38
paratha,veg,bread,low,high,fridge,6.5,closed,5.3,49.29
pakora,veg,fried,low,high,room,32.3,closed,43.2,0.0
dal_tadka,veg,curry,high,low,room,35.8,open,13.8,0.0
chicken_biryani,nonveg,rice,medium,medium,room,27.8,open,36.7,0.0
naan,veg,bread,low,medium,fridge,3.9,open,20.3,29.44
roti,veg,bread,low,low,room,32.0,open,41.6,0.0
idli,veg,breakfast,medium,low,room,30.2,open,12.0,0.0
jeera_rice,veg,rice,medium,low,fridge,3.5,closed,16.7,24.23
pakora,veg,fried,low,high,fridge,3.7,open,36.4,0.0
roti,veg,bread,low,low,fridge,2.6,closed,40.6,11.41
chicken_biryani,nonveg,rice,medium,medium,fridge,5.3,closed,10.0,17.85
jeera_rice,veg,rice,medium,low,room,27.6,open,4.0,9.03
idli,veg,breakfast,medium,low,fridge,4.7,open,32.8,1.87
milk,dairy,liquid,high,low,room,37.9,closed,12.8,0.0
chicken_curry,nonveg,curry,high,medium,room,25.2,open,22.9,0.0
dal_tadka,veg,curry,high,low,fridge,5.0,closed,28.5,7.13
paratha,veg,bread,low,high,fridge,2.1,open,22.4,29.45
halwa,veg,sweet,medium,high,room,35.2,closed,12.1,7.05
pakora,veg,fried,low,high,room,36.9,open,21.4,0.0
jeera_rice,veg,rice,medium,low,room,33.2,open,13.6,0.0
fish_curry,nonveg,curry,high,low,fridge,7.7,open,1.5,16.61
jeera_rice,veg,rice,medium,low,room,36.6,open,13.8,0.0
dal_tadka,veg,curry,high,low,room,35.0,open,10.7,0.32
pakora,veg,fried,low,high,room,25.1,closed,46.7,0.0
paneer_butter_masala,dairy,curry,high,medium,room,37.0,open,46.4,0.0
idli,veg,breakfast,medium,low,room,33.1,closed,27.3,0.0
dosa,veg,breakfast,medium,low,room,26.2,closed,39.4,0.0
veg_pulao,veg,rice,medium,medium,fridge,5.9,closed,5.8,35.09
samosa,veg,fried,low,high,room,31.5,closed,20.5,1.23
pakora,veg,fried,low,high,room,29.2,closed,34.4,0.0
paratha,veg,bread,low,high,fridge,7.7,closed,32.4,36.16
fish_curry,nonveg,curry,high,low,fridge,2.5,open,45.8,0.0
roti,veg,bread,low,low,room,29.6,closed,20.7,3.06
chicken_biryani,nonveg,rice,medium,medium,room,36.2,open,19.3,0.0
samosa,veg,fried,low,high,fridge,3.7,open,8.9,25.58
milk,dairy,liquid,high,low,fridge,7.2,open,35.8,0.0
paneer_butter_masala,dairy,curry,high,medium,fridge,3.3,closed,0.2,36.22
chicken_biryani,nonveg,rice,medium,medium,fridge,7.9,closed,10.2,22.27
idli,veg,breakfast,medium,low,fridge,7.5,closed,30.7,17.15
pakora,veg,fried,low,high,room,30.4,closed,11.6,1.16
pakora,veg,fried,low,high,room,30.7,open,41.8,0.0
jeera_rice,veg,rice,medium,low,room,29.4,open,14.9,0.0
veg_pulao,veg,rice,medium,medium,room,24.1,open,15.0,0.0
chicken_curry,nonveg,curry,high,medium,room,25.4,closed,25.2,0.0
plain_rice,veg,rice,medium,low,fridge,5.9,closed,19.3,16.93
pakora,veg,fried,low,high,fridge,3.9,open,31.9,0.0
paneer_butter_masala,dairy,curry,high,medium,room,35.6,open,38.5,0.0
roti,veg,bread,low,low,room,24.5,closed,32.4,0.0
idli,veg,breakfast,medium,low,room,26.7,closed,27.2,0.0
idli,veg,breakfast,medium,low,room,35.7,open,4.0,6.75
dosa,veg,breakfast,medium,low,fridge,4.3,open,22.9,6.88
dal_tadka,veg,curry,high,low,room,27.6,closed,15.1,0.0
plain_rice,veg,rice,medium,low,fridge,3.5,open,5.6,29.72
dal_tadka,veg,curry,high,low,fridge,3.6,open,43.8,0.0
chicken_biryani,nonveg,rice,medium,medium,room,28.3,open,26.6,0.0
dosa,veg,breakfast,medium,low,fridge,6.0,closed,45.4,0.0
idli,veg,breakfast,medium,low,room,25.4,closed,0.2,12.76
gulab_jamun,dairy,sweet,high,medium,room,32.1,closed,36.8,0.0
gulab_jamun,dairy,sweet,high,medium,room,34.1,closed,27.5,0.0
curd,dairy,liquid,high,low,room,37.0,closed,17.9,0.0
dosa,veg,breakfast,medium,low,room,30.9,open,17.6,0.0
veg_pulao,veg,rice,medium,medium,fridge,4.0,closed,40.0,0.0
paratha,veg,bread,low,high,room,28.3,closed,1.8,28.23
veg_pulao,veg,rice,medium,medium,room,34.9,open,18.6,0.0
gulab_jamun,dairy,sweet,high,medium,room,26.1,open,2.9,14.52
gulab_jamun,dairy,sweet,high,medium,room,34.0,open,26.7,0.0
halwa,veg,sweet,medium,high,fridge,5.7,open,3.6,59.19
chicken_biryani,nonveg,rice,medium,medium,fridge,4.2,open,39.9,0.0
milk,dairy,liquid,high,low,fridge,6.2,open,39.4,2.25
roti,veg,bread,low,low,fridge,7.7,open,20.6,23.37
paneer_butter_masala,dairy,curry,high,medium,fridge,7.7,open,24.1,0.0
naan,veg,bread,low,medium,room,32.5,closed,19.9,0.0
chicken_curry,nonveg,curry,high,medium,room,37.3,closed,13.2,0.0
veg_pulao,veg,rice,medium,medium,room,25.1,closed,36.3,0.0
dosa,veg,breakfast,medium,low,room,33.5,closed,35.0,0.0
idli,veg,breakfast,medium,low,fridge,7.1,open,41.6,0.0
paneer_butter_masala,dairy,curry,high,medium,room,35.3,open,27.0,0.0
fish_curry,nonveg,curry,high,low,fridge,6.9,open,29.6,0.0
halwa,veg,sweet,medium,high,room,24.4,open,34.8,0.0
roti,veg,bread,low,low,fridge,7.2,closed,33.0,28.56
dal_tadka,veg,curry,high,low,fridge,7.7,closed,45.9,0.0
pakora,veg,fried,low,high,room,30.9,open,29.5,0.0
jeera_rice,veg,rice,medium,low,room,30.0,open,10.6,0.0
chicken_biryani,nonveg,rice,medium,medium,fridge,2.3,closed,24.4,3.29
idli,veg,breakfast,medium,low,room,32.1,open,26.6,0.0
veg_pulao,veg,rice,medium,medium,room,34.1,closed,35.6,0.0
veg_pulao,veg,rice,medium,medium,room,31.5,closed,47.8,0.0
roti,veg,bread,low,low,fridge,3.1,closed,21.5,49.61
veg_pulao,veg,rice,medium,medium,fridge,2.8,open,42.2,0.0
pakora,veg,fried,low,high,fridge,3.1,closed,21.4,13.28
paratha,veg,bread,low,high,room,25.7,open,43.8,0.0
milk,dairy,liquid,high,low,room,36.7,open,7.9,0.0
paneer_butter_masala,dairy,curry,high,medium,room,37.9,closed,33.0,0.0
paratha,veg,bread,low,high,fridge,2.9,closed,38.1,12.97
plain_rice,veg,rice,medium,low,fridge,3.6,open,17.0,15.07
pakora,veg,fried,low,high,fridge,4.4,open,37.1,4.25
idli,veg,breakfast,medium,low,room,26.1,open,23.7,0.0
chicken_curry,nonveg,curry,high,medium,fridge,5.2,open,37.0,0.0
fish_curry,nonveg,curry,high,low,fridge,7.8,open,31.6,0.0
naan,veg,bread,low,medium,room,26.3,closed,32.3,0.0
naan,veg,bread,low,medium,fridge,3.6,open,4.9,29.25
idli,veg,breakfast,medium,low,fridge,5.7,closed,4.5,33.74
halwa,veg,sweet,medium,high,fridge,4.1,open,39.5,9.31
plain_rice,veg,rice,medium,low,fridge,2.6,closed,11.8,34.01
naan,veg,bread,low,medium,room,33.3,closed,16.1,0.0
naan,veg,bread,low,medium,fridge,5.8,open,47.3,5.43
veg_pulao,veg,rice,medium,medium,room,37.8,closed,5.0,1.26
milk,dairy,liquid,high,low,fridge,2.2,closed,14.1,32.03
idli,veg,breakfast,medium,low,room,24.7,open,25.8,0.0
roti,veg,bread,low,low,room,26.3,closed,21.5,2.54
curd,dairy,liquid,high,low,fridge,3.2,open,18.2,27.54
plain_rice,veg,rice,medium,low,room,35.3,closed,40.8,0.0
naan,veg,bread,low,medium,room,37.6,closed,4.7,13.31
samosa,veg,fried,low,high,room,37.3,closed,43.3,0.0
paratha,veg,bread,low,high,room,36.3,open,14.8,2.56
curd,dairy,liquid,high,low,room,37.3,closed,39.2,0.0
pakora,veg,fried,low,high,fridge,5.8,closed,43.2,0.0
naan,veg,bread,low,medium,fridge,5.0,closed,27.6,33.15
paratha,veg,bread,low,high,fridge,3.9,closed,39.6,21.07
dal_tadka,veg,curry,high,low,room,32.2,closed,40.5,0.0
fish_curry,nonveg,curry,high,low,fridge,6.3,closed,11.0,10.16
jeera_rice,veg,rice,medium,low,room,37.6,open,45.9,0.0
jeera_rice,veg,rice,medium,low,room,28.1,closed,20.7,0.0
chicken_biryani,nonveg,rice,medium,medium,room,27.3,closed,48.0,0.0
naan,veg,bread,low,medium,fridge,2.1,closed,1.8,55.31
dosa,veg,breakfast,medium,low,room,35.3,open,48.0,0.0
plain_rice,veg,rice,medium,low,fridge,7.7,open,10.7,28.41
dosa,veg,breakfast,medium,low,fridge,3.0,closed,39.3,1.17
naan,veg,bread,low,medium,room,31.3,open,38.5,0.0
naan,veg,bread,low,medium,room,37.9,open,23.1,0.0
idli,veg,breakfast,medium,low,room,29.5,closed,21.9,0.0
halwa,veg,sweet,medium,high,room,25.8,closed,1.8,32.41
dal_tadka,veg,curry,high,low,room,34.1,open,8.6,3.57
halwa,veg,sweet,medium,high,fridge,6.7,open,20.2,29.41
milk,dairy,liquid,high,low,fridge,2.4,open,37.2,0.0
paneer_butter_masala,dairy,curry,high,medium,room,30.7,closed,34.6,0.0
paratha,veg,bread,low,high,room,24.1,open,25.9,0.0
pakora,veg,fried,low,high,fridge,7.3,closed,42.9,0.52
idli,veg,breakfast,medium,low,fridge,7.6,open,39.0,0.0
curd,dairy,liquid,high,low,fridge,3.1,closed,12.1,47.24
jeera_rice,veg,rice,medium,low,room,29.5,open,21.4,0.0
dal_tadka,veg,curry,high,low,fridge,4.7,open,4.8,34.89
naan,veg,bread,low,medium,fridge,2.1,open,18.9,25.31
dosa,veg,breakfast,medium,low,fridge,4.5,open,44.9,0.0
naan,veg,bread,low,medium,fridge,5.0,closed,25.1,33.45
dal_tadka,veg,curry,high,low,fridge,4.0,open,47.3,0.0
chicken_curry,nonveg,curry,high,medium,room,27.5,closed,14.2,0.0
plain_rice,veg,rice,medium,low,room,32.7,closed,42.8,0.0
chicken_curry,nonveg,curry,high,medium,fridge,5.5,open,14.7,16.11
veg_pulao,veg,rice,medium,medium,fridge,5.1,closed,34.7,0.0
samosa,veg,fried,low,high,fridge,2.8,open,6.6,36.55
pakora,veg,fried,low,high,room,35.8,closed,0.6,12.14
paratha,veg,bread,low,high,fridge,6.7,closed,44.5,24.78
milk,dairy,liquid,high,low,room,35.9,closed,0.7,5.11
roti,veg,bread,low,low,fridge,7.3,open,4.5,50.17
pakora,veg,fried,low,high,room,25.3,open,30.0,0.0
paratha,veg,bread,low,high,fridge,7.3,closed,22.7,41.48
roti,veg,bread,low,low,room,37.1,open,13.6,1.87
naan,veg,bread,low,medium,fridge,2.6,closed,36.3,10.66
fish_curry,nonveg,curry,high,low,fridge,5.0,closed,3.6,15.14
curd,dairy,liquid,high,low,room,37.6,closed,36.9,0.0
idli,veg,breakfast,medium,low,fridge,2.8,closed,36.1,0.0
chicken_curry,nonveg,curry,high,medium,fridge,5.3,open,34.4,0.0
chicken_biryani,nonveg,rice,medium,medium,room,37.0,closed,7.5,1.47
plain_rice,veg,rice,medium,low,fridge,4.9,open,27.0,12.27
idli,veg,breakfast,medium,low,fridge,6.1,closed,12.4,36.39
pakora,veg,fried,low,high,fridge,2.2,closed,38.4,0.0
halwa,veg,sweet,medium,high,room,26.0,closed,25.2,0.0
paratha,veg,bread,low,high,room,36.0,open,20.2,0.07
paratha,veg,bread,low,high,fridge,3.5,closed,23.9,30.77
chicken_curry,nonveg,curry,high,medium,fridge,3.6,open,18.5,11.3
plain_rice,veg,rice,medium,low,fridge,2.7,closed,14.9,21.7
idli,veg,breakfast,medium,low,fridge,4.0,open,13.4,14.58
idli,veg,breakfast,medium,low,room,36.9,closed,24.9,0.0
halwa,veg,sweet,medium,high,room,30.7,closed,12.4,15.71
gulab_jamun,dairy,sweet,high,medium,room,26.3,open,6.4,15.87
veg_pulao,veg,rice,medium,medium,fridge,4.0,closed,27.1,0.0
gulab_jamun,dairy,sweet,high,medium,room,33.5,closed,43.8,0.0
chicken_curry,nonveg,curry,high,medium,room,37.4,open,32.6,0.0
halwa,veg,sweet,medium,high,fridge,4.4,open,32.3,34.46
fish_curry,nonveg,curry,high,low,fridge,6.1,closed,36.7,0.0
dal_tadka,veg,curry,high,low,room,25.9,closed,16.9,0.0
chicken_biryani,nonveg,rice,medium,medium,fridge,3.4,open,36.0,0.0
naan,veg,bread,low,medium,room,30.1,closed,13.1,5.76
jeera_rice,veg,rice,medium,low,room,27.1,closed,21.6,0.0
veg_pulao,veg,rice,medium,medium,fridge,5.9,open,11.4,23.58
curd,dairy,liquid,high,low,fridge,3.1,open,37.0,10.23
gulab_jamun,dairy,sweet,high,medium,fridge,6.9,closed,18.0,67.91
dosa,veg,breakfast,medium,low,fridge,6.4,open,2.7,27.32
chicken_biryani,nonveg,rice,medium,medium,fridge,4.1,closed,39.1,0.0
paratha,veg,bread,low,high,fridge,5.9,closed,13.2,60.39
fish_curry,nonveg,curry,high,low,room,25.5,open,39.6,0.0
jeera_rice,veg,rice,medium,low,room,37.2,open,33.2,0.0
samosa,veg,fried,low,high,room,33.8,open,6.1,13.04
chicken_curry,nonveg,curry,high,medium,fridge,5.3,open,44.5,0.0
fish_curry,nonveg,curry,high,low,room,36.8,open,45.9,0.0
fish_curry,nonveg,curry,high,low,fridge,6.3,closed,23.6,0.0
plain_rice,veg,rice,medium,low,fridge,5.5,closed,28.8,12.06
dal_tadka,veg,curry,high,low,room,31.9,open,20.5,0.0
naan,veg,bread,low,medium,fridge,6.3,closed,3.5,39.78
dosa,veg,breakfast,medium,low,fridge,5.0,open,21.8,2.83
chicken_biryani,nonveg,rice,medium,medium,room,36.9,closed,18.8,0.0
paneer_butter_masala,dairy,curry,high,medium,fridge,6.9,open,42.1,0.0
plain_rice,veg,rice,medium,low,room,35.9,closed,42.7,0.0
samosa,veg,fried,low,high,fridge,7.0,open,3.0,30.18
jeera_rice,veg,rice,medium,low,room,36.2,open,5.2,4.46
veg_pulao,veg,rice,medium,medium,room,32.7,open,23.7,0.0
gulab_jamun,dairy,sweet,high,medium,room,32.2,open,3.4,14.64
roti,veg,bread,low,low,fridge,6.5,open,40.5,18.64
halwa,veg,sweet,medium,high,room,32.1,closed,41.6,0.0
dosa,veg,breakfast,medium,low,room,24.9,open,40.5,0.0
chicken_curry,nonveg,curry,high,medium,room,36.7,open,1.5,3.56
idli,veg,breakfast,medium,low,fridge,6.3,open,23.6,7.59
roti,veg,bread,low,low,room,30.3,closed,11.2,10.07
milk,dairy,liquid,high,low,fridge,2.9,open,20.4,14.63
idli,veg,breakfast,medium,low,room,33.0,closed,28.2,0.0
chicken_curry,nonveg,curry,high,medium,fridge,2.6,open,5.1,25.17
curd,dairy,liquid,high,low,fridge,7.4,closed,16.9,31.67
idli,veg,breakfast,medium,low,fridge,5.9,open,30.3,6.37
naan,veg,bread,low,medium,fridge,2.5,closed,39.1,18.4
paratha,veg,bread,low,high,fridge,3.9,closed,19.8,32.7
paneer_butter_masala,dairy,curry,high,medium,room,28.3,open,29.2,0.0
idli,veg,breakfast,medium,low,fridge,6.1,open,36.3,2.54
dosa,veg,breakfast,medium,low,room,37.7,closed,2.7,5.93
plain_rice,veg,rice,medium,low,room,26.2,closed,32.2,0.0
paneer_butter_masala,dairy,curry,high,medium,fridge,6.0,closed,16.5,16.34
pakora,veg,fried,low,high,fridge,3.7,open,25.1,8.33
paratha,veg,bread,low,high,fridge,5.1,open,13.3,30.53
veg_pulao,veg,rice,medium,medium,room,33.8,open,39.0,0.0
paneer_butter_masala,dairy,curry,high,medium,room,36.4,open,1.3,3.75
samosa,veg,fried,low,high,fridge,6.2,open,0.8,42.79
roti,veg,bread,low,low,room,26.9,open,27.5,0.0
pakora,veg,fried,low,high,room,26.9,open,38.3,0.0
roti,veg,bread,low,low,room,25.5,open,8.3,12.14
chicken_biryani,nonveg,rice,medium,medium,fridge,6.9,open,14.9,20.24
dal_tadka,veg,curry,high,low,fridge,4.0,closed,0.5,31.28
veg_pulao,veg,rice,medium,medium,fridge,2.7,open,45.4,0.0
paneer_butter_masala,dairy,curry,high,medium,room,31.8,closed,15.2,0.0
dal_tadka,veg,curry,high,low,fridge,4.3,open,34.5,0.0
paneer_butter_masala,dairy,curry,high,medium,fridge,4.2,open,7.9,12.06
halwa,veg,sweet,medium,high,room,29.7,closed,12.8,12.92
fish_curry,nonveg,curry,high,low,room,34.0,closed,31.1,0.0
fish_curry,nonveg,curry,high,low,room,35.3,closed,22.5,0.0
samosa,veg,fried,low,high,fridge,5.8,open,47.7,1.3
milk,dairy,liquid,high,low,fridge,6.4,closed,34.6,3.39
veg_pulao,veg,rice,medium,medium,fridge,2.0,open,32.1,0.0
dosa,veg,breakfast,medium,low,room,32.6,open,2.0,4.68
chicken_curry,nonveg,curry,high,medium,room,32.7,closed,7.4,0.48
veg_pulao,veg,rice,medium,medium,room,30.5,closed,19.5,0.0
chicken_biryani,nonveg,rice,medium,medium,room,26.1,open,9.2,0.07
pakora,veg,fried,low,high,room,36.3,open,6.1,3.15
veg_pulao,veg,rice,medium,medium,room,32.9,closed,46.6,0.0
naan,veg,bread,low,medium,fridge,5.5,open,45.2,0.0
samosa,veg,fried,low,high,room,33.5,open,6.8,8.27
idli,veg,breakfast,medium,low,fridge,5.3,open,10.3,21.51
plain_rice,veg,rice,medium,low,fridge,3.2,closed,18.3,27.31
roti,veg,bread,low,low,room,33.4,closed,8.0,9.13
chicken_biryani,nonveg,rice,medium,medium,room,29.0,open,8.9,0.0
veg_pulao,veg,rice,medium,medium,room,34.2,open,34.5,0.0
dal_tadka,veg,curry,high,low,room,33.9,closed,19.4,0.0
idli,veg,breakfast,medium,low,room,35.0,closed,11.6,0.0
roti,veg,bread,low,low,room,30.5,open,41.7,0.0
roti,veg,bread,low,low,room,37.0,closed,34.2,0.0
gulab_jamun,dairy,sweet,high,medium,fridge,7.1,open,36.0,33.82
roti,veg,bread,low,low,fridge,2.2,open,39.3,7.19
halwa,veg,sweet,medium,high,room,37.6,open,23.5,0.0
paratha,veg,bread,low,high,fridge,2.9,open,14.2,44.28
plain_rice,veg,rice,medium,low,fridge,5.4,closed,22.8,11.2
plain_rice,veg,rice,medium,low,fridge,4.8,open,35.8,0.0
idli,veg,breakfast,medium,low,fridge,7.4,open,5.6,24.02
dal_tadka,veg,curry,high,low,room,32.8,closed,10.3,0.11
naan,veg,bread,low,medium,room,34.5,open,2.5,12.49
paratha,veg,bread,low,high,fridge,3.3,closed,13.9,52.64
milk,dairy,liquid,high,low,room,35.1,open,11.1,0.0
naan,veg,bread,low,medium,room,24.9,open,10.5,9.06
paneer_butter_masala,dairy,curry,high,medium,room,34.7,open,43.1,0.0
pakora,veg,fried,low,high,room,31.0,open,3.0,5.71
chicken_biryani,nonveg,rice,medium,medium,room,37.6,closed,7.9,0.0
jeera_rice,veg,rice,medium,low,fridge,6.6,open,47.5,0.0
naan,veg,bread,low,medium,room,33.3,closed,7.7,11.78
samosa,veg,fried,low,high,room,27.9,open,36.8,0.0
fish_curry,nonveg,curry,high,low,room,29.0,closed,40.3,0.0
jeera_rice,veg,rice,medium,low,fridge,4.7,open,12.0,22.1
idli,veg,breakfast,medium,low,fridge,3.4,open,10.6,18.7
veg_pulao,veg,rice,medium,medium,room,26.2,open,12.8,0.0
plain_rice,veg,rice,medium,low,room,34.8,closed,26.0,0.0
chicken_curry,nonveg,curry,high,medium,room,36.8,closed,4.7,1.89
gulab_jamun,dairy,sweet,high,medium,room,32.5,closed,46.3,0.0
idli,veg,breakfast,medium,low,fridge,5.5,open,33.8,2.8
veg_pulao,veg,rice,medium,medium,fridge,2.4,open,17.9,8.07
idli,veg,breakfast,medium,low,fridge,6.2,closed,44.7,0.0
curd,dairy,liquid,high,low,fridge,3.8,closed,14.7,30.19
dal_tadka,veg,curry,high,low,fridge,6.0,open,35.6,0.0
pakora,veg,fried,low,high,room,33.9,closed,18.2,0.0
chicken_curry,nonveg,curry,high,medium,fridge,7.4,closed,30.4,0.0
jeera_rice,veg,rice,medium,low,room,25.8,closed,14.6,0.0
plain_rice,veg,rice,medium,low,fridge,5.8,open,37.7,4.62
chicken_biryani,nonveg,rice,medium,medium,fridge,3.3,closed,2.5,29.24
gulab_jamun,dairy,sweet,high,medium,room,29.4,closed,26.5,0.94
chicken_biryani,nonveg,rice,medium,medium,room,33.5,open,0.8,5.64
roti,veg,bread,low,low,fridge,5.5,closed,6.6,61.79
veg_pulao,veg,rice,medium,medium,fridge,2.9,open,4.8,24.39
idli,veg,breakfast,medium,low,fridge,7.3,open,28.2,7.95
pakora,veg,fried,low,high,room,33.9,closed,39.7,0.0
pakora,veg,fried,low,high,fridge,7.3,closed,15.2,26.29
chicken_curry,nonveg,curry,high,medium,fridge,5.5,closed,8.3,20.87
paratha,veg,bread,low,high,fridge,4.2,closed,33.8,37.43
paneer_butter_masala,dairy,curry,high,medium,fridge,3.5,open,44.6,0.0
curd,dairy,liquid,high,low,fridge,5.2,open,43.9,13.64
fish_curry,nonveg,curry,high,low,fridge,5.8,open,37.3,0.0
gulab_jamun,dairy,sweet,high,medium,room,29.5,open,10.2,6.6
halwa,veg,sweet,medium,high,fridge,5.6,open,22.6,49.84
veg_pulao,veg,rice,medium,medium,fridge,7.4,closed,15.6,14.5
naan,veg,bread,low,medium,room,31.6,open,2.7,10.72
idli,veg,breakfast,medium,low,room,28.6,closed,25.1,0.0
paratha,veg,bread,low,high,room,34.0,closed,30.1,0.0
dal_tadka,veg,curry,high,low,fridge,2.2,closed,13.9,22.73
jeera_rice,veg,rice,medium,low,room,27.5,open,47.4,0.0
chicken_curry,nonveg,curry,high,medium,fridge,7.5,open,33.6,0.0
milk,dairy,liquid,high,low,room,32.0,closed,47.4,0.0
fish_curry,nonveg,curry,high,low,room,26.6,open,28.8,0.0
paratha,veg,bread,low,high,fridge,5.3,closed,44.0,33.02
milk,dairy,liquid,high,low,room,25.1,closed,19.8,0.0
chicken_curry,nonveg,curry,high,medium,fridge,6.0,closed,34.7,0.0
chicken_curry,nonveg,curry,high,medium,fridge,7.0,open,41.8,0.0
halwa,veg,sweet,medium,high,room,35.9,closed,1.9,14.24
idli,veg,breakfast,medium,low,room,33.7,closed,16.9,0.0
halwa,veg,sweet,medium,high,fridge,2.8,open,43.5,4.21
paneer_butter_masala,dairy,curry,high,medium,fridge,7.2,closed,14.4,18.43
halwa,veg,sweet,medium,high,fridge,3.0,closed,29.2,28.15
halwa,veg,sweet,medium,high,room,26.6,open,1.6,19.94
curd,dairy,liquid,high,low,room,29.3,closed,37.1,0.0
fish_curry,nonveg,curry,high,low,fridge,7.7,closed,31.5,0.0
roti,veg,bread,low,low,fridge,3.0,closed,17.9,38.48
fish_curry,nonveg,curry,high,low,fridge,7.8,closed,17.6,6.72
paneer_butter_masala,dairy,curry,high,medium,fridge,3.9,closed,10.6,20.4
idli,veg,breakfast,medium,low,fridge,5.4,closed,19.3,11.15
fish_curry,nonveg,curry,high,low,fridge,4.5,open,2.9,17.82
samosa,veg,fried,low,high,fridge,5.2,closed,1.2,35.72
samosa,veg,fried,low,high,fridge,4.0,closed,15.3,34.99
pakora,veg,fried,low,high,room,24.5,closed,43.3,0.0
chicken_curry,nonveg,curry,high,medium,room,26.6,open,43.4,0.0
naan,veg,bread,low,medium,room,33.6,closed,44.8,0.0
paratha,veg,bread,low,high,room,26.5,open,24.0,2.63
milk,dairy,liquid,high,low,fridge,5.5,closed,43.2,0.0
dal_tadka,veg,curry,high,low,room,36.3,open,24.9,0.0
milk,dairy,liquid,high,low,room,34.9,closed,44.4,0.0
dosa,veg,breakfast,medium,low,room,28.9,closed,12.9,0.74
samosa,veg,fried,low,high,room,27.3,closed,17.1,2.63
halwa,veg,sweet,medium,high,fridge,6.2,closed,35.8,22.62
chicken_curry,nonveg,curry,high,medium,fridge,4.8,closed,16.0,17.17
milk,dairy,liquid,high,low,room,32.7,open,40.9,0.0
veg_pulao,veg,rice,medium,medium,fridge,6.2,open,12.9,15.72
pakora,veg,fried,low,high,fridge,3.5,open,39.9,0.0
fish_curry,nonveg,curry,high,low,room,27.6,open,20.1,0.0
curd,dairy,liquid,high,low,room,37.6,open,22.5,0.0
chicken_biryani,nonveg,rice,medium,medium,room,26.9,open,29.9,0.0
pakora,veg,fried,low,high,fridge,2.8,closed,21.6,19.16
samosa,veg,fried,low,high,room,29.5,closed,14.6,8.12
plain_rice,veg,rice,medium,low,room,28.9,closed,44.9,0.0
idli,veg,breakfast,medium,low,fridge,4.6,closed,31.6,0.69
milk,dairy,liquid,high,low,fridge,2.1,open,38.6,9.2
samosa,veg,fried,low,high,room,34.2,open,30.0,0.0
samosa,veg,fried,low,high,room,33.0,closed,30.9,0.0
samosa,veg,fried,low,high,room,27.8,open,43.4,0.0
jeera_rice,veg,rice,medium,low,fridge,7.9,closed,10.1,24.68
samosa,veg,fried,low,high,fridge,3.0,closed,25.4,30.18
naan,veg,bread,low,medium,room,30.0,open,33.5,0.0
paratha,veg,bread,low,high,fridge,3.9,closed,43.9,31.6
fish_curry,nonveg,curry,high,low,fridge,4.2,closed,30.3,0.0
naan,veg,bread,low,medium,room,31.9,closed,9.3,7.43
milk,dairy,liquid,high,low,fridge,5.4,open,46.3,0.0
plain_rice,veg,rice,medium,low,fridge,2.1,closed,28.5,13.58
gulab_jamun,dairy,sweet,high,medium,fridge,4.7,open,37.1,21.31
dosa,veg,breakfast,medium,low,room,29.1,open,19.0,0.0
dosa,veg,breakfast,medium,low,fridge,3.3,closed,28.3,0.0
paratha,veg,bread,low,high,room,37.4,open,17.5,0.0
milk,dairy,liquid,high,low,fridge,5.8,open,37.5,0.0
pakora,veg,fried,low,high,room,32.8,open,44.4,0.0
naan,veg,bread,low,medium,room,28.5,open,2.2,15.22
plain_rice,veg,rice,medium,low,fridge,3.3,closed,4.3,34.49
halwa,veg,sweet,medium,high,room,24.2,open,25.2,0.0
pakora,veg,fried,low,high,fridge,7.4,open,25.3,9.26
gulab_jamun,dairy,sweet,high,medium,fridge,4.9,open,11.2,60.82
paratha,veg,bread,low,high,room,28.5,closed,22.3,9.0
milk,dairy,liquid,high,low,fridge,3.3,closed,16.2,42.81
naan,veg,bread,low,medium,fridge,7.2,closed,27.2,35.07
naan,veg,bread,low,medium,fridge,3.5,closed,44.7,13.27
dal_tadka,veg,curry,high,low,room,37.4,open,40.5,0.0
gulab_jamun,dairy,sweet,high,medium,room,25.9,open,45.7,0.0
jeera_rice,veg,rice,medium,low,room,30.3,closed,31.5,0.0
halwa,veg,sweet,medium,high,fridge,2.1,closed,40.9,31.18
samosa,veg,fried,low,high,fridge,2.7,closed,10.2,47.96
curd,dairy,liquid,high,low,fridge,3.7,open,46.5,8.64
milk,dairy,liquid,high,low,fridge,2.7,closed,32.5,15.78
idli,veg,breakfast,medium,low,fridge,4.8,closed,36.5,0.0
halwa,veg,sweet,medium,high,fridge,6.4,closed,5.4,55.51
idli,veg,breakfast,medium,low,fridge,6.4,closed,38.5,1.81
samosa,veg,fried,low,high,room,35.6,closed,39.0,0.0
dosa,veg,breakfast,medium,low,fridge,4.9,closed,0.5,38.86
samosa,veg,fried,low,high,fridge,2.3,closed,37.7,9.53
veg_pulao,veg,rice,medium,medium,fridge,5.0,closed,17.9,16.87
gulab_jamun,dairy,sweet,high,medium,fridge,6.4,open,1.0,71.08
paneer_butter_masala,dairy,curry,high,medium,fridge,4.1,closed,37.6,0.0
gulab_jamun,dairy,sweet,high,medium,room,35.5,open,4.8,13.18
dal_tadka,veg,curry,high,low,fridge,2.2,open,47.7,0.0
fish_curry,nonveg,curry,high,low,room,34.1,closed,4.6,2.39
naan,veg,bread,low,medium,fridge,4.6,closed,30.0,20.81
idli,veg,breakfast,medium,low,room,28.7,closed,39.5,0.0
dal_tadka,veg,curry,high,low,room,35.5,closed,42.0,0.0
paratha,veg,bread,low,high,room,28.4,closed,15.4,10.57
chicken_biryani,nonveg,rice,medium,medium,room,35.3,open,43.2,0.0
plain_rice,veg,rice,medium,low,fridge,4.1,closed,24.3,23.08
naan,veg,bread,low,medium,fridge,6.4,open,42.4,2.84
roti,veg,bread,low,low,room,26.0,open,6.2,12.89
milk,dairy,liquid,high,low,fridge,2.3,open,29.2,17.88
paratha,veg,bread,low,high,room,29.4,open,12.6,5.83
curd,dairy,liquid,high,low,fridge,2.8,open,2.2,38.75
curd,dairy,liquid,high,low,fridge,6.6,closed,15.1,32.18
jeera_rice,veg,rice,medium,low,room,37.7,closed,8.3,0.0
naan,veg,bread,low,medium,room,37.5,open,22.4,0.0
curd,dairy,liquid,high,low,room,29.2,closed,2.0,8.59
samosa,veg,fried,low,high,room,30.9,closed,15.2,2.39
idli,veg,breakfast,medium,low,fridge,3.1,closed,45.6,2.83
dosa,veg,breakfast,medium,low,room,29.3,closed,17.9,0.0
paneer_butter_masala,dairy,curry,high,medium,fridge,2.3,open,48.0,0.0
naan,veg,bread,low,medium,room,35.6,open,25.1,0.0
chicken_curry,nonveg,curry,high,medium,room,32.2,open,3.7,3.5
roti,veg,bread,low,low,fridge,2.6,open,23.4,16.42
dosa,veg,breakfast,medium,low,room,24.9,closed,44.3,0.0
dal_tadka,veg,curry,high,low,fridge,4.4,closed,33.2,10.67
jeera_rice,veg,rice,medium,low,room,24.8,closed,33.4,0.0
jeera_rice,veg,rice,medium,low,room,32.7,open,10.6,0.0
paratha,veg,bread,low,high,room,37.9,closed,20.0,0.0
chicken_biryani,nonveg,rice,medium,medium,fridge,5.5,open,34.0,0.46
jeera_rice,veg,rice,medium,low,room,28.2,open,28.5,0.0
veg_pulao,veg,rice,medium,medium,fridge,3.8,closed,11.6,20.66
chicken_curry,nonveg,curry,high,medium,fridge,6.5,closed,22.6,11.64
halwa,veg,sweet,medium,high,room,37.7,closed,8.7,14.2
chicken_curry,nonveg,curry,high,medium,fridge,7.9,closed,34.4,0.0
curd,dairy,liquid,high,low,fridge,7.0,closed,30.5,43.11
plain_rice,veg,rice,medium,low,fridge,3.9,closed,16.4,23.2
samosa,veg,fried,low,high,fridge,5.0,closed,12.0,44.44
paratha,veg,bread,low,high,fridge,5.0,closed,25.9,26.96
jeera_rice,veg,rice,medium,low,fridge,6.2,closed,30.1,8.42
curd,dairy,liquid,high,low,room,29.3,open,2.7,9.92
veg_pulao,veg,rice,medium,medium,room,31.3,closed,34.6,0.0
gulab_jamun,dairy,sweet,high,medium,fridge,4.4,open,18.5,45.57
halwa,veg,sweet,medium,high,fridge,2.6,open,39.5,28.22
jeera_rice,veg,rice,medium,low,fridge,2.3,open,33.0,0.0
plain_rice,veg,rice,medium,low,room,37.7,closed,12.1,0.0
chicken_curry,nonveg,curry,high,medium,fridge,6.3,closed,24.6,2.08
idli,veg,breakfast,medium,low,room,24.4,open,5.7,4.82
paratha,veg,bread,low,high,room,27.4,closed,44.4,0.0
naan,veg,bread,low,medium,room,31.1,open,44.0,0.0
plain_rice,veg,rice,medium,low,fridge,6.2,open,13.3,23.37
chicken_biryani,nonveg,rice,medium,medium,room,34.7,open,25.9,0.0
roti,veg,bread,low,low,fridge,7.7,open,3.4,42.41
chicken_biryani,nonveg,rice,medium,medium,fridge,3.8,open,20.0,9.32
curd,dairy,liquid,high,low,room,32.4,closed,30.1,0.0
roti,veg,bread,low,low,fridge,5.6,open,33.4,20.3
plain_rice,veg,rice,medium,low,room,28.3,closed,37.7,0.0
curd,dairy,liquid,high,low,fridge,7.9,closed,34.9,12.4
dal_tadka,veg,curry,high,low,fridge,7.8,closed,7.2,23.5
dal_tadka,veg,curry,high,low,room,27.8,open,6.0,7.07
veg_pulao,veg,rice,medium,medium,room,26.6,open,25.4,0.0
chicken_biryani,nonveg,rice,medium,medium,room,33.3,open,26.7,0.0
naan,veg,bread,low,medium,room,36.1,open,6.6,5.72
chicken_curry,nonveg,curry,high,medium,room,24.1,open,32.8,0.0
naan,veg,bread,low,medium,fridge,4.0,open,22.3,24.75
chicken_curry,nonveg,curry,high,medium,fridge,2.3,open,44.7,0.0
milk,dairy,liquid,high,low,room,24.6,closed,34.7,0.0
gulab_jamun,dairy,sweet,high,medium,fridge,6.5,open,15.3,47.7
chicken_curry,nonveg,curry,high,medium,fridge,5.3,closed,14.5,14.66
naan,veg,bread,low,medium,room,37.3,open,27.4,0.0
milk,dairy,liquid,high,low,room,32.5,closed,37.4,0.0
paneer_butter_masala,dairy,curry,high,medium,room,35.4,closed,20.5,0.0
milk,dairy,liquid,high,low,room,30.7,open,32.5,0.0
gulab_jamun,dairy,sweet,high,medium,fridge,4.6,closed,13.4,42.96
jeera_rice,veg,rice,medium,low,fridge,2.1,open,34.8,2.79
curd,dairy,liquid,high,low,fridge,2.6,closed,19.9,30.8
halwa,veg,sweet,medium,high,fridge,2.7,closed,15.1,58.16
dosa,veg,breakfast,medium,low,room,27.2,closed,20.0,0.0
pakora,veg,fried,low,high,room,28.7,open,41.1,0.0
pakora,veg,fried,low,high,fridge,2.7,closed,44.2,1.63
pakora,veg,fried,low,high,room,24.7,closed,20.6,0.0
naan,veg,bread,low,medium,fridge,3.6,closed,22.4,30.62
halwa,veg,sweet,medium,high,fridge,7.2,open,21.9,39.45
naan,veg,bread,low,medium,room,28.3,closed,25.2,0.0
plain_rice,veg,rice,medium,low,fridge,5.7,closed,27.8,15.46
plain_rice,veg,rice,medium,low,room,27.4,closed,42.4,0.0
samosa,veg,fried,low,high,fridge,7.7,closed,45.8,5.37
fish_curry,nonveg,curry,high,low,room,29.1,open,17.3,0.0
veg_pulao,veg,rice,medium,medium,fridge,7.9,closed,29.6,6.09
pakora,veg,fried,low,high,room,31.0,open,41.9,0.0
curd,dairy,liquid,high,low,fridge,2.5,closed,9.9,47.17
paneer_butter_masala,dairy,curry,high,medium,room,25.0,open,37.4,0.0
dosa,veg,breakfast,medium,low,fridge,7.6,open,9.0,17.77
veg_pulao,veg,rice,medium,medium,fridge,5.5,closed,12.5,12.73
veg_pulao,veg,rice,medium,medium,fridge,4.0,closed,26.4,1.96
jeera_rice,veg,rice,medium,low,room,27.3,closed,21.0,0.0
naan,veg,bread,low,medium,fridge,4.2,closed,5.2,41.64
pakora,veg,fried,low,high,room,24.1,open,0.5,9.88
naan,veg,bread,low,medium,fridge,3.3,open,6.8,33.96
naan,veg,bread,low,medium,room,26.5,closed,12.4,5.99
paratha,veg,bread,low,high,room,37.2,open,3.3,15.77
chicken_biryani,nonveg,rice,medium,medium,fridge,2.1,open,21.2,6.79
jeera_rice,veg,rice,medium,low,fridge,3.4,closed,44.8,0.0
dosa,veg,breakfast,medium,low,fridge,5.4,open,44.0,0.0
paratha,veg,bread,low,high,room,30.0,closed,11.5,19.84
chicken_curry,nonveg,curry,high,medium,fridge,5.8,open,42.8,0.0
dal_tadka,veg,curry,high,low,room,24.5,closed,38.9,0.0
idli,veg,breakfast,medium,low,room,36.6,closed,4.8,3.87
paratha,veg,bread,low,high,room,35.7,open,12.0,4.28
chicken_curry,nonveg,curry,high,medium,fridge,5.8,closed,19.4,12.64
samosa,veg,fried,low,high,room,32.1,open,25.1,0.0
pakora,veg,fried,low,high,room,24.8,closed,17.2,1.25
dosa,veg,breakfast,medium,low,room,31.2,open,8.4,0.0
naan,veg,bread,low,medium,room,26.1,open,42.7,0.0
samosa,veg,fried,low,high,fridge,6.7,closed,47.0,0.0
fish_curry,nonveg,curry,high,low,room,36.8,open,41.2,0.0
veg_pulao,veg,rice,medium,medium,fridge,3.7,closed,22.7,10.5
paratha,veg,bread,low,high,room,24.8,closed,45.9,0.0
chicken_biryani,nonveg,rice,medium,medium,fridge,5.6,open,26.1,0.0
idli,veg,breakfast,medium,low,fridge,2.5,closed,14.1,22.91
pakora,veg,fried,low,high,room,24.6,open,29.0,0.0
idli,veg,breakfast,medium,low,fridge,4.3,open,32.7,1.6
dal_tadka,veg,curry,high,low,room,35.0,closed,8.0,6.73
idli,veg,breakfast,medium,low,fridge,7.5,closed,36.0,12.16
chicken_curry,nonveg,curry,high,medium,fridge,2.6,closed,37.0,0.0
halwa,veg,sweet,medium,high,fridge,4.4,open,28.0,45.46
gulab_jamun,dairy,sweet,high,medium,fridge,3.5,open,12.4,35.7
samosa,veg,fried,low,high,room,26.9,closed,12.6,9.28
samosa,veg,fried,low,high,room,27.2,open,38.0,0.0
veg_pulao,veg,rice,medium,medium,room,32.7,closed,30.2,0.0
gulab_jamun,dairy,sweet,high,medium,fridge,2.4,closed,20.3,62.98
chicken_curry,nonveg,curry,high,medium,fridge,6.5,closed,25.4,0.0
chicken_biryani,nonveg,rice,medium,medium,room,31.6,closed,24.0,0.0
chicken_biryani,nonveg,rice,medium,medium,room,29.1,open,20.2,0.0
fish_curry,nonveg,curry,high,low,fridge,7.9,closed,27.3,0.0
idli,veg,breakfast,medium,low,fridge,6.2,closed,43.0,2.74
pakora,veg,fried,low,high,fridge,4.9,open,16.5,16.37
chicken_curry,nonveg,curry,high,medium,room,35.0,closed,24.3,0.0
halwa,veg,sweet,medium,high,fridge,3.7,open,41.0,33.11
fish_curry,nonveg,curry,high,low,fridge,7.5,closed,40.7,0.0
veg_pulao,veg,rice,medium,medium,fridge,6.3,closed,24.9,4.68
naan,veg,bread,low,medium,fridge,4.6,closed,16.1,23.61
dosa,veg,breakfast,medium,low,room,30.9,closed,5.1,4.27
dal_tadka,veg,curry,high,low,room,36.7,closed,47.3,0.0
jeera_rice,veg,rice,medium,low,fridge,6.3,closed,5.6,39.21
paratha,veg,bread,low,high,fridge,7.1,closed,7.5,65.66
samosa,veg,fried,low,high,room,33.0,closed,1.6,16.39
dal_tadka,veg,curry,high,low,fridge,6.1,closed,29.9,8.61
naan,veg,bread,low,medium,room,33.0,closed,7.0,12.79
idli,veg,breakfast,medium,low,room,27.7,closed,27.0,0.0
jeera_rice,veg,rice,medium,low,fridge,5.9,closed,22.7,13.49
pakora,veg,fried,low,high,room,31.7,closed,3.0,7.98
naan,veg,bread,low,medium,room,31.2,open,13.5,0.0
curd,dairy,liquid,high,low,room,26.1,open,14.7,0.0
curd,dairy,liquid,high,low,fridge,2.7,closed,32.6,22.88
plain_rice,veg,rice,medium,low,fridge,3.4,open,36.6,4.52
chicken_biryani,nonveg,rice,medium,medium,room,27.1,open,38.2,0.0
plain_rice,veg,rice,medium,low,fridge,3.0,open,31.0,0.0
pakora,veg,fried,low,high,fridge,2.9,open,36.1,0.0
fish_curry,nonveg,curry,high,low,room,30.7,open,10.0,0.0
milk,dairy,liquid,high,low,room,30.7,open,36.0,0.0
samosa,veg,fried,low,high,fridge,2.5,closed,11.1,34.27
idli,veg,breakfast,medium,low,fridge,5.5,closed,6.0,36.85
fish_curry,nonveg,curry,high,low,fridge,2.7,closed,17.6,0.86
paratha,veg,bread,low,high,room,27.6,open,3.5,23.58
dosa,veg,breakfast,medium,low,room,34.7,closed,27.8,0.0
samosa,veg,fried,low,high,fridge,2.5,closed,10.4,44.78
fish_curry,nonveg,curry,high,low,fridge,6.2,closed,21.0,3.64
gulab_jamun,dairy,sweet,high,medium,fridge,5.0,closed,22.9,40.04
curd,dairy,liquid,high,low,fridge,7.6,open,8.8,37.57
chicken_biryani,nonveg,rice,medium,medium,fridge,7.9,closed,31.5,6.07
roti,veg,bread,low,low,fridge,4.1,open,22.8,33.81
idli,veg,breakfast,medium,low,room,25.4,closed,28.3,0.0
halwa,veg,sweet,medium,high,fridge,6.4,closed,16.8,50.93
paratha,veg,bread,low,high,fridge,2.1,open,36.5,15.57
curd,dairy,liquid,high,low,room,36.1,open,29.1,0.0
dosa,veg,breakfast,medium,low,room,36.9,closed,2.8,6.13
curd,dairy,liquid,high,low,fridge,2.1,open,37.1,18.63
chicken_curry,nonveg,curry,high,medium,fridge,6.8,closed,39.8,0.0
samosa,veg,fried,low,high,fridge,4.7,open,10.8,38.5
chicken_biryani,nonveg,rice,medium,medium,room,29.0,closed,17.4,0.0
paratha,veg,bread,low,high,fridge,7.1,open,4.5,55.23
gulab_jamun,dairy,sweet,high,medium,fridge,4.2,open,10.1,43.52
samosa,veg,fried,low,high,fridge,4.2,closed,26.4,13.36
dosa,veg,breakfast,medium,low,room,35.6,closed,39.2,0.0
paratha,veg,bread,low,high,room,31.1,open,4.0,12.81
pakora,veg,fried,low,high,room,33.5,closed,37.6,0.0
fish_curry,nonveg,curry,high,low,room,37.0,closed,45.1,0.0
halwa,veg,sweet,medium,high,room,36.0,open,2.1,16.41
fish_curry,nonveg,curry,high,low,fridge,2.5,open,26.9,0.0
fish_curry,nonveg,curry,high,low,room,28.1,closed,0.9,5.04
roti,veg,bread,low,low,fridge,2.2,open,43.8,16.85
veg_pulao,veg,rice,medium,medium,room,34.4,closed,36.6,0.0
naan,veg,bread,low,medium,room,28.1,open,19.1,0.92
samosa,veg,fried,low,high,fridge,5.4,closed,3.6,47.56
chicken_curry,nonveg,curry,high,medium,fridge,6.4,open,45.9,0.0
idli,veg,breakfast,medium,low,fridge,2.2,closed,6.6,34.07
paratha,veg,bread,low,high,room,29.3,open,28.2,0.0
dal_tadka,veg,curry,high,low,fridge,7.0,closed,0.3,46.86
chicken_curry,nonveg,curry,high,medium,fridge,2.5,closed,19.3,9.9
dosa,veg,breakfast,medium,low,room,26.3,open,32.0,0.0
chicken_biryani,nonveg,rice,medium,medium,fridge,3.4,closed,7.1,33.72
pakora,veg,fried,low,high,room,29.3,closed,21.4,0.0
naan,veg,bread,low,medium,fridge,4.4,open,33.4,17.96
dosa,veg,breakfast,medium,low,fridge,8.0,closed,23.6,14.98
gulab_jamun,dairy,sweet,high,medium,room,25.6,open,38.1,0.0
jeera_rice,veg,rice,medium,low,fridge,4.2,closed,33.2,5.95
paneer_butter_masala,dairy,curry,high,medium,room,32.2,closed,7.3,0.08
naan,veg,bread,low,medium,room,32.8,open,42.0,0.0
curd,dairy,liquid,high,low,room,31.3,closed,27.7,0.0
halwa,veg,sweet,medium,high,fridge,3.5,open,35.5,40.64
milk,dairy,liquid,high,low,fridge,2.5,closed,33.3,10.76
plain_rice,veg,rice,medium,low,fridge,2.1,closed,29.2,8.04
samosa,veg,fried,low,high,fridge,4.2,open,46.7,0.0
pakora,veg,fried,low,high,room,31.4,open,6.5,5.42
halwa,veg,sweet,medium,high,room,27.8,open,1.7,20.11
milk,dairy,liquid,high,low,fridge,4.5,open,47.1,0.0
paneer_butter_masala,dairy,curry,high,medium,room,31.2,closed,20.9,0.0
halwa,veg,sweet,medium,high,fridge,4.3,open,20.5,49.63
paneer_butter_masala,dairy,curry,high,medium,room,26.1,open,41.1,0.0
dal_tadka,veg,curry,high,low,room,25.0,closed,45.4,0.0
gulab_jamun,dairy,sweet,high,medium,room,30.4,closed,0.1,16.99
samosa,veg,fried,low,high,room,28.3,closed,41.9,0.0
chicken_biryani,nonveg,rice,medium,medium,room,36.4,closed,0.3,8.89
chicken_curry,nonveg,curry,high,medium,room,36.2,open,8.7,0.0
fish_curry,nonveg,curry,high,low,room,26.1,open,3.4,2.44
chicken_curry,nonveg,curry,high,medium,room,25.5,open,24.4,0.0
jeera_rice,veg,rice,medium,low,fridge,3.7,open,25.5,16.92
jeera_rice,veg,rice,medium,low,fridge,5.6,open,17.9,16.6
chicken_curry,nonveg,curry,high,medium,fridge,7.3,closed,40.1,0.0
roti,veg,bread,low,low,fridge,3.9,open,43.3,15.0
paneer_butter_masala,dairy,curry,high,medium,room,24.8,open,15.7,0.0
roti,veg,bread,low,low,fridge,4.5,open,44.0,0.0
milk,dairy,liquid,high,low,room,29.5,open,6.0,0.0
plain_rice,veg,rice,medium,low,room,29.7,open,36.0,0.0
roti,veg,bread,low,low,room,30.1,open,12.2,5.94
idli,veg,breakfast,medium,low,room,24.4,open,3.7,10.6
paratha,veg,bread,low,high,fridge,8.0,closed,14.8,44.45
curd,dairy,liquid,high,low,fridge,7.4,open,18.2,21.66
veg_pulao,veg,rice,medium,medium,fridge,7.2,open,0.9,24.2
fish_curry,nonveg,curry,high,low,room,30.4,open,33.0,0.0
idli,veg,breakfast,medium,low,fridge,5.4,open,40.8,0.24
plain_rice,veg,rice,medium,low,fridge,6.7,closed,39.5,0.0
dosa,veg,breakfast,medium,low,fridge,5.4,closed,17.0,14.95
plain_rice,veg,rice,medium,low,fridge,5.5,closed,30.6,18.15
dal_tadka,veg,curry,high,low,room,26.4,open,38.9,0.0
milk,dairy,liquid,high,low,room,37.6,closed,5.0,1.44
curd,dairy,liquid,high,low,fridge,3.4,open,46.8,1.2
chicken_biryani,nonveg,rice,medium,medium,fridge,4.8,closed,25.9,8.58
idli,veg,breakfast,medium,low,fridge,2.9,open,41.6,0.0
halwa,veg,sweet,medium,high,room,30.5,closed,36.7,0.0
paneer_butter_masala,dairy,curry,high,medium,room,33.0,open,21.8,0.0
fish_curry,nonveg,curry,high,low,room,29.1,closed,36.5,0.0
curd,dairy,liquid,high,low,fridge,6.2,open,39.9,3.84
milk,dairy,liquid,high,low,fridge,4.1,closed,19.2,39.67
veg_pulao,veg,rice,medium,medium,fridge,7.1,open,35.9,0.0
dosa,veg,breakfast,medium,low,room,28.4,open,5.5,1.9
roti,veg,bread,low,low,fridge,6.6,closed,34.1,16.47
paratha,veg,bread,low,high,fridge,2.7,open,29.8,33.96
dosa,veg,breakfast,medium,low,fridge,7.4,open,13.2,10.35
chicken_biryani,nonveg,rice,medium,medium,room,29.8,closed,16.7,0.0
roti,veg,bread,low,low,room,37.5,closed,38.0,0.0
naan,veg,bread,low,medium,room,34.8,open,29.6,0.0
dosa,veg,breakfast,medium,low,room,34.3,closed,42.9,0.0
paratha,veg,bread,low,high,room,33.3,open,47.2,0.0
idli,veg,breakfast,medium,low,fridge,7.6,closed,39.7,8.88
samosa,veg,fried,low,high,fridge,7.0,closed,14.1,38.74
samosa,veg,fried,low,high,fridge,2.4,closed,13.1,24.88
chicken_biryani,nonveg,rice,medium,medium,fridge,6.9,open,2.1,19.47
paneer_butter_masala,dairy,curry,high,medium,room,35.2,open,20.1,0.0
jeera_rice,veg,rice,medium,low,fridge,5.2,open,1.3,40.27
gulab_jamun,dairy,sweet,high,medium,room,24.1,closed,2.3,23.21
paneer_butter_masala,dairy,curry,high,medium,room,27.6,closed,28.5,0.0
naan,veg,bread,low,medium,fridge,6.2,closed,11.3,26.9
dal_tadka,veg,curry,high,low,fridge,4.9,closed,28.1,7.14
curd,dairy,liquid,high,low,room,35.8,closed,44.6,0.0
naan,veg,bread,low,medium,room,34.7,open,21.0,0.0
roti,veg,bread,low,low,room,29.4,closed,34.2,0.0
curd,dairy,liquid,high,low,room,33.1,open,12.6,0.0
plain_rice,veg,rice,medium,low,fridge,7.1,closed,5.7,29.09
halwa,veg,sweet,medium,high,room,26.9,open,24.4,2.06
jeera_rice,veg,rice,medium,low,room,27.8,closed,42.1,0.0
chicken_biryani,nonveg,rice,medium,medium,fridge,3.1,closed,33.6,0.0
veg_pulao,veg,rice,medium,medium,room,25.8,closed,2.0,7.91
fish_curry,nonveg,curry,high,low,fridge,2.2,open,40.7,0.0
dosa,veg,breakfast,medium,low,fridge,2.3,closed,41.5,0.0
samosa,veg,fried,low,high,room,35.2,closed,43.2,0.0
naan,veg,bread,low,medium,room,26.8,open,10.8,9.84
naan,veg,bread,low,medium,fridge,2.7,open,5.2,41.73
samosa,veg,fried,low,high,room,37.8,open,47.8,0.0
dal_tadka,veg,curry,high,low,fridge,3.7,closed,38.9,0.0
plain_rice,veg,rice,medium,low,fridge,3.5,open,31.2,0.0
paneer_butter_masala,dairy,curry,high,medium,room,32.5,open,15.1,0.0
curd,dairy,liquid,high,low,room,33.3,closed,0.8,6.89
veg_pulao,veg,rice,medium,medium,room,35.8,closed,40.1,0.0
samosa,veg,fried,low,high,room,33.8,open,46.7,0.0
pakora,veg,fried,low,high,room,29.3,open,23.9,0.0
veg_pulao,veg,rice,medium,medium,fridge,2.1,closed,3.5,30.25
naan,veg,bread,low,medium,room,36.0,open,25.2,0.0
gulab_jamun,dairy,sweet,high,medium,room,32.5,open,34.7,0.0
curd,dairy,liquid,high,low,room,36.2,closed,44.5,0.0
milk,dairy,liquid,high,low,room,35.5,closed,45.4,0.0
pakora,veg,fried,low,high,fridge,2.6,closed,18.9,10.93
dosa,veg,breakfast,medium,low,room,36.2,closed,17.4,0.0
milk,dairy,liquid,high,low,fridge,4.4,open,33.1,15.84
plain_rice,veg,rice,medium,low,fridge,2.7,open,40.8,1.58
naan,veg,bread,low,medium,fridge,3.3,closed,26.5,13.93
idli,veg,breakfast,medium,low,fridge,5.6,open,25.4,8.18
dosa,veg,breakfast,medium,low,room,36.9,open,0.4,7.42
chicken_curry,nonveg,curry,high,medium,room,34.9,closed,24.1,0.0
pakora,veg,fried,low,high,room,32.1,closed,4.3,8.91
paratha,veg,bread,low,high,room,32.8,open,12.0,11.21
jeera_rice,veg,rice,medium,low,room,32.8,closed,13.7,0.0
idli,veg,breakfast,medium,low,fridge,3.9,closed,37.0,0.36
plain_rice,veg,rice,medium,low,room,32.7,open,20.3,0.0
paneer_butter_masala,dairy,curry,high,medium,fridge,2.5,open,16.6,9.16
halwa,veg,sweet,medium,high,room,32.2,closed,32.3,0.0
jeera_rice,veg,rice,medium,low,room,32.7,open,23.3,0.0
chicken_curry,nonveg,curry,high,medium,fridge,3.2,closed,2.6,25.8
samosa,veg,fried,low,high,room,30.4,open,5.1,8.63
plain_rice,veg,rice,medium,low,room,24.1,closed,19.5,0.0
chicken_curry,nonveg,curry,high,medium,room,37.1,open,17.5,0.0
curd,dairy,liquid,high,low,room,25.5,closed,44.6,0.0
curd,dairy,liquid,high,low,fridge,4.1,open,35.3,9.33
idli,veg,breakfast,medium,low,fridge,5.2,closed,7.3,39.59
naan,veg,bread,low,medium,room,32.7,closed,45.1,0.0
milk,dairy,liquid,high,low,room,26.7,open,37.6,0.0
dosa,veg,breakfast,medium,low,room,31.1,open,29.8,0.0
dal_tadka,veg,curry,high,low,room,27.8,closed,3.8,10.89
chicken_biryani,nonveg,rice,medium,medium,fridge,4.2,closed,4.8,34.53
plain_rice,veg,rice,medium,low,fridge,5.8,closed,18.1,11.82
jeera_rice,veg,rice,medium,low,fridge,5.9,open,1.4,28.56
chicken_curry,nonveg,curry,high,medium,room,30.8,closed,33.5,0.0
dal_tadka,veg,curry,high,low,room,24.3,open,31.2,0.0
idli,veg,breakfast,medium,low,room,28.8,open,37.1,0.0
chicken_curry,nonveg,curry,high,medium,room,26.2,closed,12.0,0.0
chicken_curry,nonveg,curry,high,medium,room,29.3,open,17.6,0.0
plain_rice,veg,rice,medium,low,fridge,4.1,closed,1.7,44.29
chicken_biryani,nonveg,rice,medium,medium,fridge,3.9,closed,2.3,32.31
samosa,veg,fried,low,high,fridge,6.3,closed,10.5,29.93
jeera_rice,veg,rice,medium,low,room,27.2,open,8.6,4.94
paratha,veg,bread,low,high,fridge,7.3,closed,0.5,71.22
dal_tadka,veg,curry,high,low,fridge,4.4,open,14.9,17.35
plain_rice,veg,rice,medium,low,fridge,2.8,closed,24.9,14.97
idli,veg,breakfast,medium,low,fridge,2.8,open,12.5,14.03
milk,dairy,liquid,high,low,fridge,2.1,closed,12.6,29.12
samosa,veg,fried,low,high,room,27.6,closed,21.7,1.68
paratha,veg,bread,low,high,room,37.6,closed,33.9,0.0
naan,veg,bread,low,medium,room,31.5,closed,7.3,12.34
chicken_curry,nonveg,curry,high,medium,room,30.7,open,28.9,0.0
veg_pulao,veg,rice,medium,medium,room,25.2,closed,43.4,0.0
paratha,veg,bread,low,high,fridge,7.1,open,19.9,28.25
paratha,veg,bread,low,high,room,35.4,open,33.4,0.0
dosa,veg,breakfast,medium,low,fridge,7.0,closed,34.6,5.97
dal_tadka,veg,curry,high,low,room,31.2,open,18.9,0.0
veg_pulao,veg,rice,medium,medium,room,33.1,open,19.9,0.0
gulab_jamun,dairy,sweet,high,medium,room,28.0,closed,36.6,0.0
roti,veg,bread,low,low,fridge,7.3,closed,37.7,9.88
chicken_curry,nonveg,curry,high,medium,room,31.9,open,32.4,0.0
chicken_biryani,nonveg,rice,medium,medium,room,29.6,open,3.8,4.82
chicken_biryani,nonveg,rice,medium,medium,fridge,3.0,closed,47.6,0.0
paratha,veg,bread,low,high,room,36.9,closed,45.8,0.0
chicken_biryani,nonveg,rice,medium,medium,fridge,2.4,closed,25.5,5.09
dosa,veg,breakfast,medium,low,fridge,6.7,closed,15.9,17.43
chicken_biryani,nonveg,rice,medium,medium,room,33.4,closed,21.5,0.0
jeera_rice,veg,rice,medium,low,fridge,6.5,closed,36.2,0.0
plain_rice,veg,rice,medium,low,room,37.1,open,20.4,0.0
roti,veg,bread,low,low,fridge,3.2,closed,14.7,54.84
chicken_curry,nonveg,curry,high,medium,room,32.3,closed,23.7,0.0
chicken_biryani,nonveg,rice,medium,medium,fridge,8.0,open,14.4,19.07
dal_tadka,veg,curry,high,low,room,26.7,closed,9.1,2.94
chicken_biryani,nonveg,rice,medium,medium,fridge,4.9,closed,43.5,0.0
pakora,veg,fried,low,high,room,25.4,open,7.2,6.99
gulab_jamun,dairy,sweet,high,medium,room,29.0,open,22.1,0.0
paneer_butter_masala,dairy,curry,high,medium,fridge,7.8,open,9.8,19.34
milk,dairy,liquid,high,low,room,33.8,closed,39.6,0.0
naan,veg,bread,low,medium,fridge,2.5,closed,5.5,44.22
pakora,veg,fried,low,high,room,37.1,open,4.7,3.09
roti,veg,bread,low,low,room,27.6,open,34.1,0.0
dosa,veg,breakfast,medium,low,room,27.4,open,36.3,0.0
gulab_jamun,dairy,sweet,high,medium,room,26.0,open,32.9,0.0
dal_tadka,veg,curry,high,low,room,32.1,open,8.1,2.9
curd,dairy,liquid,high,low,fridge,5.6,open,11.0,41.1
curd,dairy,liquid,high,low,room,28.6,open,31.3,0.0
halwa,veg,sweet,medium,high,fridge,3.9,closed,9.0,51.46
paratha,veg,bread,low,high,room,32.3,closed,24.9,2.47
gulab_jamun,dairy,sweet,high,medium,fridge,7.5,closed,32.5,49.87
dosa,veg,breakfast,medium,low,fridge,4.8,open,6.6,15.98
halwa,veg,sweet,medium,high,fridge,6.4,open,2.6,63.42
fish_curry,nonveg,curry,high,low,fridge,6.6,closed,17.6,2.21
naan,veg,bread,low,medium,room,27.8,open,41.0,0.0
veg_pulao,veg,rice,medium,medium,room,37.4,open,46.1,0.0
idli,veg,breakfast,medium,low,room,37.7,closed,18.1,0.0
milk,dairy,liquid,high,low,room,26.8,closed,19.4,0.0
chicken_biryani,nonveg,rice,medium,medium,fridge,6.1,open,10.2,21.36
jeera_rice,veg,rice,medium,low,fridge,3.7,open,25.3,1.72
plain_rice,veg,rice,medium,low,fridge,2.3,closed,2.1,30.83
milk,dairy,liquid,high,low,room,34.6,open,24.8,0.0
veg_pulao,veg,rice,medium,medium,room,36.7,open,39.2,0.0
curd,dairy,liquid,high,low,room,28.8,open,16.6,0.0
samosa,veg,fried,low,high,fridge,3.4,open,4.5,42.36
veg_pulao,veg,rice,medium,medium,room,25.9,closed,12.9,0.0
curd,dairy,liquid,high,low,fridge,8.0,closed,40.5,21.37
curd,dairy,liquid,high,low,fridge,4.8,closed,27.1,24.79
idli,veg,breakfast,medium,low,room,31.8,closed,36.1,0.0
paneer_butter_masala,dairy,curry,high,medium,room,26.0,open,12.1,0.0
fish_curry,nonveg,curry,high,low,fridge,6.8,open,40.8,0.0
veg_pulao,veg,rice,medium,medium,room,32.9,closed,18.8,0.0
chicken_biryani,nonveg,rice,medium,medium,fridge,6.7,open,35.4,0.0
paneer_butter_masala,dairy,curry,high,medium,fridge,3.8,open,10.2,18.43
fish_curry,nonveg,curry,high,low,room,33.7,closed,44.4,0.0
chicken_curry,nonveg,curry,high,medium,room,27.8,open,8.9,0.0
milk,dairy,liquid,high,low,fridge,4.7,closed,34.4,5.84
idli,veg,breakfast,medium,low,room,35.8,closed,23.2,0.0
dosa,veg,breakfast,medium,low,fridge,6.5,closed,43.6,0.0
gulab_jamun,dairy,sweet,high,medium,room,31.2,closed,47.2,0.0
samosa,veg,fried,low,high,room,24.9,open,1.5,19.8
chicken_curry,nonveg,curry,high,medium,fridge,5.8,closed,30.1,2.31
dal_tadka,veg,curry,high,low,room,34.5,open,36.3,0.0
halwa,veg,sweet,medium,high,room,34.6,open,22.0,0.0
veg_pulao,veg,rice,medium,medium,room,34.6,closed,30.6,0.0
paneer_butter_masala,dairy,curry,high,medium,room,26.1,open,38.0,0.0
naan,veg,bread,low,medium,room,33.8,open,29.2,0.0
roti,veg,bread,low,low,fridge,4.3,open,22.4,29.83
naan,veg,bread,low,medium,room,36.3,closed,27.5,0.0
idli,veg,breakfast,medium,low,fridge,5.2,closed,47.9,0.0
halwa,veg,sweet,medium,high,room,36.2,open,13.4,5.11
samosa,veg,fried,low,high,fridge,5.0,closed,1.3,40.85
gulab_jamun,dairy,sweet,high,medium,fridge,6.5,closed,16.6,53.98
paneer_butter_masala,dairy,curry,high,medium,room,30.6,closed,20.1,0.0
halwa,veg,sweet,medium,high,room,25.6,open,40.6,0.0
plain_rice,veg,rice,medium,low,fridge,3.1,closed,20.0,28.19
idli,veg,breakfast,medium,low,room,33.1,closed,9.7,4.32
dosa,veg,breakfast,medium,low,fridge,4.9,closed,9.3,16.62
milk,dairy,liquid,high,low,room,27.4,closed,23.6,0.0
naan,veg,bread,low,medium,room,27.7,open,16.4,0.0
paneer_butter_masala,dairy,curry,high,medium,room,37.5,closed,15.7,0.0
chicken_curry,nonveg,curry,high,medium,fridge,5.4,closed,13.7,12.8
jeera_rice,veg,rice,medium,low,fridge,3.8,open,2.4,40.01
paneer_butter_masala,dairy,curry,high,medium,room,35.7,closed,5.2,2.19
jeera_rice,veg,rice,medium,low,room,28.4,closed,34.1,0.0
curd,dairy,liquid,high,low,fridge,6.1,closed,36.2,27.07
idli,veg,breakfast,medium,low,fridge,4.9,closed,22.0,22.31
curd,dairy,liquid,high,low,fridge,2.3,open,15.7,23.69
paneer_butter_masala,dairy,curry,high,medium,room,25.1,closed,18.6,0.0
chicken_biryani,nonveg,rice,medium,medium,fridge,5.9,open,27.5,6.84
jeera_rice,veg,rice,medium,low,fridge,3.1,open,30.6,11.64
veg_pulao,veg,rice,medium,medium,fridge,7.2,closed,36.8,0.0
gulab_jamun,dairy,sweet,high,medium,room,36.0,closed,28.8,0.0
samosa,veg,fried,low,high,fridge,5.0,closed,13.8,37.26
halwa,veg,sweet,medium,high,fridge,7.6,open,21.5,49.61
jeera_rice,veg,rice,medium,low,room,30.2,closed,8.8,0.09
dosa,veg,breakfast,medium,low,room,29.2,closed,5.4,5.85
milk,dairy,liquid,high,low,room,29.0,open,23.6,0.0
halwa,veg,sweet,medium,high,room,31.1,closed,14.6,11.02
roti,veg,bread,low,low,room,24.5,open,34.4,0.0
gulab_jamun,dairy,sweet,high,medium,fridge,6.4,closed,23.8,41.73
paneer_butter_masala,dairy,curry,high,medium,fridge,5.4,open,18.0,13.03
jeera_rice,veg,rice,medium,low,room,37.7,open,43.3,0.0
dosa,veg,breakfast,medium,low,fridge,7.2,closed,35.9,0.0
naan,veg,bread,low,medium,fridge,4.7,open,12.1,22.12
dosa,veg,breakfast,medium,low,fridge,5.6,closed,22.4,8.87
samosa,veg,fried,low,high,fridge,6.8,open,16.8,32.9
halwa,veg,sweet,medium,high,fridge,2.6,open,25.1,48.19
chicken_biryani,nonveg,rice,medium,medium,fridge,6.1,closed,34.7,0.0
paneer_butter_masala,dairy,curry,high,medium,fridge,7.7,closed,38.5,0.0
dal_tadka,veg,curry,high,low,fridge,3.8,closed,45.0,0.0
dosa,veg,breakfast,medium,low,room,31.5,open,17.3,0.0
idli,veg,breakfast,medium,low,room,26.5,closed,2.3,10.85
naan,veg,bread,low,medium,fridge,5.0,closed,42.3,12.94
veg_pulao,veg,rice,medium,medium,room,35.8,closed,4.1,3.87
gulab_jamun,dairy,sweet,high,medium,room,34.5,open,5.9,14.54
paratha,veg,bread,low,high,room,32.7,closed,23.5,0.0
plain_rice,veg,rice,medium,low,room,31.2,closed,4.4,7.22
pakora,veg,fried,low,high,room,25.7,closed,36.8,0.0
gulab_jamun,dairy,sweet,high,medium,fridge,6.7,open,35.3,36.67
dosa,veg,breakfast,medium,low,room,28.4,closed,31.9,0.0
idli,veg,breakfast,medium,low,fridge,6.1,open,29.0,0.0
curd,dairy,liquid,high,low,room,28.6,closed,22.3,0.0
paneer_butter_masala,dairy,curry,high,medium,room,29.4,closed,5.0,4.26
samosa,veg,fried,low,high,fridge,2.8,closed,45.6,7.12
veg_pulao,veg,rice,medium,medium,fridge,2.3,closed,20.1,4.71
pakora,veg,fried,low,high,room,24.1,closed,45.7,0.0
dal_tadka,veg,curry,high,low,room,25.0,open,43.9,0.0
idli,veg,breakfast,medium,low,fridge,5.8,open,43.7,0.0
plain_rice,veg,rice,medium,low,fridge,5.2,closed,44.3,0.0
idli,veg,breakfast,medium,low,fridge,6.6,closed,9.9,24.76
fish_curry,nonveg,curry,high,low,fridge,5.3,closed,32.4,0.0
fish_curry,nonveg,curry,high,low,room,26.8,open,30.3,0.0
pakora,veg,fried,low,high,room,37.4,open,20.7,0.0
dal_tadka,veg,curry,high,low,fridge,5.4,closed,9.9,25.4
paneer_butter_masala,dairy,curry,high,medium,fridge,8.0,open,46.9,0.0
idli,veg,breakfast,medium,low,room,36.0,open,46.8,0.0
idli,veg,breakfast,medium,low,fridge,7.3,open,47.4,0.0
roti,veg,bread,low,low,fridge,2.5,closed,25.0,25.59
jeera_rice,veg,rice,medium,low,room,26.2,closed,39.8,0.0
milk,dairy,liquid,high,low,fridge,6.0,open,28.0,9.73
chicken_curry,nonveg,curry,high,medium,fridge,2.1,open,34.7,0.0
chicken_biryani,nonveg,rice,medium,medium,room,25.9,closed,1.7,8.76
veg_pulao,veg,rice,medium,medium,fridge,7.5,open,4.8,29.17
naan,veg,bread,low,medium,fridge,7.0,open,34.0,10.47
naan,veg,bread,low,medium,fridge,2.2,open,9.7,32.19
halwa,veg,sweet,medium,high,room,24.9,closed,39.3,0.0
paneer_butter_masala,dairy,curry,high,medium,fridge,7.8,open,41.2,0.0
chicken_biryani,nonveg,rice,medium,medium,fridge,6.1,closed,29.2,5.79
dosa,veg,breakfast,medium,low,fridge,2.7,closed,11.4,20.86
pakora,veg,fried,low,high,fridge,6.0,open,10.4,29.12
chicken_curry,nonveg,curry,high,medium,room,30.7,closed,18.3,0.0
naan,veg,bread,low,medium,fridge,8.0,open,2.1,32.95
samosa,veg,fried,low,high,fridge,3.8,open,41.5,1.23
plain_rice,veg,rice,medium,low,fridge,7.6,open,26.3,6.57
curd,dairy,liquid,high,low,fridge,3.0,open,8.8,46.59
halwa,veg,sweet,medium,high,room,34.8,closed,43.6,0.0
idli,veg,breakfast,medium,low,room,35.8,open,19.6,0.0
halwa,veg,sweet,medium,high,room,27.1,closed,19.7,8.26
paneer_butter_masala,dairy,curry,high,medium,room,37.5,open,7.5,0.0
jeera_rice,veg,rice,medium,low,room,35.0,open,26.8,0.0
pakora,veg,fried,low,high,room,30.9,open,3.3,9.46
gulab_jamun,dairy,sweet,high,medium,room,30.8,closed,34.7,0.0
dal_tadka,veg,curry,high,low,room,27.0,closed,34.4,0.0
dosa,veg,breakfast,medium,low,fridge,3.2,open,4.6,17.48
pakora,veg,fried,low,high,room,25.9,closed,9.9,8.56
curd,dairy,liquid,high,low,room,33.7,closed,46.4,0.0
samosa,veg,fried,low,high,room,37.7,open,32.0,0.0
samosa,veg,fried,low,high,fridge,7.5,closed,43.9,0.0
idli,veg,breakfast,medium,low,fridge,3.4,open,34.6,0.0
paneer_butter_masala,dairy,curry,high,medium,room,36.3,closed,3.0,3.94
idli,veg,breakfast,medium,low,fridge,7.6,closed,47.5,0.0
gulab_jamun,dairy,sweet,high,medium,room,24.8,open,42.8,0.0
gulab_jamun,dairy,sweet,high,medium,fridge,4.1,closed,26.4,30.0
veg_pulao,veg,rice,medium,medium,room,29.0,open,19.4,0.0
chicken_biryani,nonveg,rice,medium,medium,room,37.9,open,40.6,0.0
dosa,veg,breakfast,medium,low,room,35.4,open,41.3,0.0
roti,veg,bread,low,low,fridge,8.0,open,23.3,17.45
dal_tadka,veg,curry,high,low,fridge,6.5,open,17.1,13.99
roti,veg,bread,low,low,fridge,7.7,closed,31.5,19.1
chicken_curry,nonveg,curry,high,medium,fridge,5.4,open,38.5,0.0
halwa,veg,sweet,medium,high,fridge,4.1,open,41.6,7.67
halwa,veg,sweet,medium,high,room,25.6,open,28.1,0.0
jeera_rice,veg,rice,medium,low,room,28.9,open,19.3,0.0
chicken_biryani,nonveg,rice,medium,medium,room,34.7,open,18.8,0.0
idli,veg,breakfast,medium,low,room,29.1,open,28.7,0.0
dal_tadka,veg,curry,high,low,room,24.7,closed,8.4,3.7
naan,veg,bread,low,medium,fridge,4.4,open,7.1,32.58
dosa,veg,breakfast,medium,low,fridge,2.2,closed,45.6,0.0
pakora,veg,fried,low,high,fridge,6.6,open,40.1,0.0
dosa,veg,breakfast,medium,low,room,29.9,closed,12.4,0.0
milk,dairy,liquid,high,low,room,28.5,open,36.3,0.0
idli,veg,breakfast,medium,low,room,24.2,closed,45.9,0.0
dal_tadka,veg,curry,high,low,room,27.5,open,32.9,0.0
fish_curry,nonveg,curry,high,low,fridge,6.7,open,7.6,11.07
samosa,veg,fried,low,high,room,37.7,open,26.9,0.0
curd,dairy,liquid,high,low,room,30.6,open,11.6,0.0
milk,dairy,liquid,high,low,fridge,6.9,closed,33.2,4.06
samosa,veg,fried,low,high,room,36.8,closed,39.1,0.0
roti,veg,bread,low,low,room,35.2,open,25.0,0.0
idli,veg,breakfast,medium,low,room,24.3,closed,42.7,0.0
paneer_butter_masala,dairy,curry,high,medium,fridge,3.9,open,11.2,15.35
fish_curry,nonveg,curry,high,low,fridge,3.0,closed,20.9,4.08
samosa,veg,fried,low,high,fridge,2.6,closed,44.1,3.11
plain_rice,veg,rice,medium,low,room,33.7,closed,20.3,0.0
dosa,veg,breakfast,medium,low,room,27.3,closed,0.6,9.32
idli,veg,breakfast,medium,low,room,33.2,open,30.8,0.0
samosa,veg,fried,low,high,fridge,5.1,open,24.1,18.49
veg_pulao,veg,rice,medium,medium,room,27.1,closed,31.0,0.0
dosa,veg,breakfast,medium,low,fridge,5.9,closed,14.2,25.09
idli,veg,breakfast,medium,low,room,28.1,open,12.9,0.0
plain_rice,veg,rice,medium,low,fridge,6.4,open,17.4,13.02
veg_pulao,veg,rice,medium,medium,room,37.1,open,5.2,0.32
milk,dairy,liquid,high,low,fridge,7.9,closed,29.8,26.27
roti,veg,bread,low,low,room,32.4,closed,44.7,0.0
chicken_curry,nonveg,curry,high,medium,room,29.7,closed,27.7,0.0
curd,dairy,liquid,high,low,room,32.5,closed,42.1,0.0
roti,veg,bread,low,low,fridge,7.0,closed,44.1,10.27
gulab_jamun,dairy,sweet,high,medium,fridge,7.3,closed,24.8,56.77
pakora,veg,fried,low,high,room,27.0,open,12.2,0.0
paratha,veg,bread,low,high,fridge,6.7,closed,19.0,39.47
plain_rice,veg,rice,medium,low,room,36.7,closed,45.5,0.0
pakora,veg,fried,low,high,room,34.4,closed,20.0,0.0
pakora,veg,fried,low,high,fridge,7.8,closed,7.0,31.33
samosa,veg,fried,low,high,fridge,3.4,closed,33.8,20.44
jeera_rice,veg,rice,medium,low,room,30.2,closed,46.2,0.0
paratha,veg,bread,low,high,room,31.9,open,0.6,17.31
gulab_jamun,dairy,sweet,high,medium,fridge,3.4,closed,19.6,60.24
halwa,veg,sweet,medium,high,room,32.8,closed,44.8,0.0
chicken_curry,nonveg,curry,high,medium,fridge,2.0,open,36.5,0.0
paratha,veg,bread,low,high,room,29.5,open,13.4,7.61
milk,dairy,liquid,high,low,room,26.4,open,2.3,3.64
paratha,veg,bread,low,high,fridge,7.7,open,18.9,26.88
chicken_curry,nonveg,curry,high,medium,fridge,6.7,closed,23.0,5.73
chicken_curry,nonveg,curry,high,medium,fridge,3.6,open,25.5,3.0
roti,veg,bread,low,low,fridge,2.8,open,7.1,51.26
plain_rice,veg,rice,medium,low,fridge,4.7,closed,20.2,22.85
dal_tadka,veg,curry,high,low,room,36.6,open,29.9,0.0
pakora,veg,fried,low,high,room,27.6,open,46.5,0.0
chicken_curry,nonveg,curry,high,medium,room,35.1,open,10.1,0.0
curd,dairy,liquid,high,low,room,35.2,closed,28.0,0.0
veg_pulao,veg,rice,medium,medium,room,34.0,closed,33.8,0.0
naan,veg,bread,low,medium,room,33.3,open,29.8,0.0
paneer_butter_masala,dairy,curry,high,medium,room,33.5,open,3.5,3.38
veg_pulao,veg,rice,medium,medium,fridge,7.0,open,41.6,0.0
pakora,veg,fried,low,high,fridge,5.6,closed,21.8,24.47
idli,veg,breakfast,medium,low,fridge,2.9,closed,24.3,8.29
curd,dairy,liquid,high,low,fridge,7.1,open,38.0,16.51
roti,veg,bread,low,low,room,31.6,open,34.7,0.0
samosa,veg,fried,low,high,room,24.5,closed,16.3,6.81
paneer_butter_masala,dairy,curry,high,medium,fridge,6.9,open,45.9,0.0
paratha,veg,bread,low,high,fridge,5.1,open,16.6,28.54
naan,veg,bread,low,medium,fridge,2.6,open,20.0,30.14
chicken_biryani,nonveg,rice,medium,medium,room,33.7,open,6.5,1.18
dosa,veg,breakfast,medium,low,room,31.4,open,25.3,0.0
curd,dairy,liquid,high,low,room,28.9,closed,21.5,0.0
jeera_rice,veg,rice,medium,low,fridge,6.8,closed,19.5,26.92
jeera_rice,veg,rice,medium,low,room,29.6,open,28.2,0.0
idli,veg,breakfast,medium,low,room,28.4,open,42.4,0.0
samosa,veg,fried,low,high,room,29.4,open,24.6,0.0
roti,veg,bread,low,low,fridge,2.8,closed,10.0,59.87
samosa,veg,fried,low,high,room,24.8,open,43.0,0.0
paneer_butter_masala,dairy,curry,high,medium,fridge,5.1,closed,30.5,6.38
fish_curry,nonveg,curry,high,low,fridge,2.1,closed,24.8,0.0
roti,veg,bread,low,low,room,34.8,closed,28.6,0.0
jeera_rice,veg,rice,medium,low,room,33.7,closed,14.6,0.0
curd,dairy,liquid,high,low,fridge,2.3,open,20.2,20.85
naan,veg,bread,low,medium,room,31.2,open,6.1,9.15
dal_tadka,veg,curry,high,low,fridge,3.3,closed,9.9,22.64
samosa,veg,fried,low,high,room,36.4,closed,28.0,0.0
samosa,veg,fried,low,high,fridge,4.3,open,2.0,43.08
dosa,veg,breakfast,medium,low,fridge,3.3,open,11.4,14.18
jeera_rice,veg,rice,medium,low,room,34.5,open,23.8,0.0
paneer_butter_masala,dairy,curry,high,medium,room,28.0,open,18.9,0.0
chicken_biryani,nonveg,rice,medium,medium,room,25.7,closed,40.1,0.0
milk,dairy,liquid,high,low,room,32.4,open,45.9,0.0
samosa,veg,fried,low,high,room,37.8,closed,15.1,0.0
plain_rice,veg,rice,medium,low,room,31.6,open,0.3,9.42
samosa,veg,fried,low,high,fridge,3.9,open,18.9,12.36
curd,dairy,liquid,high,low,fridge,3.2,open,33.3,9.04
roti,veg,bread,low,low,room,28.8,closed,8.4,12.62
naan,veg,bread,low,medium,room,37.9,closed,26.1,0.0
dal_tadka,veg,curry,high,low,room,24.3,closed,6.7,4.23
dosa,veg,breakfast,medium,low,fridge,2.1,closed,34.4,0.0
chicken_curry,nonveg,curry,high,medium,fridge,4.5,open,28.6,0.91
dal_tadka,veg,curry,high,low,room,33.7,closed,46.4,0.0
pakora,veg,fried,low,high,room,27.1,closed,18.0,0.0
chicken_curry,nonveg,curry,high,medium,fridge,5.6,open,45.6,0.0
samosa,veg,fried,low,high,fridge,6.7,open,8.1,22.39
jeera_rice,veg,rice,medium,low,fridge,4.0,closed,38.7,0.0
halwa,veg,sweet,medium,high,room,26.7,open,38.9,0.0
veg_pulao,veg,rice,medium,medium,fridge,6.9,closed,46.4,0.0
curd,dairy,liquid,high,low,fridge,4.3,open,21.2,20.73
chicken_curry,nonveg,curry,high,medium,fridge,2.0,closed,44.9,0.0
dosa,veg,breakfast,medium,low,fridge,6.6,closed,45.5,0.0
fish_curry,nonveg,curry,high,low,fridge,5.0,open,13.7,4.25
halwa,veg,sweet,medium,high,fridge,6.0,open,25.0,26.7
curd,dairy,liquid,high,low,fridge,6.3,open,20.2,42.99
gulab_jamun,dairy,sweet,high,medium,fridge,4.1,closed,30.5,36.14
dal_tadka,veg,curry,high,low,fridge,7.7,open,10.0,23.17
roti,veg,bread,low,low,fridge,5.2,closed,8.9,38.44
roti,veg,bread,low,low,fridge,2.5,closed,2.3,58.08
samosa,veg,fried,low,high,room,28.0,closed,17.3,0.0
paratha,veg,bread,low,high,fridge,2.9,open,24.7,34.46
idli,veg,breakfast,medium,low,room,26.7,closed,16.6,0.0
curd,dairy,liquid,high,low,fridge,2.6,open,17.9,28.34
samosa,veg,fried,low,high,fridge,2.6,closed,7.1,44.34
fish_curry,nonveg,curry,high,low,room,30.2,open,29.1,0.0
plain_rice,veg,rice,medium,low,room,27.3,closed,45.6,0.0
pakora,veg,fried,low,high,fridge,7.5,open,46.5,0.0
jeera_rice,veg,rice,medium,low,room,27.9,closed,1.8,10.07
paneer_butter_masala,dairy,curry,high,medium,room,32.5,closed,38.6,0.0
curd,dairy,liquid,high,low,room,27.1,open,10.0,0.66
milk,dairy,liquid,high,low,room,27.8,closed,5.2,1.93
roti,veg,bread,low,low,room,26.4,open,13.6,4.55
paneer_butter_masala,dairy,curry,high,medium,fridge,6.1,closed,23.4,1.93
pakora,veg,fried,low,high,fridge,3.0,open,14.4,22.91
fish_curry,nonveg,curry,high,low,fridge,7.9,open,33.3,0.0
idli,veg,breakfast,medium,low,room,27.3,open,28.7,0.0
idli,veg,breakfast,medium,low,room,35.2,open,45.3,0.0
jeera_rice,veg,rice,medium,low,fridge,4.4,open,14.8,23.65
milk,dairy,liquid,high,low,room,36.8,open,24.5,0.0
chicken_curry,nonveg,curry,high,medium,room,35.3,closed,32.8,0.0
roti,veg,bread,low,low,room,24.0,closed,47.0,0.0
idli,veg,breakfast,medium,low,fridge,6.9,closed,32.0,10.56
dal_tadka,veg,curry,high,low,fridge,3.1,closed,8.8,24.8
samosa,veg,fried,low,high,room,37.4,open,21.9,0.0
gulab_jamun,dairy,sweet,high,medium,room,36.4,closed,14.1,1.9
milk,dairy,liquid,high,low,room,26.2,open,43.7,0.0
chicken_biryani,nonveg,rice,medium,medium,room,35.0,closed,45.2,0.0
paratha,veg,bread,low,high,room,26.0,closed,12.4,18.13
chicken_biryani,nonveg,rice,medium,medium,fridge,5.3,closed,4.6,25.81
paneer_butter_masala,dairy,curry,high,medium,fridge,5.9,open,8.8,22.89
milk,dairy,liquid,high,low,room,33.2,open,6.2,0.0
naan,veg,bread,low,medium,fridge,3.7,closed,41.7,8.28
halwa,veg,sweet,medium,high,room,34.7,open,13.0,3.34
gulab_jamun,dairy,sweet,high,medium,room,28.0,closed,15.8,7.77
veg_pulao,veg,rice,medium,medium,fridge,6.9,closed,35.5,0.0
paneer_butter_masala,dairy,curry,high,medium,room,28.4,open,41.2,0.0
chicken_curry,nonveg,curry,high,medium,room,35.4,closed,32.9,0.0
milk,dairy,liquid,high,low,room,33.6,open,35.5,0.0
dal_tadka,veg,curry,high,low,room,26.6,open,23.5,0.0
dal_tadka,veg,curry,high,low,room,27.0,open,32.9,0.0
milk,dairy,liquid,high,low,room,30.5,open,45.0,0.0
fish_curry,nonveg,curry,high,low,room,37.9,closed,37.3,0.0
milk,dairy,liquid,high,low,fridge,7.7,closed,7.9,41.1
paratha,veg,bread,low,high,fridge,6.5,closed,3.6,51.32
paneer_butter_masala,dairy,curry,high,medium,room,32.8,closed,28.6,0.0
curd,dairy,liquid,high,low,room,28.5,open,36.1,0.0
milk,dairy,liquid,high,low,fridge,6.7,closed,35.8,2.26
samosa,veg,fried,low,high,fridge,6.3,open,16.7,23.76
milk,dairy,liquid,high,low,room,26.1,closed,0.7,7.3
roti,veg,bread,low,low,fridge,3.7,closed,11.7,54.12
chicken_biryani,nonveg,rice,medium,medium,fridge,5.9,open,1.5,31.56
samosa,veg,fried,low,high,fridge,8.0,open,17.6,24.81
chicken_curry,nonveg,curry,high,medium,room,25.7,closed,13.3,0.0
plain_rice,veg,rice,medium,low,fridge,6.6,closed,14.7,34.23
veg_pulao,veg,rice,medium,medium,room,25.6,open,21.0,0.0
fish_curry,nonveg,curry,high,low,room,30.0,closed,42.6,0.0
jeera_rice,veg,rice,medium,low,fridge,5.4,open,44.1,0.0
paneer_butter_masala,dairy,curry,high,medium,fridge,2.3,open,44.7,0.0
chicken_curry,nonveg,curry,high,medium,room,29.0,open,1.2,5.29
roti,veg,bread,low,low,fridge,3.2,open,46.7,7.9
gulab_jamun,dairy,sweet,high,medium,room,28.0,closed,0.4,20.66
gulab_jamun,dairy,sweet,high,medium,room,24.4,closed,11.6,8.42
curd,dairy,liquid,high,low,fridge,2.4,open,6.9,36.5
curd,dairy,liquid,high,low,room,25.4,open,47.7,0.0
chicken_biryani,nonveg,rice,medium,medium,room,24.4,open,25.0,0.0
milk,dairy,liquid,high,low,room,29.9,closed,45.0,0.0
dal_tadka,veg,curry,high,low,fridge,4.7,open,15.5,10.67
gulab_jamun,dairy,sweet,high,medium,room,25.5,closed,46.4,0.0
veg_pulao,veg,rice,medium,medium,room,29.4,open,2.6,6.61
halwa,veg,sweet,medium,high,room,27.5,closed,4.5,24.74
pakora,veg,fried,low,high,room,32.5,open,29.5,0.0
fish_curry,nonveg,curry,high,low,fridge,5.8,closed,28.7,0.0
curd,dairy,liquid,high,low,room,25.5,closed,32.2,0.0
veg_pulao,veg,rice,medium,medium,fridge,6.2,closed,45.7,0.0
plain_rice,veg,rice,medium,low,room,31.9,open,33.4,0.0
paneer_butter_masala,dairy,curry,high,medium,room,25.7,closed,45.3,0.0
chicken_biryani,nonveg,rice,medium,medium,fridge,6.4,open,24.8,7.69
jeera_rice,veg,rice,medium,low,fridge,6.7,closed,13.5,20.71
halwa,veg,sweet,medium,high,fridge,2.7,closed,44.2,29.31
dosa,veg,breakfast,medium,low,room,25.2,open,5.4,4.82
chicken_biryani,nonveg,rice,medium,medium,fridge,5.5,open,14.2,14.43
pakora,veg,fried,low,high,room,27.5,open,9.3,4.8
paneer_butter_masala,dairy,curry,high,medium,room,36.9,open,31.2,0.0
chicken_curry,nonveg,curry,high,medium,fridge,5.4,closed,39.5,0.0
plain_rice,veg,rice,medium,low,fridge,7.6,closed,14.3,26.4
idli,veg,breakfast,medium,low,room,27.3,closed,33.8,0.0
samosa,veg,fried,low,high,room,30.4,open,16.2,1.17
paneer_butter_masala,dairy,curry,high,medium,room,30.2,closed,18.8,0.0
gulab_jamun,dairy,sweet,high,medium,room,35.2,closed,27.7,0.0
curd,dairy,liquid,high,low,room,27.3,open,26.8,0.0
roti,veg,bread,low,low,fridge,2.6,closed,10.4,41.94
pakora,veg,fried,low,high,room,37.9,closed,36.4,0.0
pakora,veg,fried,low,high,fridge,7.4,closed,28.2,8.64
dal_tadka,veg,curry,high,low,room,35.0,closed,31.4,0.0
dal_tadka,veg,curry,high,low,room,38.0,closed,14.3,0.0
fish_curry,nonveg,curry,high,low,fridge,5.1,open,15.4,3.14
fish_curry,nonveg,curry,high,low,room,35.9,closed,42.8,0.0
samosa,veg,fried,low,high,fridge,3.4,closed,46.6,3.92
chicken_biryani,nonveg,rice,medium,medium,fridge,3.4,closed,18.2,15.35
samosa,veg,fried,low,high,fridge,3.7,open,32.1,16.52
fish_curry,nonveg,curry,high,low,room,32.6,closed,33.3,0.0
pakora,veg,fried,low,high,fridge,3.8,closed,42.9,5.64
roti,veg,bread,low,low,fridge,3.2,closed,29.4,41.86
chicken_curry,nonveg,curry,high,medium,fridge,7.6,closed,26.4,6.13
veg_pulao,veg,rice,medium,medium,room,28.1,open,21.2,0.0
samosa,veg,fried,low,high,room,33.8,closed,40.8,0.0
paratha,veg,bread,low,high,room,31.4,closed,15.7,10.42
dal_tadka,veg,curry,high,low,room,25.0,closed,12.6,2.79
dosa,veg,breakfast,medium,low,fridge,7.4,open,19.9,15.55
chicken_biryani,nonveg,rice,medium,medium,room,26.7,open,44.4,0.0
idli,veg,breakfast,medium,low,room,37.1,open,2.7,9.51
plain_rice,veg,rice,medium,low,room,25.7,closed,23.0,0.0
milk,dairy,liquid,high,low,room,25.4,closed,16.8,0.0
roti,veg,bread,low,low,room,28.9,closed,32.1,0.0
curd,dairy,liquid,high,low,fridge,7.5,open,30.9,24.39
samosa,veg,fried,low,high,room,31.9,closed,1.0,17.73
jeera_rice,veg,rice,medium,low,room,25.8,closed,15.9,0.0
fish_curry,nonveg,curry,high,low,room,27.2,closed,21.4,0.0
dal_tadka,veg,curry,high,low,room,37.4,open,33.6,0.0
roti,veg,bread,low,low,room,31.2,open,43.1,0.0
idli,veg,breakfast,medium,low,room,31.0,closed,4.7,5.3
samosa,veg,fried,low,high,fridge,4.3,open,15.6,22.46
paratha,veg,bread,low,high,room,30.0,closed,20.6,4.11
paratha,veg,bread,low,high,fridge,6.2,open,14.9,48.39
pakora,veg,fried,low,high,room,25.0,open,0.9,12.63
plain_rice,veg,rice,medium,low,room,25.5,closed,24.4,0.0
dosa,veg,breakfast,medium,low,fridge,3.4,closed,41.8,0.0
halwa,veg,sweet,medium,high,fridge,4.1,open,19.7,35.99
chicken_biryani,nonveg,rice,medium,medium,room,37.1,open,6.7,0.0
dosa,veg,breakfast,medium,low,room,26.8,closed,3.1,7.6
naan,veg,bread,low,medium,room,29.1,closed,22.7,0.0
naan,veg,bread,low,medium,fridge,8.0,open,41.3,0.0
curd,dairy,liquid,high,low,room,33.4,closed,23.1,0.0
dosa,veg,breakfast,medium,low,room,29.9,closed,22.1,0.0
chicken_curry,nonveg,curry,high,medium,room,31.8,open,12.6,0.0
veg_pulao,veg,rice,medium,medium,fridge,5.6,closed,7.2,29.24
paratha,veg,bread,low,high,fridge,7.7,closed,8.9,68.32
curd,dairy,liquid,high,low,room,35.1,closed,2.7,4.86
halwa,veg,sweet,medium,high,fridge,7.2,open,26.7,49.94
plain_rice,veg,rice,medium,low,fridge,3.8,closed,20.3,23.4
dosa,veg,breakfast,medium,low,room,32.4,open,0.1,7.09
naan,veg,bread,low,medium,fridge,2.6,open,24.1,26.4
fish_curry,nonveg,curry,high,low,fridge,7.1,closed,7.1,22.03
naan,veg,bread,low,medium,room,31.0,closed,11.2,6.71
dosa,veg,breakfast,medium,low,room,37.2,open,5.6,0.38
pakora,veg,fried,low,high,fridge,6.3,open,25.3,12.33
chicken_curry,nonveg,curry,high,medium,fridge,5.4,closed,10.6,18.16
dal_tadka,veg,curry,high,low,room,35.1,open,40.2,0.0
milk,dairy,liquid,high,low,fridge,3.2,closed,9.7,44.21
idli,veg,breakfast,medium,low,fridge,3.1,open,7.4,27.34
plain_rice,veg,rice,medium,low,room,27.9,closed,0.9,15.5
samosa,veg,fried,low,high,room,26.8,open,33.0,0.0
paneer_butter_masala,dairy,curry,high,medium,room,29.9,open,27.0,0.0
samosa,veg,fried,low,high,fridge,5.7,open,28.1,20.81
plain_rice,veg,rice,medium,low,room,34.4,open,20.5,0.0
milk,dairy,liquid,high,low,room,35.3,closed,8.4,0.0
chicken_curry,nonveg,curry,high,medium,room,24.6,open,31.0,0.0
plain_rice,veg,rice,medium,low,fridge,6.4,open,24.1,9.78
dosa,veg,breakfast,medium,low,fridge,6.4,closed,27.7,0.96
veg_pulao,veg,rice,medium,medium,fridge,6.3,closed,44.2,0.0
gulab_jamun,dairy,sweet,high,medium,fridge,4.3,open,3.5,68.56
pakora,veg,fried,low,high,fridge,5.3,closed,14.5,30.03
paneer_butter_masala,dairy,curry,high,medium,room,26.8,closed,38.3,0.0
curd,dairy,liquid,high,low,fridge,2.6,closed,40.9,27.46
pakora,veg,fried,low,high,room,25.0,closed,30.4,0.0
paneer_butter_masala,dairy,curry,high,medium,fridge,4.5,open,2.0,20.04
naan,veg,bread,low,medium,fridge,6.8,open,16.6,34.41
chicken_curry,nonveg,curry,high,medium,fridge,6.5,closed,45.7,0.0
halwa,veg,sweet,medium,high,room,24.0,open,34.9,0.0
idli,veg,breakfast,medium,low,room,30.7,open,45.3,0.0
jeera_rice,veg,rice,medium,low,room,27.5,open,32.4,0.0
roti,veg,bread,low,low,fridge,2.5,open,17.5,32.37
dosa,veg,breakfast,medium,low,fridge,3.6,closed,39.3,0.0
milk,dairy,liquid,high,low,fridge,3.9,closed,29.0,7.4
pakora,veg,fried,low,high,fridge,5.6,open,9.5,23.8
jeera_rice,veg,rice,medium,low,fridge,4.0,open,41.0,1.1
idli,veg,breakfast,medium,low,fridge,4.3,open,26.1,4.12
jeera_rice,veg,rice,medium,low,room,33.6,closed,17.2,0.0
roti,veg,bread,low,low,fridge,5.4,closed,3.8,67.72
chicken_curry,nonveg,curry,high,medium,fridge,2.7,closed,4.3,31.77
chicken_curry,nonveg,curry,high,medium,fridge,5.3,open,39.0,0.0
roti,veg,bread,low,low,room,36.2,closed,1.1,14.93
idli,veg,breakfast,medium,low,room,36.1,closed,3.7,9.31
idli,veg,breakfast,medium,low,fridge,4.7,open,37.4,0.0
veg_pulao,veg,rice,medium,medium,room,31.2,open,29.6,0.0
milk,dairy,liquid,high,low,fridge,7.1,closed,36.9,6.45
chicken_curry,nonveg,curry,high,medium,fridge,4.8,closed,31.8,0.0
samosa,veg,fried,low,high,room,34.7,closed,23.4,0.0
paneer_butter_masala,dairy,curry,high,medium,fridge,5.6,open,24.2,0.32
chicken_biryani,nonveg,rice,medium,medium,room,24.3,closed,29.9,0.0
samosa,veg,fried,low,high,room,30.6,closed,12.4,3.49
milk,dairy,liquid,high,low,room,35.3,closed,30.1,0.0
chicken_curry,nonveg,curry,high,medium,room,33.5,open,14.6,0.0
chicken_curry,nonveg,curry,high,medium,room,24.3,closed,16.3,0.0
plain_rice,veg,rice,medium,low,room,24.3,closed,27.3,0.0
jeera_rice,veg,rice,medium,low,room,24.6,open,22.4,0.0
pakora,veg,fried,low,high,fridge,2.4,closed,43.1,0.0
samosa,veg,fried,low,high,room,25.3,closed,13.2,10.88
paratha,veg,bread,low,high,room,35.1,closed,27.6,0.0
chicken_biryani,nonveg,rice,medium,medium,fridge,4.2,closed,32.4,3.48
curd,dairy,liquid,high,low,fridge,7.0,open,4.2,39.86
chicken_biryani,nonveg,rice,medium,medium,room,28.2,closed,43.4,0.0
halwa,veg,sweet,medium,high,fridge,3.6,closed,37.9,23.11
roti,veg,bread,low,low,fridge,3.7,closed,45.0,5.8
paneer_butter_masala,dairy,curry,high,medium,fridge,4.7,open,12.5,16.38
fish_curry,nonveg,curry,high,low,room,34.3,open,45.6,0.0
chicken_curry,nonveg,curry,high,medium,fridge,6.6,closed,30.9,4.84
pakora,veg,fried,low,high,room,25.7,open,7.7,8.78
veg_pulao,veg,rice,medium,medium,room,30.9,closed,10.6,0.0
samosa,veg,fried,low,high,room,33.6,closed,28.8,0.0
roti,veg,bread,low,low,room,30.0,open,10.9,6.84
samosa,veg,fried,low,high,fridge,2.1,closed,42.5,3.59
gulab_jamun,dairy,sweet,high,medium,room,25.9,open,6.0,13.65
fish_curry,nonveg,curry,high,low,room,25.4,closed,24.9,0.0
gulab_jamun,dairy,sweet,high,medium,room,30.2,closed,14.0,4.45
halwa,veg,sweet,medium,high,room,25.2,closed,44.0,0.0
chicken_curry,nonveg,curry,high,medium,fridge,2.7,closed,34.5,0.41
chicken_curry,nonveg,curry,high,medium,fridge,3.9,closed,37.7,0.0
chicken_curry,nonveg,curry,high,medium,fridge,5.9,open,34.3,0.0
halwa,veg,sweet,medium,high,fridge,7.5,open,7.7,43.4
roti,veg,bread,low,low,room,32.6,closed,43.9,0.0
dal_tadka,veg,curry,high,low,room,32.5,closed,8.2,5.88
veg_pulao,veg,rice,medium,medium,fridge,6.1,closed,39.8,0.26
samosa,veg,fried,low,high,fridge,5.6,open,13.8,25.11
dosa,veg,breakfast,medium,low,room,36.4,closed,34.1,0.0
roti,veg,bread,low,low,room,31.2,open,19.3,0.0
roti,veg,bread,low,low,fridge,4.2,closed,5.1,48.65
halwa,veg,sweet,medium,high,fridge,2.2,closed,33.3,51.41
jeera_rice,veg,rice,medium,low,fridge,3.6,closed,32.1,15.98
dosa,veg,breakfast,medium,low,room,37.7,open,5.6,2.02
gulab_jamun,dairy,sweet,high,medium,fridge,4.5,open,23.4,38.51
curd,dairy,liquid,high,low,fridge,3.6,open,46.9,9.43
roti,veg,bread,low,low,fridge,2.8,closed,48.0,0.0
paratha,veg,bread,low,high,room,31.9,closed,2.4,15.21
fish_curry,nonveg,curry,high,low,room,29.7,open,6.9,1.5
pakora,veg,fried,low,high,fridge,5.1,open,21.4,18.7
paratha,veg,bread,low,high,fridge,6.9,open,36.1,31.56
naan,veg,bread,low,medium,room,31.4,closed,1.2,14.24
curd,dairy,liquid,high,low,room,31.5,open,35.3,0.0
halwa,veg,sweet,medium,high,room,25.8,open,10.2,13.71
milk,dairy,liquid,high,low,room,25.6,closed,9.1,0.35
roti,veg,bread,low,low,room,33.9,closed,8.2,11.31
milk,dairy,liquid,high,low,room,30.6,closed,19.1,0.0
naan,veg,bread,low,medium,fridge,5.8,open,21.6,21.52
fish_curry,nonveg,curry,high,low,fridge,7.9,closed,13.6,9.92
roti,veg,bread,low,low,room,25.3,closed,10.6,13.92
curd,dairy,liquid,high,low,room,32.3,closed,43.9,0.0
jeera_rice,veg,rice,medium,low,fridge,3.1,closed,20.8,21.52
pakora,veg,fried,low,high,room,25.0,open,7.3,3.76
dosa,veg,breakfast,medium,low,fridge,6.8,closed,30.5,0.0
milk,dairy,liquid,high,low,room,26.3,open,15.5,0.0
milk,dairy,liquid,high,low,room,30.3,closed,26.7,0.0
chicken_curry,nonveg,curry,high,medium,room,31.1,open,18.2,0.0
samosa,veg,fried,low,high,room,25.5,open,40.5,0.0
pakora,veg,fried,low,high,fridge,7.4,open,10.4,22.86
chicken_biryani,nonveg,rice,medium,medium,fridge,6.1,closed,11.5,27.77
halwa,veg,sweet,medium,high,fridge,4.0,closed,1.5,62.07
dal_tadka,veg,curry,high,low,fridge,5.5,closed,30.7,17.01
jeera_rice,veg,rice,medium,low,room,28.3,open,26.3,0.0
halwa,veg,sweet,medium,high,fridge,7.5,closed,20.7,48.03
dosa,veg,breakfast,medium,low,room,32.6,closed,34.9,0.0
chicken_curry,nonveg,curry,high,medium,room,37.3,closed,17.3,0.0
samosa,veg,fried,low,high,fridge,7.7,closed,10.4,39.99
paratha,veg,bread,low,high,fridge,2.6,open,5.8,37.83
naan,veg,bread,low,medium,room,33.0,open,7.6,7.91
halwa,veg,sweet,medium,high,fridge,3.7,closed,43.2,16.95
paratha,veg,bread,low,high,fridge,8.0,open,12.5,50.82
chicken_curry,nonveg,curry,high,medium,room,25.0,open,25.9,0.0
chicken_curry,nonveg,curry,high,medium,room,30.9,closed,41.1,0.0
curd,dairy,liquid,high,low,fridge,3.7,closed,14.8,46.93
idli,veg,breakfast,medium,low,room,30.5,open,9.6,0.7
dal_tadka,veg,curry,high,low,room,25.2,closed,24.4,0.0
chicken_curry,nonveg,curry,high,medium,room,37.8,closed,25.7,0.0
paratha,veg,bread,low,high,room,37.7,open,40.0,0.0
gulab_jamun,dairy,sweet,high,medium,fridge,6.2,closed,34.1,24.67
milk,dairy,liquid,high,low,fridge,3.8,closed,11.5,47.72
dosa,veg,breakfast,medium,low,room,36.5,open,23.2,0.0
pakora,veg,fried,low,high,fridge,7.3,open,28.3,10.61
naan,veg,bread,low,medium,room,25.9,open,24.0,0.0
fish_curry,nonveg,curry,high,low,fridge,5.0,open,45.6,0.0
chicken_biryani,nonveg,rice,medium,medium,room,29.1,closed,3.6,8.37
dosa,veg,breakfast,medium,low,room,36.7,open,40.2,0.0
milk,dairy,liquid,high,low,fridge,2.5,open,17.8,28.55
roti,veg,bread,low,low,room,32.7,open,21.9,0.0
halwa,veg,sweet,medium,high,room,30.8,closed,23.0,5.09
milk,dairy,liquid,high,low,room,29.3,open,7.7,0.0
paneer_butter_masala,dairy,curry,high,medium,fridge,5.0,open,13.7,6.33
jeera_rice,veg,rice,medium,low,fridge,4.2,open,10.3,16.71
halwa,veg,sweet,medium,high,room,29.9,closed,11.0,18.45
plain_rice,veg,rice,medium,low,room,36.0,closed,43.3,0.0
milk,dairy,liquid,high,low,room,31.3,closed,3.8,3.25
chicken_biryani,nonveg,rice,medium,medium,room,35.4,closed,24.9,0.0
plain_rice,veg,rice,medium,low,fridge,7.5,open,44.0,0.0
jeera_rice,veg,rice,medium,low,fridge,3.9,open,0.2,38.07
idli,veg,breakfast,medium,low,room,30.5,open,35.7,0.0
halwa,veg,sweet,medium,high,room,29.0,open,22.0,5.4
roti,veg,bread,low,low,room,24.6,open,7.2,15.53
idli,veg,breakfast,medium,low,fridge,7.2,closed,36.5,2.64
curd,dairy,liquid,high,low,fridge,4.1,open,9.4,53.22
samosa,veg,fried,low,high,fridge,3.0,open,24.1,21.73
dal_tadka,veg,curry,high,low,fridge,5.4,open,43.8,0.0
naan,veg,bread,low,medium,room,37.2,closed,28.8,0.0
chicken_biryani,nonveg,rice,medium,medium,fridge,7.2,closed,37.6,0.0
roti,veg,bread,low,low,room,25.9,closed,20.8,0.74
veg_pulao,veg,rice,medium,medium,room,29.7,closed,20.5,0.0
naan,veg,bread,low,medium,fridge,7.3,closed,12.3,39.42
samosa,veg,fried,low,high,room,24.5,closed,35.6,0.0
gulab_jamun,dairy,sweet,high,medium,room,26.8,open,31.2,0.0
halwa,veg,sweet,medium,high,room,27.8,closed,38.4,0.0
plain_rice,veg,rice,medium,low,room,25.3,closed,20.3,0.0
plain_rice,veg,rice,medium,low,fridge,3.7,open,16.5,9.52
curd,dairy,liquid,high,low,room,33.5,open,44.2,0.0
milk,dairy,liquid,high,low,room,37.0,open,3.8,0.81
milk,dairy,liquid,high,low,room,28.4,open,21.3,0.0
halwa,veg,sweet,medium,high,room,32.8,open,13.9,3.76
paneer_butter_masala,dairy,curry,high,medium,room,33.8,open,18.7,0.0
veg_pulao,veg,rice,medium,medium,room,25.8,closed,45.5,0.0
samosa,veg,fried,low,high,room,37.8,open,26.3,0.0
dal_tadka,veg,curry,high,low,fridge,5.2,closed,27.4,5.33
naan,veg,bread,low,medium,room,33.4,closed,47.4,0.0
pakora,veg,fried,low,high,room,34.2,open,47.7,0.0
fish_curry,nonveg,curry,high,low,room,30.6,open,32.3,0.0
chicken_biryani,nonveg,rice,medium,medium,room,30.9,open,28.9,0.0
plain_rice,veg,rice,medium,low,room,26.8,open,34.8,0.0
dosa,veg,breakfast,medium,low,fridge,5.5,open,14.0,9.43
fish_curry,nonveg,curry,high,low,fridge,4.6,closed,40.7,0.0
paneer_butter_masala,dairy,curry,high,medium,fridge,6.7,open,24.5,0.0
jeera_rice,veg,rice,medium,low,room,29.9,open,4.9,7.82
halwa,veg,sweet,medium,high,fridge,5.5,open,31.8,41.15
idli,veg,breakfast,medium,low,room,28.0,open,9.2,4.99
idli,veg,breakfast,medium,low,fridge,7.7,open,3.5,31.01
pakora,veg,fried,low,high,fridge,7.7,open,10.0,17.79
dosa,veg,breakfast,medium,low,room,26.3,closed,22.7,0.0
halwa,veg,sweet,medium,high,fridge,2.6,closed,16.8,43.13
veg_pulao,veg,rice,medium,medium,room,35.0,closed,19.5,0.0
gulab_jamun,dairy,sweet,high,medium,room,34.4,closed,7.2,13.54
roti,veg,bread,low,low,room,37.3,open,41.5,0.0
samosa,veg,fried,low,high,room,24.5,closed,3.3,20.47
chicken_curry,nonveg,curry,high,medium,room,33.8,open,6.8,1.77
paneer_butter_masala,dairy,curry,high,medium,room,34.3,open,36.3,0.0
paratha,veg,bread,low,high,fridge,7.7,closed,31.2,29.34
dosa,veg,breakfast,medium,low,room,24.9,open,2.4,8.61
jeera_rice,veg,rice,medium,low,room,37.1,open,12.3,0.0
paratha,veg,bread,low,high,room,33.5,closed,14.4,5.6
chicken_biryani,nonveg,rice,medium,medium,room,29.3,open,11.9,0.0
naan,veg,bread,low,medium,room,28.3,closed,22.8,0.0
fish_curry,nonveg,curry,high,low,fridge,5.6,open,29.9,0.0
plain_rice,veg,rice,medium,low,room,32.0,closed,41.6,0.0
chicken_biryani,nonveg,rice,medium,medium,room,32.8,closed,44.8,0.0
dosa,veg,breakfast,medium,low,room,34.3,closed,5.3,6.02
gulab_jamun,dairy,sweet,high,medium,room,32.8,closed,42.3,0.0
paneer_butter_masala,dairy,curry,high,medium,room,28.4,closed,17.5,0.0
idli,veg,breakfast,medium,low,room,37.5,closed,36.5,0.0
paneer_butter_masala,dairy,curry,high,medium,fridge,6.4,open,29.4,0.0
gulab_jamun,dairy,sweet,high,medium,fridge,6.0,closed,39.8,44.9
chicken_curry,nonveg,curry,high,medium,fridge,5.2,open,5.9,14.8
dal_tadka,veg,curry,high,low,fridge,2.5,closed,39.0,5.01
jeera_rice,veg,rice,medium,low,room,31.4,closed,21.7,0.0
roti,veg,bread,low,low,fridge,2.7,open,7.2,51.78
fish_curry,nonveg,curry,high,low,room,26.7,open,26.8,0.0
chicken_biryani,nonveg,rice,medium,medium,fridge,7.5,closed,43.0,0.0
pakora,veg,fried,low,high,fridge,3.2,open,20.7,5.54
pakora,veg,fried,low,high,room,25.6,closed,3.5,8.52
dosa,veg,breakfast,medium,low,room,34.3,closed,14.1,0.0
samosa,veg,fried,low,high,room,27.9,closed,45.7,0.0
idli,veg,breakfast,medium,low,fridge,6.0,closed,7.1,28.78
